<?xml version="1.0" ?><gpx xmlns="http://www.topografix.com/GPX/1/1" creator="GaiaGPS" version="1.1" xmlns:xsi="http://www.w3.org/2001/XMLSchema-instance" xsi:schemaLocation="http://www.topografix.com/GPX/1/1 http://www.topografix.com/GPX/1/1/gpx.xsd"><rte><name>Porcupine mountains trail</name><desc></desc><extensions><line xmlns="http://www.topografix.com/GPX/gpx_style/0/2"><color>00A478</color></line></extensions><rtept lat="46.817716" lon="-89.69504"><ele>301.3</ele><time>2026-07-16T00:57:56Z</time></rtept><rtept lat="46.817679" lon="-89.695076"><ele>301.8</ele><time>2026-07-16T00:57:56Z</time></rtept><rtept lat="46.817599" lon="-89.695149"><ele>303.3</ele><time>2026-07-16T00:57:56Z</time></rtept><rtept lat="46.817496" lon="-89.695191"><ele>305.3</ele><time>2026-07-16T00:57:56Z</time></rtept><rtept lat="46.817408" lon="-89.695224"><ele>307.0</ele><time>2026-07-16T00:57:56Z</time></rtept><rtept lat="46.817325" lon="-89.695224"><ele>308.2</ele><time>2026-07-16T00:57:56Z</time></rtept><rtept lat="46.817219" lon="-89.695253"><ele>309.4</ele><time>2026-07-16T00:57:56Z</time></rtept><rtept lat="46.817145" lon="-89.695269"><ele>310.3</ele><time>2026-07-16T00:57:56Z</time></rtept><rtept lat="46.817066" lon="-89.69532"><ele>311.4</ele><time>2026-07-16T00:57:56Z</time></rtept><rtept lat="46.817004" lon="-89.695358"><ele>312.4</ele><time>2026-07-16T00:57:56Z</time></rtept><rtept lat="46.816908" lon="-89.695454"><ele>314.2</ele><time>2026-07-16T00:57:56Z</time></rtept><rtept lat="46.816828" lon="-89.695516"><ele>315.5</ele><time>2026-07-16T00:57:56Z</time></rtept><rtept lat="46.816738" lon="-89.695645"><ele>317.3</ele><time>2026-07-16T00:57:56Z</time></rtept><rtept lat="46.81665" lon="-89.695752"><ele>318.9</ele><time>2026-07-16T00:57:56Z</time></rtept><rtept lat="46.816558" lon="-89.695892"><ele>320.8</ele><time>2026-07-16T00:57:56Z</time></rtept><rtept lat="46.816525" lon="-89.696039"><ele>321.8</ele><time>2026-07-16T00:57:56Z</time></rtept><rtept lat="46.816492" lon="-89.69616"><ele>322.7</ele><time>2026-07-16T00:57:56Z</time></rtept><rtept lat="46.816448" lon="-89.696318"><ele>324.1</ele><time>2026-07-16T00:57:56Z</time></rtept><rtept lat="46.816407" lon="-89.69639"><ele>324.9</ele><time>2026-07-16T00:57:56Z</time></rtept><rtept lat="46.81634" lon="-89.696452"><ele>325.6</ele><time>2026-07-16T00:57:56Z</time></rtept><rtept lat="46.816285" lon="-89.696518"><ele>326.2</ele><time>2026-07-16T00:57:56Z</time></rtept><rtept lat="46.816242" lon="-89.69657"><ele>326.7</ele><time>2026-07-16T00:57:56Z</time></rtept><rtept lat="46.816183" lon="-89.696677"><ele>327.5</ele><time>2026-07-16T00:57:56Z</time></rtept><rtept lat="46.816119" lon="-89.696774"><ele>328.3</ele><time>2026-07-16T00:57:56Z</time></rtept><rtept lat="46.816059" lon="-89.696908"><ele>329.2</ele><time>2026-07-16T00:57:56Z</time></rtept><rtept lat="46.816009" lon="-89.697042"><ele>330.7</ele><time>2026-07-16T00:57:56Z</time></rtept><rtept lat="46.815976" lon="-89.697139"><ele>332.1</ele><time>2026-07-16T00:57:56Z</time></rtept><rtept lat="46.815912" lon="-89.697233"><ele>333.8</ele><time>2026-07-16T00:57:56Z</time></rtept><rtept lat="46.815877" lon="-89.697313"><ele>334.9</ele><time>2026-07-16T00:57:56Z</time></rtept><rtept lat="46.815812" lon="-89.697505"><ele>337.2</ele><time>2026-07-16T00:57:56Z</time></rtept><rtept lat="46.815752" lon="-89.697604"><ele>338.0</ele><time>2026-07-16T00:57:56Z</time></rtept><rtept lat="46.815723" lon="-89.697726"><ele>338.6</ele><time>2026-07-16T00:57:56Z</time></rtept><rtept lat="46.815703" lon="-89.697828"><ele>339.7</ele><time>2026-07-16T00:57:56Z</time></rtept><rtept lat="46.81566" lon="-89.697925"><ele>341.5</ele><time>2026-07-16T00:57:56Z</time></rtept><rtept lat="46.815646" lon="-89.69804"><ele>343.3</ele><time>2026-07-16T00:57:56Z</time></rtept><rtept lat="46.815608" lon="-89.698119"><ele>344.8</ele><time>2026-07-16T00:57:56Z</time></rtept><rtept lat="46.815567" lon="-89.698236"><ele>347.0</ele><time>2026-07-16T00:57:56Z</time></rtept><rtept lat="46.815537" lon="-89.698299"><ele>348.2</ele><time>2026-07-16T00:57:56Z</time></rtept><rtept lat="46.815503" lon="-89.698398"><ele>350.1</ele><time>2026-07-16T00:57:56Z</time></rtept><rtept lat="46.815476" lon="-89.69844"><ele>351.1</ele><time>2026-07-16T00:57:56Z</time></rtept><rtept lat="46.815459" lon="-89.698515"><ele>352.6</ele><time>2026-07-16T00:57:56Z</time></rtept><rtept lat="46.815439" lon="-89.698592"><ele>354.3</ele><time>2026-07-16T00:57:56Z</time></rtept><rtept lat="46.815403" lon="-89.698669"><ele>356.0</ele><time>2026-07-16T00:57:56Z</time></rtept><rtept lat="46.815334" lon="-89.698778"><ele>358.5</ele><time>2026-07-16T00:57:56Z</time></rtept><rtept lat="46.815292" lon="-89.698843"><ele>360.1</ele><time>2026-07-16T00:57:56Z</time></rtept><rtept lat="46.815247" lon="-89.698901"><ele>361.7</ele><time>2026-07-16T00:57:56Z</time></rtept><rtept lat="46.815203" lon="-89.698901"><ele>362.3</ele><time>2026-07-16T00:57:56Z</time></rtept><rtept lat="46.815162" lon="-89.698918"><ele>363.1</ele><time>2026-07-16T00:57:56Z</time></rtept><rtept lat="46.815117" lon="-89.698965"><ele>364.2</ele><time>2026-07-16T00:57:56Z</time></rtept><rtept lat="46.815075" lon="-89.699016"><ele>365.1</ele><time>2026-07-16T00:57:56Z</time></rtept><rtept lat="46.815034" lon="-89.699047"><ele>365.7</ele><time>2026-07-16T00:57:56Z</time></rtept><rtept lat="46.814999" lon="-89.699102"><ele>366.6</ele><time>2026-07-16T00:57:56Z</time></rtept><rtept lat="46.814948" lon="-89.699188"><ele>368.0</ele><time>2026-07-16T00:57:56Z</time></rtept><rtept lat="46.814922" lon="-89.69924"><ele>369.0</ele><time>2026-07-16T00:57:56Z</time></rtept><rtept lat="46.814911" lon="-89.699318"><ele>370.2</ele><time>2026-07-16T00:57:56Z</time></rtept><rtept lat="46.814892" lon="-89.699419"><ele>371.7</ele><time>2026-07-16T00:57:56Z</time></rtept><rtept lat="46.814865" lon="-89.699487"><ele>372.9</ele><time>2026-07-16T00:57:56Z</time></rtept><rtept lat="46.814843" lon="-89.699546"><ele>374.0</ele><time>2026-07-16T00:57:56Z</time></rtept><rtept lat="46.814819" lon="-89.69957"><ele>374.1</ele><time>2026-07-16T00:57:56Z</time></rtept><rtept lat="46.81476" lon="-89.69964"><ele>374.6</ele><time>2026-07-16T00:57:56Z</time></rtept><rtept lat="46.814731" lon="-89.699703"><ele>375.3</ele><time>2026-07-16T00:57:56Z</time></rtept><rtept lat="46.814745" lon="-89.699785"><ele>377.1</ele><time>2026-07-16T00:57:56Z</time></rtept><rtept lat="46.814806" lon="-89.699825"><ele>379.1</ele><time>2026-07-16T00:57:56Z</time></rtept><rtept lat="46.814877" lon="-89.699821"><ele>380.3</ele><time>2026-07-16T00:57:56Z</time></rtept><rtept lat="46.814928" lon="-89.699923"><ele>383.4</ele><time>2026-07-16T00:57:56Z</time></rtept><rtept lat="46.815074" lon="-89.699909"><ele>385.4</ele><time>2026-07-16T00:57:56Z</time></rtept><rtept lat="46.815183" lon="-89.700068"><ele>389.5</ele><time>2026-07-16T00:57:56Z</time></rtept><rtept lat="46.815293" lon="-89.700271"><ele>391.1</ele><time>2026-07-16T00:57:56Z</time></rtept><rtept lat="46.815365" lon="-89.700687"><ele>398.7</ele><time>2026-07-16T00:57:56Z</time></rtept><rtept lat="46.815271" lon="-89.700864"><ele>403.1</ele><time>2026-07-16T00:57:56Z</time></rtept><rtept lat="46.815216" lon="-89.701092"><ele>407.6</ele><time>2026-07-16T00:57:56Z</time></rtept><rtept lat="46.815096" lon="-89.701071"><ele>408.1</ele><time>2026-07-16T00:57:56Z</time></rtept><rtept lat="46.814992" lon="-89.701331"><ele>411.3</ele><time>2026-07-16T00:57:56Z</time></rtept><rtept lat="46.815009" lon="-89.701508"><ele>413.5</ele><time>2026-07-16T00:57:56Z</time></rtept><rtept lat="46.814966" lon="-89.701803"><ele>418.2</ele><time>2026-07-16T00:57:56Z</time></rtept><rtept lat="46.814888" lon="-89.701977"><ele>422.2</ele><time>2026-07-16T00:57:56Z</time></rtept><rtept lat="46.814944" lon="-89.702382"><ele>425.9</ele><time>2026-07-16T00:57:56Z</time></rtept><rtept lat="46.814926" lon="-89.702514"><ele>426.6</ele><time>2026-07-16T00:57:56Z</time></rtept><rtept lat="46.814979" lon="-89.702785"><ele>428.2</ele><time>2026-07-16T00:57:56Z</time></rtept><rtept lat="46.814973" lon="-89.702967"><ele>429.6</ele><time>2026-07-16T00:57:56Z</time></rtept><rtept lat="46.815022" lon="-89.703302"><ele>431.8</ele><time>2026-07-16T00:57:56Z</time></rtept><rtept lat="46.814832" lon="-89.703603"><ele>437.7</ele><time>2026-07-16T00:57:56Z</time></rtept><rtept lat="46.814762" lon="-89.703577"><ele>436.8</ele><time>2026-07-16T00:57:56Z</time></rtept><rtept lat="46.8147" lon="-89.703617"><ele>436.9</ele><time>2026-07-16T00:57:56Z</time></rtept><rtept lat="46.814696" lon="-89.703835"><ele>439.9</ele><time>2026-07-16T00:57:56Z</time></rtept><rtept lat="46.814654" lon="-89.704222"><ele>441.8</ele><time>2026-07-16T00:57:56Z</time></rtept><rtept lat="46.8147" lon="-89.704389"><ele>440.9</ele><time>2026-07-16T00:57:56Z</time></rtept><rtept lat="46.814799" lon="-89.704528"><ele>439.3</ele><time>2026-07-16T00:57:56Z</time></rtept><rtept lat="46.814976" lon="-89.704933"><ele>435.5</ele><time>2026-07-16T00:57:56Z</time></rtept><rtept lat="46.814957" lon="-89.70504"><ele>435.6</ele><time>2026-07-16T00:57:56Z</time></rtept><rtept lat="46.815036" lon="-89.705269"><ele>434.5</ele><time>2026-07-16T00:57:56Z</time></rtept><rtept lat="46.815033" lon="-89.705596"><ele>433.5</ele><time>2026-07-16T00:57:56Z</time></rtept><rtept lat="46.815095" lon="-89.705979"><ele>432.6</ele><time>2026-07-16T00:57:56Z</time></rtept><rtept lat="46.815062" lon="-89.706038"><ele>433.1</ele><time>2026-07-16T00:57:56Z</time></rtept><rtept lat="46.815034" lon="-89.706376"><ele>433.5</ele><time>2026-07-16T00:57:56Z</time></rtept><rtept lat="46.814928" lon="-89.706618"><ele>435.0</ele><time>2026-07-16T00:57:56Z</time></rtept><rtept lat="46.814823" lon="-89.707141"><ele>436.9</ele><time>2026-07-16T00:57:56Z</time></rtept><rtept lat="46.814867" lon="-89.707336"><ele>436.5</ele><time>2026-07-16T00:57:56Z</time></rtept><rtept lat="46.814805" lon="-89.70746"><ele>436.8</ele><time>2026-07-16T00:57:56Z</time></rtept><rtept lat="46.814792" lon="-89.70775"><ele>437.2</ele><time>2026-07-16T00:57:56Z</time></rtept><rtept lat="46.814704" lon="-89.708031"><ele>438.8</ele><time>2026-07-16T00:57:56Z</time></rtept><rtept lat="46.81464" lon="-89.708106"><ele>440.1</ele><time>2026-07-16T00:57:56Z</time></rtept><rtept lat="46.81456" lon="-89.708334"><ele>442.2</ele><time>2026-07-16T00:57:56Z</time></rtept><rtept lat="46.814491" lon="-89.708519"><ele>442.9</ele><time>2026-07-16T00:57:56Z</time></rtept><rtept lat="46.814385" lon="-89.70864"><ele>444.4</ele><time>2026-07-16T00:57:56Z</time></rtept><rtept lat="46.814142" lon="-89.708863"><ele>450.6</ele><time>2026-07-16T00:57:56Z</time></rtept><rtept lat="46.813973" lon="-89.708916"><ele>453.2</ele><time>2026-07-16T00:57:56Z</time></rtept><rtept lat="46.813764" lon="-89.708959"><ele>452.8</ele><time>2026-07-16T00:57:56Z</time></rtept><rtept lat="46.813701" lon="-89.709192"><ele>454.2</ele><time>2026-07-16T00:57:56Z</time></rtept><rtept lat="46.813601" lon="-89.7093"><ele>453.1</ele><time>2026-07-16T00:57:56Z</time></rtept><rtept lat="46.813632" lon="-89.709404"><ele>455.6</ele><time>2026-07-16T00:57:56Z</time></rtept><rtept lat="46.813617" lon="-89.709742"><ele>460.2</ele><time>2026-07-16T00:57:56Z</time></rtept><rtept lat="46.813583" lon="-89.709895"><ele>462.1</ele><time>2026-07-16T00:57:56Z</time></rtept><rtept lat="46.813619" lon="-89.710164"><ele>469.0</ele><time>2026-07-16T00:57:56Z</time></rtept><rtept lat="46.813589" lon="-89.710309"><ele>471.1</ele><time>2026-07-16T00:57:56Z</time></rtept><rtept lat="46.813534" lon="-89.710431"><ele>473.0</ele><time>2026-07-16T00:57:56Z</time></rtept><rtept lat="46.813567" lon="-89.710591"><ele>476.2</ele><time>2026-07-16T00:57:56Z</time></rtept><rtept lat="46.813537" lon="-89.710716"><ele>476.7</ele><time>2026-07-16T00:57:56Z</time></rtept><rtept lat="46.813515" lon="-89.710861"><ele>477.4</ele><time>2026-07-16T00:57:56Z</time></rtept><rtept lat="46.813484" lon="-89.711001"><ele>478.2</ele><time>2026-07-16T00:57:56Z</time></rtept><rtept lat="46.81345" lon="-89.711159"><ele>478.4</ele><time>2026-07-16T00:57:56Z</time></rtept><rtept lat="46.813441" lon="-89.711285"><ele>478.9</ele><time>2026-07-16T00:57:56Z</time></rtept><rtept lat="46.813417" lon="-89.711695"><ele>479.7</ele><time>2026-07-16T00:57:56Z</time></rtept><rtept lat="46.813465" lon="-89.712071"><ele>482.2</ele><time>2026-07-16T00:57:56Z</time></rtept><rtept lat="46.813417" lon="-89.712135"><ele>480.8</ele><time>2026-07-16T00:57:56Z</time></rtept><rtept lat="46.813388" lon="-89.712604"><ele>479.5</ele><time>2026-07-16T00:57:56Z</time></rtept><rtept lat="46.813416" lon="-89.712902"><ele>480.9</ele><time>2026-07-16T00:57:56Z</time></rtept><rtept lat="46.813376" lon="-89.713017"><ele>480.0</ele><time>2026-07-16T00:57:56Z</time></rtept><rtept lat="46.813387" lon="-89.713167"><ele>480.7</ele><time>2026-07-16T00:57:56Z</time></rtept><rtept lat="46.813369" lon="-89.71321"><ele>480.1</ele><time>2026-07-16T00:57:56Z</time></rtept><rtept lat="46.813368" lon="-89.713208"><ele>480.1</ele><time>2026-07-16T00:57:56Z</time></rtept><rtept lat="46.813297" lon="-89.713384"><ele>477.7</ele><time>2026-07-16T00:57:56Z</time></rtept><rtept lat="46.813252" lon="-89.713727"><ele>476.9</ele><time>2026-07-16T00:57:56Z</time></rtept><rtept lat="46.81334" lon="-89.714112"><ele>478.7</ele><time>2026-07-16T00:57:56Z</time></rtept><rtept lat="46.813357" lon="-89.71433"><ele>478.9</ele><time>2026-07-16T00:57:56Z</time></rtept><rtept lat="46.813295" lon="-89.714493"><ele>477.8</ele><time>2026-07-16T00:57:56Z</time></rtept><rtept lat="46.813317" lon="-89.714697"><ele>478.2</ele><time>2026-07-16T00:57:56Z</time></rtept><rtept lat="46.813272" lon="-89.714925"><ele>477.4</ele><time>2026-07-16T00:57:56Z</time></rtept><rtept lat="46.813277" lon="-89.715023"><ele>477.6</ele><time>2026-07-16T00:57:56Z</time></rtept><rtept lat="46.813245" lon="-89.715231"><ele>477.4</ele><time>2026-07-16T00:57:56Z</time></rtept><rtept lat="46.813255" lon="-89.715424"><ele>477.5</ele><time>2026-07-16T00:57:56Z</time></rtept><rtept lat="46.813324" lon="-89.715745"><ele>477.8</ele><time>2026-07-16T00:57:56Z</time></rtept><rtept lat="46.813371" lon="-89.715965"><ele>477.5</ele><time>2026-07-16T00:57:56Z</time></rtept><rtept lat="46.813365" lon="-89.716095"><ele>476.8</ele><time>2026-07-16T00:57:56Z</time></rtept><rtept lat="46.813435" lon="-89.716652"><ele>476.6</ele><time>2026-07-16T00:57:56Z</time></rtept><rtept lat="46.813404" lon="-89.716958"><ele>474.6</ele><time>2026-07-16T00:57:56Z</time></rtept><rtept lat="46.813411" lon="-89.717111"><ele>475.2</ele><time>2026-07-16T00:57:56Z</time></rtept><rtept lat="46.813395" lon="-89.717424"><ele>475.4</ele><time>2026-07-16T00:57:56Z</time></rtept><rtept lat="46.813339" lon="-89.717676"><ele>474.2</ele><time>2026-07-16T00:57:56Z</time></rtept><rtept lat="46.813322" lon="-89.717861"><ele>474.5</ele><time>2026-07-16T00:57:56Z</time></rtept><rtept lat="46.813304" lon="-89.718129"><ele>474.9</ele><time>2026-07-16T00:57:56Z</time></rtept><rtept lat="46.813296" lon="-89.718176"><ele>474.8</ele><time>2026-07-16T00:57:56Z</time></rtept><rtept lat="46.813268" lon="-89.718296"><ele>474.5</ele><time>2026-07-16T00:57:56Z</time></rtept><rtept lat="46.813257" lon="-89.718486"><ele>474.8</ele><time>2026-07-16T00:57:56Z</time></rtept><rtept lat="46.813239" lon="-89.718702"><ele>475.1</ele><time>2026-07-16T00:57:56Z</time></rtept><rtept lat="46.81317" lon="-89.718945"><ele>473.5</ele><time>2026-07-16T00:57:56Z</time></rtept><rtept lat="46.813174" lon="-89.71922"><ele>474.5</ele><time>2026-07-16T00:57:56Z</time></rtept><rtept lat="46.813183" lon="-89.719442"><ele>475.2</ele><time>2026-07-16T00:57:56Z</time></rtept><rtept lat="46.813194" lon="-89.719613"><ele>475.4</ele><time>2026-07-16T00:57:56Z</time></rtept><rtept lat="46.813122" lon="-89.719813"><ele>470.4</ele><time>2026-07-16T00:57:56Z</time></rtept><rtept lat="46.813059" lon="-89.720048"><ele>466.7</ele><time>2026-07-16T00:57:56Z</time></rtept><rtept lat="46.813012" lon="-89.720341"><ele>464.2</ele><time>2026-07-16T00:57:56Z</time></rtept><rtept lat="46.813017" lon="-89.720644"><ele>464.9</ele><time>2026-07-16T00:57:56Z</time></rtept><rtept lat="46.812965" lon="-89.720943"><ele>463.3</ele><time>2026-07-16T00:57:56Z</time></rtept><rtept lat="46.812996" lon="-89.721133"><ele>464.8</ele><time>2026-07-16T00:57:56Z</time></rtept><rtept lat="46.812955" lon="-89.721306"><ele>463.3</ele><time>2026-07-16T00:57:56Z</time></rtept><rtept lat="46.813018" lon="-89.721849"><ele>465.9</ele><time>2026-07-16T00:57:56Z</time></rtept><rtept lat="46.813114" lon="-89.722153"><ele>467.9</ele><time>2026-07-16T00:57:56Z</time></rtept><rtept lat="46.813153" lon="-89.72239"><ele>468.3</ele><time>2026-07-16T00:57:56Z</time></rtept><rtept lat="46.81304" lon="-89.723189"><ele>463.0</ele><time>2026-07-16T00:57:56Z</time></rtept><rtept lat="46.813035" lon="-89.723225"><ele>462.8</ele><time>2026-07-16T00:57:56Z</time></rtept><rtept lat="46.812947" lon="-89.723614"><ele>457.3</ele><time>2026-07-16T00:57:56Z</time></rtept><rtept lat="46.812941" lon="-89.723638"><ele>457.0</ele><time>2026-07-16T00:57:56Z</time></rtept><rtept lat="46.812834" lon="-89.723943"><ele>450.1</ele><time>2026-07-16T00:57:56Z</time></rtept><rtept lat="46.812823" lon="-89.724045"><ele>447.8</ele><time>2026-07-16T00:57:56Z</time></rtept><rtept lat="46.812883" lon="-89.724223"><ele>445.6</ele><time>2026-07-16T00:57:56Z</time></rtept><rtept lat="46.81334" lon="-89.724439"><ele>442.2</ele><time>2026-07-16T00:57:56Z</time></rtept><rtept lat="46.813762" lon="-89.724313"><ele>441.1</ele><time>2026-07-16T00:57:56Z</time></rtept><rtept lat="46.814089" lon="-89.724224"><ele>436.4</ele><time>2026-07-16T00:57:56Z</time></rtept><rtept lat="46.814208" lon="-89.724233"><ele>433.7</ele><time>2026-07-16T00:57:56Z</time></rtept><rtept lat="46.814275" lon="-89.724272"><ele>431.4</ele><time>2026-07-16T00:57:56Z</time></rtept><rtept lat="46.814302" lon="-89.72441"><ele>427.8</ele><time>2026-07-16T00:57:56Z</time></rtept><rtept lat="46.814267" lon="-89.724485"><ele>427.0</ele><time>2026-07-16T00:57:56Z</time></rtept><rtept lat="46.814178" lon="-89.724785"><ele>422.5</ele><time>2026-07-16T00:57:56Z</time></rtept><rtept lat="46.813969" lon="-89.725375"><ele>417.2</ele><time>2026-07-16T00:57:56Z</time></rtept><rtept lat="46.814001" lon="-89.725768"><ele>415.0</ele><time>2026-07-16T00:57:56Z</time></rtept><rtept lat="46.813982" lon="-89.725954"><ele>415.1</ele><time>2026-07-16T00:57:56Z</time></rtept><rtept lat="46.814015" lon="-89.726164"><ele>415.2</ele><time>2026-07-16T00:57:56Z</time></rtept><rtept lat="46.813982" lon="-89.72659"><ele>417.9</ele><time>2026-07-16T00:57:56Z</time></rtept><rtept lat="46.81404" lon="-89.726955"><ele>420.0</ele><time>2026-07-16T00:57:56Z</time></rtept><rtept lat="46.814077" lon="-89.72721"><ele>423.1</ele><time>2026-07-16T00:57:56Z</time></rtept><rtept lat="46.813999" lon="-89.727293"><ele>424.8</ele><time>2026-07-16T00:57:56Z</time></rtept><rtept lat="46.813831" lon="-89.727287"><ele>427.9</ele><time>2026-07-16T00:57:56Z</time></rtept><rtept lat="46.813756" lon="-89.727416"><ele>430.3</ele><time>2026-07-16T00:57:56Z</time></rtept><rtept lat="46.813574" lon="-89.727609"><ele>434.8</ele><time>2026-07-16T00:57:56Z</time></rtept><rtept lat="46.813491" lon="-89.727556"><ele>436.6</ele><time>2026-07-16T00:57:56Z</time></rtept><rtept lat="46.813407" lon="-89.727711"><ele>438.1</ele><time>2026-07-16T00:57:56Z</time></rtept><rtept lat="46.813274" lon="-89.727765"><ele>440.5</ele><time>2026-07-16T00:57:56Z</time></rtept><rtept lat="46.813222" lon="-89.727888"><ele>441.5</ele><time>2026-07-16T00:57:56Z</time></rtept><rtept lat="46.813042" lon="-89.728009"><ele>444.2</ele><time>2026-07-16T00:57:56Z</time></rtept><rtept lat="46.812865" lon="-89.728304"><ele>448.3</ele><time>2026-07-16T00:57:56Z</time></rtept><rtept lat="46.8128" lon="-89.728516"><ele>450.1</ele><time>2026-07-16T00:57:56Z</time></rtept><rtept lat="46.812733" lon="-89.728645"><ele>452.1</ele><time>2026-07-16T00:57:56Z</time></rtept><rtept lat="46.81264" lon="-89.728806"><ele>455.4</ele><time>2026-07-16T00:57:56Z</time></rtept><rtept lat="46.812536" lon="-89.729149"><ele>457.2</ele><time>2026-07-16T00:57:56Z</time></rtept><rtept lat="46.812403" lon="-89.729429"><ele>459.0</ele><time>2026-07-16T00:57:56Z</time></rtept><rtept lat="46.812224" lon="-89.729511"><ele>460.7</ele><time>2026-07-16T00:57:56Z</time></rtept><rtept lat="46.812167" lon="-89.729487"><ele>461.3</ele><time>2026-07-16T00:57:56Z</time></rtept><rtept lat="46.812095" lon="-89.729514"><ele>461.9</ele><time>2026-07-16T00:57:56Z</time></rtept><rtept lat="46.812031" lon="-89.729532"><ele>460.2</ele><time>2026-07-16T00:57:56Z</time></rtept><rtept lat="46.811933" lon="-89.72964"><ele>457.4</ele><time>2026-07-16T00:57:56Z</time></rtept><rtept lat="46.811896" lon="-89.729746"><ele>456.7</ele><time>2026-07-16T00:57:56Z</time></rtept><rtept lat="46.81186" lon="-89.729773"><ele>455.8</ele><time>2026-07-16T00:57:56Z</time></rtept><rtept lat="46.811815" lon="-89.729815"><ele>454.9</ele><time>2026-07-16T00:57:56Z</time></rtept><rtept lat="46.811792" lon="-89.729958"><ele>455.0</ele><time>2026-07-16T00:57:56Z</time></rtept><rtept lat="46.811769" lon="-89.730065"><ele>454.8</ele><time>2026-07-16T00:57:56Z</time></rtept><rtept lat="46.811767" lon="-89.730155"><ele>455.3</ele><time>2026-07-16T00:57:56Z</time></rtept><rtept lat="46.811772" lon="-89.730194"><ele>455.8</ele><time>2026-07-16T00:57:56Z</time></rtept><rtept lat="46.811784" lon="-89.730267"><ele>456.9</ele><time>2026-07-16T00:57:56Z</time></rtept><rtept lat="46.811782" lon="-89.730385"><ele>457.6</ele><time>2026-07-16T00:57:56Z</time></rtept><rtept lat="46.81175" lon="-89.730505"><ele>456.9</ele><time>2026-07-16T00:57:56Z</time></rtept><rtept lat="46.811718" lon="-89.730599"><ele>455.9</ele><time>2026-07-16T00:57:56Z</time></rtept><rtept lat="46.81167" lon="-89.730709"><ele>454.5</ele><time>2026-07-16T00:57:56Z</time></rtept><rtept lat="46.811622" lon="-89.730855"><ele>453.9</ele><time>2026-07-16T00:57:56Z</time></rtept><rtept lat="46.811636" lon="-89.730922"><ele>454.9</ele><time>2026-07-16T00:57:56Z</time></rtept><rtept lat="46.811596" lon="-89.731"><ele>454.4</ele><time>2026-07-16T00:57:56Z</time></rtept><rtept lat="46.811586" lon="-89.73115"><ele>455.3</ele><time>2026-07-16T00:57:56Z</time></rtept><rtept lat="46.811576" lon="-89.73129"><ele>455.5</ele><time>2026-07-16T00:57:56Z</time></rtept><rtept lat="46.811569" lon="-89.731378"><ele>455.6</ele><time>2026-07-16T00:57:56Z</time></rtept><rtept lat="46.811571" lon="-89.731477"><ele>455.0</ele><time>2026-07-16T00:57:56Z</time></rtept><rtept lat="46.81161" lon="-89.731641"><ele>454.4</ele><time>2026-07-16T00:57:56Z</time></rtept><rtept lat="46.811592" lon="-89.731839"><ele>453.4</ele><time>2026-07-16T00:57:56Z</time></rtept><rtept lat="46.81157" lon="-89.731932"><ele>452.8</ele><time>2026-07-16T00:57:56Z</time></rtept><rtept lat="46.811561" lon="-89.732067"><ele>452.5</ele><time>2026-07-16T00:57:56Z</time></rtept><rtept lat="46.81158" lon="-89.732173"><ele>452.6</ele><time>2026-07-16T00:57:56Z</time></rtept><rtept lat="46.811604" lon="-89.732461"><ele>452.1</ele><time>2026-07-16T00:57:56Z</time></rtept><rtept lat="46.811524" lon="-89.732609"><ele>451.8</ele><time>2026-07-16T00:57:56Z</time></rtept><rtept lat="46.811453" lon="-89.732598"><ele>448.3</ele><time>2026-07-16T00:57:56Z</time></rtept><rtept lat="46.811422" lon="-89.732656"><ele>446.9</ele><time>2026-07-16T00:57:56Z</time></rtept><rtept lat="46.811405" lon="-89.732649"><ele>446.0</ele><time>2026-07-16T00:57:56Z</time></rtept><rtept lat="46.811377" lon="-89.732923"><ele>445.2</ele><time>2026-07-16T00:57:56Z</time></rtept><rtept lat="46.811349" lon="-89.733046"><ele>444.3</ele><time>2026-07-16T00:57:56Z</time></rtept><rtept lat="46.811276" lon="-89.733234"><ele>442.8</ele><time>2026-07-16T00:57:56Z</time></rtept><rtept lat="46.811279" lon="-89.733255"><ele>443.1</ele><time>2026-07-16T00:57:56Z</time></rtept><rtept lat="46.81119" lon="-89.733513"><ele>442.9</ele><time>2026-07-16T00:57:56Z</time></rtept><rtept lat="46.811166" lon="-89.733604"><ele>443.3</ele><time>2026-07-16T00:57:56Z</time></rtept><rtept lat="46.811165" lon="-89.733733"><ele>445.9</ele><time>2026-07-16T00:57:56Z</time></rtept><rtept lat="46.811139" lon="-89.733966"><ele>448.7</ele><time>2026-07-16T00:57:56Z</time></rtept><rtept lat="46.811054" lon="-89.734191"><ele>449.7</ele><time>2026-07-16T00:57:56Z</time></rtept><rtept lat="46.810953" lon="-89.734564"><ele>452.0</ele><time>2026-07-16T00:57:56Z</time></rtept><rtept lat="46.810941" lon="-89.734729"><ele>453.4</ele><time>2026-07-16T00:57:56Z</time></rtept><rtept lat="46.810848" lon="-89.734973"><ele>451.6</ele><time>2026-07-16T00:57:56Z</time></rtept><rtept lat="46.810761" lon="-89.735224"><ele>451.4</ele><time>2026-07-16T00:57:56Z</time></rtept><rtept lat="46.810786" lon="-89.735482"><ele>452.3</ele><time>2026-07-16T00:57:56Z</time></rtept><rtept lat="46.810835" lon="-89.735875"><ele>449.0</ele><time>2026-07-16T00:57:56Z</time></rtept><rtept lat="46.810818" lon="-89.736132"><ele>445.6</ele><time>2026-07-16T00:57:56Z</time></rtept><rtept lat="46.810807" lon="-89.736513"><ele>440.6</ele><time>2026-07-16T00:57:56Z</time></rtept><rtept lat="46.810882" lon="-89.736766"><ele>437.8</ele><time>2026-07-16T00:57:56Z</time></rtept><rtept lat="46.810976" lon="-89.737005"><ele>435.9</ele><time>2026-07-16T00:57:56Z</time></rtept><rtept lat="46.811078" lon="-89.73731"><ele>430.5</ele><time>2026-07-16T00:57:56Z</time></rtept><rtept lat="46.811056" lon="-89.737524"><ele>425.9</ele><time>2026-07-16T00:57:56Z</time></rtept><rtept lat="46.811123" lon="-89.737732"><ele>422.8</ele><time>2026-07-16T00:57:56Z</time></rtept><rtept lat="46.811039" lon="-89.738311"><ele>414.9</ele><time>2026-07-16T00:57:56Z</time></rtept><rtept lat="46.81104" lon="-89.73907"><ele>419.5</ele><time>2026-07-16T00:57:56Z</time></rtept><rtept lat="46.810744" lon="-89.739801"><ele>424.4</ele><time>2026-07-16T00:57:56Z</time></rtept><rtept lat="46.810514" lon="-89.740133"><ele>421.7</ele><time>2026-07-16T00:57:56Z</time></rtept><rtept lat="46.810293" lon="-89.74065"><ele>420.0</ele><time>2026-07-16T00:57:56Z</time></rtept><rtept lat="46.810331" lon="-89.741313"><ele>423.5</ele><time>2026-07-16T00:57:56Z</time></rtept><rtept lat="46.810233" lon="-89.741618"><ele>422.4</ele><time>2026-07-16T00:57:56Z</time></rtept><rtept lat="46.810139" lon="-89.741847"><ele>421.0</ele><time>2026-07-16T00:57:56Z</time></rtept><rtept lat="46.810161" lon="-89.742201"><ele>420.4</ele><time>2026-07-16T00:57:56Z</time></rtept><rtept lat="46.810022" lon="-89.742871"><ele>415.6</ele><time>2026-07-16T00:57:56Z</time></rtept><rtept lat="46.809859" lon="-89.743129"><ele>412.7</ele><time>2026-07-16T00:57:56Z</time></rtept><rtept lat="46.809788" lon="-89.743535"><ele>413.9</ele><time>2026-07-16T00:57:56Z</time></rtept><rtept lat="46.809783" lon="-89.743779"><ele>417.9</ele><time>2026-07-16T00:57:56Z</time></rtept><rtept lat="46.809742" lon="-89.743902"><ele>418.9</ele><time>2026-07-16T00:57:56Z</time></rtept><rtept lat="46.809722" lon="-89.744077"><ele>420.7</ele><time>2026-07-16T00:57:56Z</time></rtept><rtept lat="46.809687" lon="-89.744281"><ele>422.1</ele><time>2026-07-16T00:57:56Z</time></rtept><rtept lat="46.809706" lon="-89.744551"><ele>424.2</ele><time>2026-07-16T00:57:56Z</time></rtept><rtept lat="46.809594" lon="-89.744817"><ele>424.9</ele><time>2026-07-16T00:57:56Z</time></rtept><rtept lat="46.809497" lon="-89.745162"><ele>419.1</ele><time>2026-07-16T00:57:56Z</time></rtept><rtept lat="46.809773" lon="-89.745508"><ele>420.3</ele><time>2026-07-16T00:57:56Z</time></rtept><rtept lat="46.809822" lon="-89.7458"><ele>420.1</ele><time>2026-07-16T00:57:56Z</time></rtept><rtept lat="46.81" lon="-89.746045"><ele>419.0</ele><time>2026-07-16T00:57:56Z</time></rtept><rtept lat="46.810005" lon="-89.746259"><ele>419.0</ele><time>2026-07-16T00:57:56Z</time></rtept><rtept lat="46.809996" lon="-89.746352"><ele>419.0</ele><time>2026-07-16T00:57:56Z</time></rtept><rtept lat="46.809804" lon="-89.746623"><ele>419.9</ele><time>2026-07-16T00:57:56Z</time></rtept><rtept lat="46.809591" lon="-89.747096"><ele>422.9</ele><time>2026-07-16T00:57:56Z</time></rtept><rtept lat="46.809289" lon="-89.747377"><ele>429.8</ele><time>2026-07-16T00:57:56Z</time></rtept><rtept lat="46.809034" lon="-89.747485"><ele>433.7</ele><time>2026-07-16T00:57:56Z</time></rtept><rtept lat="46.809036" lon="-89.747488"><ele>433.7</ele><time>2026-07-16T00:57:56Z</time></rtept><rtept lat="46.809036" lon="-89.747488"><ele>433.7</ele><time>2026-07-16T00:57:56Z</time></rtept><rtept lat="46.808953" lon="-89.747681"><ele>436.5</ele><time>2026-07-16T00:57:56Z</time></rtept><rtept lat="46.808818" lon="-89.747817"><ele>437.5</ele><time>2026-07-16T00:57:56Z</time></rtept><rtept lat="46.808793" lon="-89.748032"><ele>441.5</ele><time>2026-07-16T00:57:56Z</time></rtept><rtept lat="46.808748" lon="-89.748142"><ele>442.9</ele><time>2026-07-16T00:57:56Z</time></rtept><rtept lat="46.808643" lon="-89.748348"><ele>443.2</ele><time>2026-07-16T00:57:56Z</time></rtept><rtept lat="46.808468" lon="-89.748607"><ele>446.6</ele><time>2026-07-16T00:57:56Z</time></rtept><rtept lat="46.808413" lon="-89.748773"><ele>446.2</ele><time>2026-07-16T00:57:56Z</time></rtept><rtept lat="46.808293" lon="-89.749017"><ele>445.9</ele><time>2026-07-16T00:57:56Z</time></rtept><rtept lat="46.808213" lon="-89.749191"><ele>448.5</ele><time>2026-07-16T00:57:56Z</time></rtept><rtept lat="46.808127" lon="-89.749319"><ele>445.0</ele><time>2026-07-16T00:57:56Z</time></rtept><rtept lat="46.808041" lon="-89.749476"><ele>441.9</ele><time>2026-07-16T00:57:56Z</time></rtept><rtept lat="46.807886" lon="-89.749753"><ele>437.9</ele><time>2026-07-16T00:57:56Z</time></rtept><rtept lat="46.807823" lon="-89.749925"><ele>437.4</ele><time>2026-07-16T00:57:56Z</time></rtept><rtept lat="46.807831" lon="-89.750137"><ele>439.3</ele><time>2026-07-16T00:57:56Z</time></rtept><rtept lat="46.807795" lon="-89.750808"><ele>443.8</ele><time>2026-07-16T00:57:56Z</time></rtept><rtept lat="46.807775" lon="-89.751064"><ele>443.9</ele><time>2026-07-16T00:57:56Z</time></rtept><rtept lat="46.807542" lon="-89.75146"><ele>439.1</ele><time>2026-07-16T00:57:56Z</time></rtept><rtept lat="46.807455" lon="-89.751701"><ele>436.9</ele><time>2026-07-16T00:57:56Z</time></rtept><rtept lat="46.807343" lon="-89.752916"><ele>430.1</ele><time>2026-07-16T00:57:56Z</time></rtept><rtept lat="46.806993" lon="-89.753858"><ele>421.4</ele><time>2026-07-16T00:57:56Z</time></rtept><rtept lat="46.806785" lon="-89.754863"><ele>415.8</ele><time>2026-07-16T00:57:56Z</time></rtept><rtept lat="46.806946" lon="-89.755759"><ele>408.8</ele><time>2026-07-16T00:57:56Z</time></rtept><rtept lat="46.806928" lon="-89.756172"><ele>413.2</ele><time>2026-07-16T00:57:56Z</time></rtept><rtept lat="46.806756" lon="-89.756371"><ele>413.2</ele><time>2026-07-16T00:57:56Z</time></rtept><rtept lat="46.80669" lon="-89.75662"><ele>415.8</ele><time>2026-07-16T00:57:56Z</time></rtept><rtept lat="46.806629" lon="-89.756808"><ele>418.1</ele><time>2026-07-16T00:57:56Z</time></rtept><rtept lat="46.806508" lon="-89.757023"><ele>419.2</ele><time>2026-07-16T00:57:56Z</time></rtept><rtept lat="46.806473" lon="-89.757205"><ele>417.2</ele><time>2026-07-16T00:57:56Z</time></rtept><rtept lat="46.806405" lon="-89.757433"><ele>414.6</ele><time>2026-07-16T00:57:56Z</time></rtept><rtept lat="46.806212" lon="-89.758023"><ele>410.4</ele><time>2026-07-16T00:57:56Z</time></rtept><rtept lat="46.806177" lon="-89.758517"><ele>406.9</ele><time>2026-07-16T00:57:56Z</time></rtept><rtept lat="46.806182" lon="-89.758893"><ele>405.0</ele><time>2026-07-16T00:57:56Z</time></rtept><rtept lat="46.806122" lon="-89.759252"><ele>401.8</ele><time>2026-07-16T00:57:56Z</time></rtept><rtept lat="46.805969" lon="-89.75963"><ele>397.6</ele><time>2026-07-16T00:57:56Z</time></rtept><rtept lat="46.80581" lon="-89.759928"><ele>394.4</ele><time>2026-07-16T00:57:56Z</time></rtept><rtept lat="46.805637" lon="-89.76015"><ele>392.0</ele><time>2026-07-16T00:57:56Z</time></rtept><rtept lat="46.805443" lon="-89.760364"><ele>391.1</ele><time>2026-07-16T00:57:56Z</time></rtept><rtept lat="46.805163" lon="-89.76088"><ele>387.0</ele><time>2026-07-16T00:57:56Z</time></rtept><rtept lat="46.805069" lon="-89.760762"><ele>385.0</ele><time>2026-07-16T00:57:56Z</time></rtept><rtept lat="46.805032" lon="-89.760657"><ele>384.4</ele><time>2026-07-16T00:57:56Z</time></rtept><rtept lat="46.805003" lon="-89.760568"><ele>384.0</ele><time>2026-07-16T00:57:56Z</time></rtept><rtept lat="46.804963" lon="-89.76052"><ele>383.0</ele><time>2026-07-16T00:57:56Z</time></rtept><rtept lat="46.804913" lon="-89.76052"><ele>381.2</ele><time>2026-07-16T00:57:56Z</time></rtept><rtept lat="46.80486" lon="-89.760561"><ele>378.9</ele><time>2026-07-16T00:57:56Z</time></rtept><rtept lat="46.80483" lon="-89.760633"><ele>377.6</ele><time>2026-07-16T00:57:56Z</time></rtept><rtept lat="46.80481" lon="-89.760762"><ele>376.1</ele><time>2026-07-16T00:57:56Z</time></rtept><rtept lat="46.804794" lon="-89.760842"><ele>375.0</ele><time>2026-07-16T00:57:56Z</time></rtept><rtept lat="46.804753" lon="-89.76089"><ele>373.5</ele><time>2026-07-16T00:57:56Z</time></rtept><rtept lat="46.804698" lon="-89.760912"><ele>371.7</ele><time>2026-07-16T00:57:56Z</time></rtept><rtept lat="46.804636" lon="-89.760896"><ele>369.9</ele><time>2026-07-16T00:57:56Z</time></rtept><rtept lat="46.804544" lon="-89.760845"><ele>367.8</ele><time>2026-07-16T00:57:56Z</time></rtept><rtept lat="46.804493" lon="-89.760799"><ele>366.7</ele><time>2026-07-16T00:57:56Z</time></rtept><rtept lat="46.804419" lon="-89.760764"><ele>364.9</ele><time>2026-07-16T00:57:56Z</time></rtept><rtept lat="46.804318" lon="-89.760722"><ele>362.2</ele><time>2026-07-16T00:57:56Z</time></rtept><rtept lat="46.804243" lon="-89.760695"><ele>360.5</ele><time>2026-07-16T00:57:56Z</time></rtept><rtept lat="46.804155" lon="-89.760673"><ele>358.6</ele><time>2026-07-16T00:57:56Z</time></rtept><rtept lat="46.804083" lon="-89.760644"><ele>357.0</ele><time>2026-07-16T00:57:56Z</time></rtept><rtept lat="46.803982" lon="-89.760571"><ele>355.1</ele><time>2026-07-16T00:57:56Z</time></rtept><rtept lat="46.803898" lon="-89.760534"><ele>353.7</ele><time>2026-07-16T00:57:56Z</time></rtept><rtept lat="46.803815" lon="-89.760477"><ele>352.2</ele><time>2026-07-16T00:57:56Z</time></rtept><rtept lat="46.803683" lon="-89.760416"><ele>349.2</ele><time>2026-07-16T00:57:56Z</time></rtept><rtept lat="46.803543" lon="-89.760392"><ele>345.3</ele><time>2026-07-16T00:57:56Z</time></rtept><rtept lat="46.803448" lon="-89.760408"><ele>343.0</ele><time>2026-07-16T00:57:56Z</time></rtept><rtept lat="46.803352" lon="-89.760365"><ele>340.9</ele><time>2026-07-16T00:57:56Z</time></rtept><rtept lat="46.803248" lon="-89.760327"><ele>338.5</ele><time>2026-07-16T00:57:56Z</time></rtept><rtept lat="46.803178" lon="-89.760319"><ele>337.1</ele><time>2026-07-16T00:57:56Z</time></rtept><rtept lat="46.803121" lon="-89.760333"><ele>336.5</ele><time>2026-07-16T00:57:56Z</time></rtept><rtept lat="46.803013" lon="-89.760359"><ele>335.2</ele><time>2026-07-16T00:57:56Z</time></rtept><rtept lat="46.802942" lon="-89.760456"><ele>334.4</ele><time>2026-07-16T00:57:56Z</time></rtept><rtept lat="46.802903" lon="-89.760689"><ele>334.3</ele><time>2026-07-16T00:57:56Z</time></rtept><rtept lat="46.802875" lon="-89.760815"><ele>334.6</ele><time>2026-07-16T00:57:56Z</time></rtept><rtept lat="46.802835" lon="-89.760947"><ele>336.0</ele><time>2026-07-16T00:57:56Z</time></rtept><rtept lat="46.80277" lon="-89.761065"><ele>336.4</ele><time>2026-07-16T00:57:56Z</time></rtept><rtept lat="46.802715" lon="-89.761172"><ele>336.0</ele><time>2026-07-16T00:57:56Z</time></rtept><rtept lat="46.80264" lon="-89.761314"><ele>335.5</ele><time>2026-07-16T00:57:56Z</time></rtept><rtept lat="46.802559" lon="-89.761384"><ele>335.1</ele><time>2026-07-16T00:57:56Z</time></rtept><rtept lat="46.802478" lon="-89.761424"><ele>334.4</ele><time>2026-07-16T00:57:56Z</time></rtept><rtept lat="46.802409" lon="-89.76144"><ele>333.7</ele><time>2026-07-16T00:57:56Z</time></rtept><rtept lat="46.802319" lon="-89.761494"><ele>333.2</ele><time>2026-07-16T00:57:56Z</time></rtept><rtept lat="46.802229" lon="-89.761564"><ele>332.9</ele><time>2026-07-16T00:57:56Z</time></rtept><rtept lat="46.802135" lon="-89.761652"><ele>332.4</ele><time>2026-07-16T00:57:56Z</time></rtept><rtept lat="46.802054" lon="-89.761719"><ele>332.1</ele><time>2026-07-16T00:57:56Z</time></rtept><rtept lat="46.80195" lon="-89.761794"><ele>331.8</ele><time>2026-07-16T00:57:56Z</time></rtept><rtept lat="46.801827" lon="-89.761819"><ele>331.1</ele><time>2026-07-16T00:57:56Z</time></rtept><rtept lat="46.801685" lon="-89.761784"><ele>330.4</ele><time>2026-07-16T00:57:56Z</time></rtept><rtept lat="46.801568" lon="-89.761794"><ele>329.8</ele><time>2026-07-16T00:57:56Z</time></rtept><rtept lat="46.801184" lon="-89.761869"><ele>329.0</ele><time>2026-07-16T00:57:56Z</time></rtept><rtept lat="46.801097" lon="-89.761894"><ele>329.5</ele><time>2026-07-16T00:57:56Z</time></rtept><rtept lat="46.801035" lon="-89.761475"><ele>329.5</ele><time>2026-07-16T00:57:56Z</time></rtept><rtept lat="46.800925" lon="-89.761239"><ele>329.7</ele><time>2026-07-16T00:57:56Z</time></rtept><rtept lat="46.800888" lon="-89.761014"><ele>329.6</ele><time>2026-07-16T00:57:56Z</time></rtept><rtept lat="46.80091" lon="-89.76066"><ele>329.8</ele><time>2026-07-16T00:57:56Z</time></rtept><rtept lat="46.800969" lon="-89.760349"><ele>329.3</ele><time>2026-07-16T00:57:56Z</time></rtept><rtept lat="46.800976" lon="-89.760188"><ele>329.0</ele><time>2026-07-16T00:57:56Z</time></rtept><rtept lat="46.800918" lon="-89.75993"><ele>329.2</ele><time>2026-07-16T00:57:56Z</time></rtept><rtept lat="46.800697" lon="-89.759437"><ele>330.0</ele><time>2026-07-16T00:57:56Z</time></rtept><rtept lat="46.800587" lon="-89.758943"><ele>330.8</ele><time>2026-07-16T00:57:56Z</time></rtept><rtept lat="46.80058" lon="-89.758428"><ele>331.6</ele><time>2026-07-16T00:57:56Z</time></rtept><rtept lat="46.800646" lon="-89.757978"><ele>331.2</ele><time>2026-07-16T00:57:56Z</time></rtept><rtept lat="46.800639" lon="-89.757581"><ele>332.6</ele><time>2026-07-16T00:57:56Z</time></rtept><rtept lat="46.800587" lon="-89.757345"><ele>333.5</ele><time>2026-07-16T00:57:56Z</time></rtept><rtept lat="46.800499" lon="-89.757141"><ele>334.8</ele><time>2026-07-16T00:57:56Z</time></rtept><rtept lat="46.800506" lon="-89.756797"><ele>334.7</ele><time>2026-07-16T00:57:56Z</time></rtept><rtept lat="46.800558" lon="-89.756486"><ele>334.0</ele><time>2026-07-16T00:57:56Z</time></rtept><rtept lat="46.800741" lon="-89.756057"><ele>332.5</ele><time>2026-07-16T00:57:56Z</time></rtept><rtept lat="46.80094" lon="-89.75536"><ele>332.0</ele><time>2026-07-16T00:57:56Z</time></rtept><rtept lat="46.801087" lon="-89.755059"><ele>332.4</ele><time>2026-07-16T00:57:56Z</time></rtept><rtept lat="46.801314" lon="-89.75477"><ele>331.0</ele><time>2026-07-16T00:57:56Z</time></rtept><rtept lat="46.801439" lon="-89.754631"><ele>330.7</ele><time>2026-07-16T00:57:56Z</time></rtept><rtept lat="46.80144" lon="-89.754624"><ele>330.8</ele><time>2026-07-16T00:57:56Z</time></rtept><rtept lat="46.801315" lon="-89.754763"><ele>331.0</ele><time>2026-07-16T00:57:56Z</time></rtept><rtept lat="46.801088" lon="-89.755052"><ele>332.4</ele><time>2026-07-16T00:57:56Z</time></rtept><rtept lat="46.800941" lon="-89.755353"><ele>332.0</ele><time>2026-07-16T00:57:56Z</time></rtept><rtept lat="46.800742" lon="-89.75605"><ele>332.5</ele><time>2026-07-16T00:57:56Z</time></rtept><rtept lat="46.800559" lon="-89.756479"><ele>334.0</ele><time>2026-07-16T00:57:56Z</time></rtept><rtept lat="46.800507" lon="-89.75679"><ele>334.7</ele><time>2026-07-16T00:57:56Z</time></rtept><rtept lat="46.8005" lon="-89.757134"><ele>334.8</ele><time>2026-07-16T00:57:56Z</time></rtept><rtept lat="46.800588" lon="-89.757338"><ele>333.5</ele><time>2026-07-16T00:57:56Z</time></rtept><rtept lat="46.80064" lon="-89.757574"><ele>332.6</ele><time>2026-07-16T00:57:56Z</time></rtept><rtept lat="46.800647" lon="-89.757971"><ele>331.2</ele><time>2026-07-16T00:57:56Z</time></rtept><rtept lat="46.800581" lon="-89.758421"><ele>331.6</ele><time>2026-07-16T00:57:56Z</time></rtept><rtept lat="46.800588" lon="-89.758936"><ele>330.8</ele><time>2026-07-16T00:57:56Z</time></rtept><rtept lat="46.800698" lon="-89.75943"><ele>330.0</ele><time>2026-07-16T00:57:56Z</time></rtept><rtept lat="46.800919" lon="-89.759923"><ele>329.2</ele><time>2026-07-16T00:57:56Z</time></rtept><rtept lat="46.800977" lon="-89.760181"><ele>329.0</ele><time>2026-07-16T00:57:56Z</time></rtept><rtept lat="46.80097" lon="-89.760342"><ele>329.2</ele><time>2026-07-16T00:57:56Z</time></rtept><rtept lat="46.800911" lon="-89.760653"><ele>329.8</ele><time>2026-07-16T00:57:56Z</time></rtept><rtept lat="46.800889" lon="-89.761007"><ele>329.6</ele><time>2026-07-16T00:57:56Z</time></rtept><rtept lat="46.800926" lon="-89.761232"><ele>329.7</ele><time>2026-07-16T00:57:56Z</time></rtept><rtept lat="46.801036" lon="-89.761468"><ele>329.5</ele><time>2026-07-16T00:57:56Z</time></rtept><rtept lat="46.801098" lon="-89.761887"><ele>329.5</ele><time>2026-07-16T00:57:56Z</time></rtept><rtept lat="46.801185" lon="-89.761862"><ele>329.0</ele><time>2026-07-16T00:57:56Z</time></rtept><rtept lat="46.801569" lon="-89.761787"><ele>329.8</ele><time>2026-07-16T00:57:56Z</time></rtept><rtept lat="46.801686" lon="-89.761777"><ele>330.4</ele><time>2026-07-16T00:57:56Z</time></rtept><rtept lat="46.801828" lon="-89.761812"><ele>331.1</ele><time>2026-07-16T00:57:56Z</time></rtept><rtept lat="46.801951" lon="-89.761787"><ele>331.8</ele><time>2026-07-16T00:57:56Z</time></rtept><rtept lat="46.802055" lon="-89.761712"><ele>332.0</ele><time>2026-07-16T00:57:56Z</time></rtept><rtept lat="46.802136" lon="-89.761645"><ele>332.4</ele><time>2026-07-16T00:57:56Z</time></rtept><rtept lat="46.80223" lon="-89.761557"><ele>332.8</ele><time>2026-07-16T00:57:56Z</time></rtept><rtept lat="46.80232" lon="-89.761487"><ele>333.2</ele><time>2026-07-16T00:57:56Z</time></rtept><rtept lat="46.80241" lon="-89.761433"><ele>333.7</ele><time>2026-07-16T00:57:56Z</time></rtept><rtept lat="46.802479" lon="-89.761417"><ele>334.4</ele><time>2026-07-16T00:57:56Z</time></rtept><rtept lat="46.80256" lon="-89.761377"><ele>335.1</ele><time>2026-07-16T00:57:56Z</time></rtept><rtept lat="46.802641" lon="-89.761307"><ele>335.5</ele><time>2026-07-16T00:57:56Z</time></rtept><rtept lat="46.802716" lon="-89.761165"><ele>336.0</ele><time>2026-07-16T00:57:56Z</time></rtept><rtept lat="46.802771" lon="-89.761058"><ele>336.3</ele><time>2026-07-16T00:57:56Z</time></rtept><rtept lat="46.802836" lon="-89.76094"><ele>335.9</ele><time>2026-07-16T00:57:56Z</time></rtept><rtept lat="46.802876" lon="-89.760808"><ele>334.6</ele><time>2026-07-16T00:57:56Z</time></rtept><rtept lat="46.802904" lon="-89.760682"><ele>334.3</ele><time>2026-07-16T00:57:56Z</time></rtept><rtept lat="46.802943" lon="-89.760449"><ele>334.4</ele><time>2026-07-16T00:57:56Z</time></rtept><rtept lat="46.803014" lon="-89.760352"><ele>335.2</ele><time>2026-07-16T00:57:56Z</time></rtept><rtept lat="46.803122" lon="-89.760326"><ele>336.5</ele><time>2026-07-16T00:57:56Z</time></rtept><rtept lat="46.803179" lon="-89.760312"><ele>337.1</ele><time>2026-07-16T00:57:56Z</time></rtept><rtept lat="46.803249" lon="-89.76032"><ele>338.5</ele><time>2026-07-16T00:57:56Z</time></rtept><rtept lat="46.803353" lon="-89.760358"><ele>340.8</ele><time>2026-07-16T00:57:56Z</time></rtept><rtept lat="46.803449" lon="-89.760401"><ele>343.0</ele><time>2026-07-16T00:57:56Z</time></rtept><rtept lat="46.803544" lon="-89.760385"><ele>345.4</ele><time>2026-07-16T00:57:56Z</time></rtept><rtept lat="46.803684" lon="-89.760409"><ele>349.2</ele><time>2026-07-16T00:57:56Z</time></rtept><rtept lat="46.803816" lon="-89.76047"><ele>352.3</ele><time>2026-07-16T00:57:56Z</time></rtept><rtept lat="46.803899" lon="-89.760527"><ele>353.7</ele><time>2026-07-16T00:57:56Z</time></rtept><rtept lat="46.803983" lon="-89.760564"><ele>355.2</ele><time>2026-07-16T00:57:56Z</time></rtept><rtept lat="46.804084" lon="-89.760637"><ele>357.1</ele><time>2026-07-16T00:57:56Z</time></rtept><rtept lat="46.804156" lon="-89.760666"><ele>358.7</ele><time>2026-07-16T00:57:56Z</time></rtept><rtept lat="46.804244" lon="-89.760688"><ele>360.6</ele><time>2026-07-16T00:57:56Z</time></rtept><rtept lat="46.804319" lon="-89.760715"><ele>362.3</ele><time>2026-07-16T00:57:56Z</time></rtept><rtept lat="46.80442" lon="-89.760757"><ele>365.0</ele><time>2026-07-16T00:57:56Z</time></rtept><rtept lat="46.804494" lon="-89.760792"><ele>366.8</ele><time>2026-07-16T00:57:56Z</time></rtept><rtept lat="46.804545" lon="-89.760838"><ele>367.9</ele><time>2026-07-16T00:57:56Z</time></rtept><rtept lat="46.804637" lon="-89.760889"><ele>370.0</ele><time>2026-07-16T00:57:56Z</time></rtept><rtept lat="46.804699" lon="-89.760905"><ele>371.8</ele><time>2026-07-16T00:57:56Z</time></rtept><rtept lat="46.804754" lon="-89.760883"><ele>373.6</ele><time>2026-07-16T00:57:56Z</time></rtept><rtept lat="46.804795" lon="-89.760835"><ele>375.1</ele><time>2026-07-16T00:57:56Z</time></rtept><rtept lat="46.804811" lon="-89.760755"><ele>376.2</ele><time>2026-07-16T00:57:56Z</time></rtept><rtept lat="46.804831" lon="-89.760626"><ele>377.7</ele><time>2026-07-16T00:57:56Z</time></rtept><rtept lat="46.804861" lon="-89.760554"><ele>379.0</ele><time>2026-07-16T00:57:56Z</time></rtept><rtept lat="46.804914" lon="-89.760513"><ele>381.3</ele><time>2026-07-16T00:57:56Z</time></rtept><rtept lat="46.804964" lon="-89.760513"><ele>383.1</ele><time>2026-07-16T00:57:56Z</time></rtept><rtept lat="46.805004" lon="-89.760561"><ele>384.1</ele><time>2026-07-16T00:57:56Z</time></rtept><rtept lat="46.805033" lon="-89.76065"><ele>384.5</ele><time>2026-07-16T00:57:56Z</time></rtept><rtept lat="46.80507" lon="-89.760755"><ele>385.1</ele><time>2026-07-16T00:57:56Z</time></rtept><rtept lat="46.805164" lon="-89.760873"><ele>387.0</ele><time>2026-07-16T00:57:56Z</time></rtept><rtept lat="46.805159" lon="-89.761278"><ele>386.7</ele><time>2026-07-16T00:57:56Z</time></rtept><rtept lat="46.80513" lon="-89.761586"><ele>386.0</ele><time>2026-07-16T00:57:56Z</time></rtept><rtept lat="46.805025" lon="-89.761952"><ele>381.1</ele><time>2026-07-16T00:57:56Z</time></rtept><rtept lat="46.804914" lon="-89.762173"><ele>379.2</ele><time>2026-07-16T00:57:56Z</time></rtept><rtept lat="46.804768" lon="-89.7623"><ele>377.5</ele><time>2026-07-16T00:57:56Z</time></rtept><rtept lat="46.804436" lon="-89.762457"><ele>377.9</ele><time>2026-07-16T00:57:56Z</time></rtept><rtept lat="46.804154" lon="-89.762602"><ele>383.1</ele><time>2026-07-16T00:57:56Z</time></rtept><rtept lat="46.803996" lon="-89.762686"><ele>386.5</ele><time>2026-07-16T00:57:56Z</time></rtept><rtept lat="46.803918" lon="-89.762727"><ele>387.6</ele><time>2026-07-16T00:57:56Z</time></rtept><rtept lat="46.803649" lon="-89.76339"><ele>403.8</ele><time>2026-07-16T00:57:56Z</time></rtept><rtept lat="46.80364" lon="-89.763414"><ele>404.2</ele><time>2026-07-16T00:57:56Z</time></rtept><rtept lat="46.803467" lon="-89.763823"><ele>410.0</ele><time>2026-07-16T00:57:56Z</time></rtept><rtept lat="46.803398" lon="-89.763987"><ele>412.6</ele><time>2026-07-16T00:57:56Z</time></rtept><rtept lat="46.803201" lon="-89.76447"><ele>418.7</ele><time>2026-07-16T00:57:56Z</time></rtept><rtept lat="46.803043" lon="-89.764504"><ele>415.1</ele><time>2026-07-16T00:57:56Z</time></rtept><rtept lat="46.802972" lon="-89.764503"><ele>413.5</ele><time>2026-07-16T00:57:56Z</time></rtept><rtept lat="46.802959" lon="-89.76468"><ele>413.5</ele><time>2026-07-16T00:57:56Z</time></rtept><rtept lat="46.802934" lon="-89.764704"><ele>413.2</ele><time>2026-07-16T00:57:56Z</time></rtept><rtept lat="46.802923" lon="-89.764747"><ele>413.3</ele><time>2026-07-16T00:57:56Z</time></rtept><rtept lat="46.80289" lon="-89.764892"><ele>412.2</ele><time>2026-07-16T00:57:56Z</time></rtept><rtept lat="46.802906" lon="-89.76494"><ele>413.8</ele><time>2026-07-16T00:57:56Z</time></rtept><rtept lat="46.802917" lon="-89.764986"><ele>414.9</ele><time>2026-07-16T00:57:56Z</time></rtept><rtept lat="46.802929" lon="-89.76503"><ele>414.9</ele><time>2026-07-16T00:57:56Z</time></rtept><rtept lat="46.802932" lon="-89.765047"><ele>414.9</ele><time>2026-07-16T00:57:56Z</time></rtept><rtept lat="46.80294" lon="-89.765085"><ele>414.8</ele><time>2026-07-16T00:57:56Z</time></rtept><rtept lat="46.802943" lon="-89.765129"><ele>414.6</ele><time>2026-07-16T00:57:56Z</time></rtept><rtept lat="46.802915" lon="-89.765137"><ele>414.4</ele><time>2026-07-16T00:57:56Z</time></rtept><rtept lat="46.802849" lon="-89.765092"><ele>410.8</ele><time>2026-07-16T00:57:56Z</time></rtept><rtept lat="46.802771" lon="-89.765143"><ele>406.9</ele><time>2026-07-16T00:57:56Z</time></rtept><rtept lat="46.802775" lon="-89.765219"><ele>407.8</ele><time>2026-07-16T00:57:56Z</time></rtept><rtept lat="46.80277" lon="-89.765265"><ele>408.1</ele><time>2026-07-16T00:57:56Z</time></rtept><rtept lat="46.802767" lon="-89.765335"><ele>408.8</ele><time>2026-07-16T00:57:56Z</time></rtept><rtept lat="46.802759" lon="-89.765426"><ele>409.6</ele><time>2026-07-16T00:57:56Z</time></rtept><rtept lat="46.802746" lon="-89.765471"><ele>410.0</ele><time>2026-07-16T00:57:56Z</time></rtept><rtept lat="46.802709" lon="-89.765507"><ele>409.9</ele><time>2026-07-16T00:57:56Z</time></rtept><rtept lat="46.802668" lon="-89.765531"><ele>409.8</ele><time>2026-07-16T00:57:56Z</time></rtept><rtept lat="46.802665" lon="-89.765576"><ele>410.4</ele><time>2026-07-16T00:57:56Z</time></rtept><rtept lat="46.802663" lon="-89.765662"><ele>410.9</ele><time>2026-07-16T00:57:56Z</time></rtept><rtept lat="46.802658" lon="-89.765706"><ele>411.1</ele><time>2026-07-16T00:57:56Z</time></rtept><rtept lat="46.802646" lon="-89.765842"><ele>411.9</ele><time>2026-07-16T00:57:56Z</time></rtept><rtept lat="46.802627" lon="-89.766004"><ele>409.7</ele><time>2026-07-16T00:57:56Z</time></rtept><rtept lat="46.802606" lon="-89.7661"><ele>407.9</ele><time>2026-07-16T00:57:56Z</time></rtept><rtept lat="46.80258" lon="-89.766214"><ele>406.3</ele><time>2026-07-16T00:57:56Z</time></rtept><rtept lat="46.802551" lon="-89.766334"><ele>404.7</ele><time>2026-07-16T00:57:56Z</time></rtept><rtept lat="46.802516" lon="-89.766615"><ele>401.7</ele><time>2026-07-16T00:57:56Z</time></rtept><rtept lat="46.802504" lon="-89.766814"><ele>400.0</ele><time>2026-07-16T00:57:56Z</time></rtept><rtept lat="46.802524" lon="-89.766991"><ele>399.0</ele><time>2026-07-16T00:57:56Z</time></rtept><rtept lat="46.80254" lon="-89.767259"><ele>397.4</ele><time>2026-07-16T00:57:56Z</time></rtept><rtept lat="46.802546" lon="-89.767484"><ele>396.1</ele><time>2026-07-16T00:57:56Z</time></rtept><rtept lat="46.802571" lon="-89.767586"><ele>395.6</ele><time>2026-07-16T00:57:56Z</time></rtept><rtept lat="46.802593" lon="-89.767793"><ele>394.4</ele><time>2026-07-16T00:57:56Z</time></rtept><rtept lat="46.80261" lon="-89.768011"><ele>392.9</ele><time>2026-07-16T00:57:56Z</time></rtept><rtept lat="46.80263" lon="-89.768187"><ele>391.9</ele><time>2026-07-16T00:57:56Z</time></rtept><rtept lat="46.802654" lon="-89.768313"><ele>391.2</ele><time>2026-07-16T00:57:56Z</time></rtept><rtept lat="46.802672" lon="-89.768441"><ele>390.0</ele><time>2026-07-16T00:57:56Z</time></rtept><rtept lat="46.802685" lon="-89.768616"><ele>388.3</ele><time>2026-07-16T00:57:56Z</time></rtept><rtept lat="46.802705" lon="-89.768788"><ele>387.4</ele><time>2026-07-16T00:57:56Z</time></rtept><rtept lat="46.802708" lon="-89.768948"><ele>386.8</ele><time>2026-07-16T00:57:56Z</time></rtept><rtept lat="46.802702" lon="-89.769087"><ele>386.9</ele><time>2026-07-16T00:57:56Z</time></rtept><rtept lat="46.802666" lon="-89.769224"><ele>387.2</ele><time>2026-07-16T00:57:56Z</time></rtept><rtept lat="46.802597" lon="-89.76939"><ele>387.9</ele><time>2026-07-16T00:57:56Z</time></rtept><rtept lat="46.802523" lon="-89.769493"><ele>388.5</ele><time>2026-07-16T00:57:56Z</time></rtept><rtept lat="46.802441" lon="-89.769597"><ele>388.9</ele><time>2026-07-16T00:57:56Z</time></rtept><rtept lat="46.802343" lon="-89.769653"><ele>389.3</ele><time>2026-07-16T00:57:56Z</time></rtept><rtept lat="46.802241" lon="-89.769693"><ele>391.1</ele><time>2026-07-16T00:57:56Z</time></rtept><rtept lat="46.802109" lon="-89.769724"><ele>393.5</ele><time>2026-07-16T00:57:56Z</time></rtept><rtept lat="46.802019" lon="-89.769728"><ele>394.5</ele><time>2026-07-16T00:57:56Z</time></rtept><rtept lat="46.80194" lon="-89.769711"><ele>395.0</ele><time>2026-07-16T00:57:56Z</time></rtept><rtept lat="46.801885" lon="-89.76967"><ele>395.2</ele><time>2026-07-16T00:57:56Z</time></rtept><rtept lat="46.801825" lon="-89.769621"><ele>395.5</ele><time>2026-07-16T00:57:56Z</time></rtept><rtept lat="46.801754" lon="-89.76956"><ele>395.5</ele><time>2026-07-16T00:57:56Z</time></rtept><rtept lat="46.801702" lon="-89.769505"><ele>395.3</ele><time>2026-07-16T00:57:56Z</time></rtept><rtept lat="46.801655" lon="-89.769473"><ele>395.2</ele><time>2026-07-16T00:57:56Z</time></rtept><rtept lat="46.801609" lon="-89.769481"><ele>395.2</ele><time>2026-07-16T00:57:56Z</time></rtept><rtept lat="46.801568" lon="-89.769556"><ele>395.7</ele><time>2026-07-16T00:57:56Z</time></rtept><rtept lat="46.801507" lon="-89.7697"><ele>396.5</ele><time>2026-07-16T00:57:56Z</time></rtept><rtept lat="46.801454" lon="-89.769776"><ele>396.4</ele><time>2026-07-16T00:57:56Z</time></rtept><rtept lat="46.801419" lon="-89.769793"><ele>396.2</ele><time>2026-07-16T00:57:56Z</time></rtept><rtept lat="46.801371" lon="-89.769791"><ele>395.7</ele><time>2026-07-16T00:57:56Z</time></rtept><rtept lat="46.801309" lon="-89.769845"><ele>396.0</ele><time>2026-07-16T00:57:56Z</time></rtept><rtept lat="46.801241" lon="-89.769955"><ele>398.0</ele><time>2026-07-16T00:57:56Z</time></rtept><rtept lat="46.801213" lon="-89.770047"><ele>399.4</ele><time>2026-07-16T00:57:56Z</time></rtept><rtept lat="46.80116" lon="-89.770142"><ele>400.2</ele><time>2026-07-16T00:57:56Z</time></rtept><rtept lat="46.801122" lon="-89.770243"><ele>401.2</ele><time>2026-07-16T00:57:56Z</time></rtept><rtept lat="46.801063" lon="-89.770329"><ele>401.9</ele><time>2026-07-16T00:57:56Z</time></rtept><rtept lat="46.80101" lon="-89.770448"><ele>402.9</ele><time>2026-07-16T00:57:56Z</time></rtept><rtept lat="46.800941" lon="-89.770613"><ele>404.2</ele><time>2026-07-16T00:57:56Z</time></rtept><rtept lat="46.800907" lon="-89.770729"><ele>405.1</ele><time>2026-07-16T00:57:56Z</time></rtept><rtept lat="46.800851" lon="-89.770852"><ele>406.0</ele><time>2026-07-16T00:57:56Z</time></rtept><rtept lat="46.800807" lon="-89.770931"><ele>405.9</ele><time>2026-07-16T00:57:56Z</time></rtept><rtept lat="46.800753" lon="-89.770943"><ele>405.9</ele><time>2026-07-16T00:57:56Z</time></rtept><rtept lat="46.800727" lon="-89.770958"><ele>405.9</ele><time>2026-07-16T00:57:56Z</time></rtept><rtept lat="46.800689" lon="-89.771036"><ele>405.9</ele><time>2026-07-16T00:57:56Z</time></rtept><rtept lat="46.800667" lon="-89.771119"><ele>405.6</ele><time>2026-07-16T00:57:56Z</time></rtept><rtept lat="46.800633" lon="-89.771246"><ele>404.5</ele><time>2026-07-16T00:57:56Z</time></rtept><rtept lat="46.800616" lon="-89.771399"><ele>403.7</ele><time>2026-07-16T00:57:56Z</time></rtept><rtept lat="46.800606" lon="-89.771494"><ele>403.7</ele><time>2026-07-16T00:57:56Z</time></rtept><rtept lat="46.800616" lon="-89.771585"><ele>403.7</ele><time>2026-07-16T00:57:56Z</time></rtept><rtept lat="46.800643" lon="-89.771639"><ele>403.8</ele><time>2026-07-16T00:57:56Z</time></rtept><rtept lat="46.800704" lon="-89.771721"><ele>403.9</ele><time>2026-07-16T00:57:56Z</time></rtept><rtept lat="46.800756" lon="-89.7718"><ele>403.6</ele><time>2026-07-16T00:57:56Z</time></rtept><rtept lat="46.800819" lon="-89.771874"><ele>403.1</ele><time>2026-07-16T00:57:56Z</time></rtept><rtept lat="46.800867" lon="-89.77196"><ele>402.8</ele><time>2026-07-16T00:57:56Z</time></rtept><rtept lat="46.800923" lon="-89.772059"><ele>402.4</ele><time>2026-07-16T00:57:56Z</time></rtept><rtept lat="46.800955" lon="-89.77217"><ele>402.2</ele><time>2026-07-16T00:57:56Z</time></rtept><rtept lat="46.800955" lon="-89.772273"><ele>402.4</ele><time>2026-07-16T00:57:56Z</time></rtept><rtept lat="46.800942" lon="-89.772351"><ele>402.9</ele><time>2026-07-16T00:57:56Z</time></rtept><rtept lat="46.800929" lon="-89.772421"><ele>403.4</ele><time>2026-07-16T00:57:56Z</time></rtept><rtept lat="46.800874" lon="-89.77251"><ele>404.8</ele><time>2026-07-16T00:57:56Z</time></rtept><rtept lat="46.800833" lon="-89.77255"><ele>405.6</ele><time>2026-07-16T00:57:56Z</time></rtept><rtept lat="46.800764" lon="-89.772642"><ele>407.1</ele><time>2026-07-16T00:57:56Z</time></rtept><rtept lat="46.800713" lon="-89.772707"><ele>408.4</ele><time>2026-07-16T00:57:56Z</time></rtept><rtept lat="46.800647" lon="-89.772775"><ele>410.4</ele><time>2026-07-16T00:57:56Z</time></rtept><rtept lat="46.800599" lon="-89.772841"><ele>412.1</ele><time>2026-07-16T00:57:56Z</time></rtept><rtept lat="46.800485" lon="-89.773016"><ele>416.5</ele><time>2026-07-16T00:57:56Z</time></rtept><rtept lat="46.800399" lon="-89.773074"><ele>419.4</ele><time>2026-07-16T00:57:56Z</time></rtept><rtept lat="46.800297" lon="-89.773153"><ele>422.0</ele><time>2026-07-16T00:57:56Z</time></rtept><rtept lat="46.800155" lon="-89.773307"><ele>425.6</ele><time>2026-07-16T00:57:56Z</time></rtept><rtept lat="46.800006" lon="-89.773395"><ele>427.2</ele><time>2026-07-16T00:57:56Z</time></rtept><rtept lat="46.799964" lon="-89.773454"><ele>427.8</ele><time>2026-07-16T00:57:56Z</time></rtept><rtept lat="46.79991" lon="-89.773502"><ele>428.6</ele><time>2026-07-16T00:57:56Z</time></rtept><rtept lat="46.799602" lon="-89.773509"><ele>427.7</ele><time>2026-07-16T00:57:56Z</time></rtept><rtept lat="46.799541" lon="-89.773623"><ele>427.3</ele><time>2026-07-16T00:57:56Z</time></rtept><rtept lat="46.799465" lon="-89.773757"><ele>426.8</ele><time>2026-07-16T00:57:56Z</time></rtept><rtept lat="46.799423" lon="-89.773852"><ele>427.0</ele><time>2026-07-16T00:57:56Z</time></rtept><rtept lat="46.799381" lon="-89.773946"><ele>427.0</ele><time>2026-07-16T00:57:56Z</time></rtept><rtept lat="46.799351" lon="-89.774083"><ele>427.1</ele><time>2026-07-16T00:57:56Z</time></rtept><rtept lat="46.799334" lon="-89.774256"><ele>427.7</ele><time>2026-07-16T00:57:56Z</time></rtept><rtept lat="46.799295" lon="-89.774355"><ele>427.9</ele><time>2026-07-16T00:57:56Z</time></rtept><rtept lat="46.799233" lon="-89.774489"><ele>427.3</ele><time>2026-07-16T00:57:56Z</time></rtept><rtept lat="46.799214" lon="-89.774632"><ele>427.4</ele><time>2026-07-16T00:57:56Z</time></rtept><rtept lat="46.799186" lon="-89.774744"><ele>427.6</ele><time>2026-07-16T00:57:56Z</time></rtept><rtept lat="46.799121" lon="-89.774795"><ele>427.7</ele><time>2026-07-16T00:57:56Z</time></rtept><rtept lat="46.799065" lon="-89.774839"><ele>427.9</ele><time>2026-07-16T00:57:56Z</time></rtept><rtept lat="46.799004" lon="-89.774929"><ele>427.5</ele><time>2026-07-16T00:57:56Z</time></rtept><rtept lat="46.798944" lon="-89.775016"><ele>427.2</ele><time>2026-07-16T00:57:56Z</time></rtept><rtept lat="46.798898" lon="-89.775139"><ele>426.9</ele><time>2026-07-16T00:57:56Z</time></rtept><rtept lat="46.798815" lon="-89.775331"><ele>427.4</ele><time>2026-07-16T00:57:56Z</time></rtept><rtept lat="46.798738" lon="-89.775508"><ele>426.6</ele><time>2026-07-16T00:57:56Z</time></rtept><rtept lat="46.798697" lon="-89.775658"><ele>424.1</ele><time>2026-07-16T00:57:56Z</time></rtept><rtept lat="46.798648" lon="-89.775852"><ele>424.8</ele><time>2026-07-16T00:57:56Z</time></rtept><rtept lat="46.798623" lon="-89.77599"><ele>425.2</ele><time>2026-07-16T00:57:56Z</time></rtept><rtept lat="46.798601" lon="-89.776133"><ele>426.0</ele><time>2026-07-16T00:57:56Z</time></rtept><rtept lat="46.798574" lon="-89.776304"><ele>426.6</ele><time>2026-07-16T00:57:56Z</time></rtept><rtept lat="46.798578" lon="-89.776505"><ele>427.4</ele><time>2026-07-16T00:57:56Z</time></rtept><rtept lat="46.798552" lon="-89.776682"><ele>427.7</ele><time>2026-07-16T00:57:56Z</time></rtept><rtept lat="46.798522" lon="-89.776821"><ele>428.3</ele><time>2026-07-16T00:57:56Z</time></rtept><rtept lat="46.798488" lon="-89.77695"><ele>429.0</ele><time>2026-07-16T00:57:56Z</time></rtept><rtept lat="46.798464" lon="-89.77704"><ele>429.4</ele><time>2026-07-16T00:57:56Z</time></rtept><rtept lat="46.798419" lon="-89.777146"><ele>428.9</ele><time>2026-07-16T00:57:56Z</time></rtept><rtept lat="46.798372" lon="-89.777297"><ele>428.6</ele><time>2026-07-16T00:57:56Z</time></rtept><rtept lat="46.798312" lon="-89.777367"><ele>427.6</ele><time>2026-07-16T00:57:56Z</time></rtept><rtept lat="46.798263" lon="-89.777421"><ele>427.2</ele><time>2026-07-16T00:57:56Z</time></rtept><rtept lat="46.798215" lon="-89.777529"><ele>427.5</ele><time>2026-07-16T00:57:56Z</time></rtept><rtept lat="46.798139" lon="-89.777714"><ele>427.6</ele><time>2026-07-16T00:57:56Z</time></rtept><rtept lat="46.798044" lon="-89.777835"><ele>426.9</ele><time>2026-07-16T00:57:56Z</time></rtept><rtept lat="46.797992" lon="-89.77793"><ele>427.0</ele><time>2026-07-16T00:57:56Z</time></rtept><rtept lat="46.797913" lon="-89.77803"><ele>427.4</ele><time>2026-07-16T00:57:56Z</time></rtept><rtept lat="46.797842" lon="-89.778111"><ele>426.1</ele><time>2026-07-16T00:57:56Z</time></rtept><rtept lat="46.797808" lon="-89.778178"><ele>426.2</ele><time>2026-07-16T00:57:56Z</time></rtept><rtept lat="46.797733" lon="-89.778304"><ele>427.3</ele><time>2026-07-16T00:57:56Z</time></rtept><rtept lat="46.797657" lon="-89.778447"><ele>428.4</ele><time>2026-07-16T00:57:56Z</time></rtept><rtept lat="46.797602" lon="-89.778555"><ele>428.3</ele><time>2026-07-16T00:57:56Z</time></rtept><rtept lat="46.797512" lon="-89.778637"><ele>427.7</ele><time>2026-07-16T00:57:56Z</time></rtept><rtept lat="46.797423" lon="-89.778785"><ele>428.3</ele><time>2026-07-16T00:57:56Z</time></rtept><rtept lat="46.797278" lon="-89.779059"><ele>428.0</ele><time>2026-07-16T00:57:56Z</time></rtept><rtept lat="46.797193" lon="-89.779251"><ele>428.8</ele><time>2026-07-16T00:57:56Z</time></rtept><rtept lat="46.797093" lon="-89.779471"><ele>428.4</ele><time>2026-07-16T00:57:56Z</time></rtept><rtept lat="46.797066" lon="-89.779544"><ele>428.1</ele><time>2026-07-16T00:57:56Z</time></rtept><rtept lat="46.79702" lon="-89.779631"><ele>427.7</ele><time>2026-07-16T00:57:56Z</time></rtept><rtept lat="46.796948" lon="-89.779734"><ele>428.1</ele><time>2026-07-16T00:57:56Z</time></rtept><rtept lat="46.79687" lon="-89.779864"><ele>427.6</ele><time>2026-07-16T00:57:56Z</time></rtept><rtept lat="46.796805" lon="-89.780028"><ele>427.1</ele><time>2026-07-16T00:57:56Z</time></rtept><rtept lat="46.79676" lon="-89.780166"><ele>424.6</ele><time>2026-07-16T00:57:56Z</time></rtept><rtept lat="46.796764" lon="-89.780299"><ele>426.1</ele><time>2026-07-16T00:57:56Z</time></rtept><rtept lat="46.796773" lon="-89.780403"><ele>427.2</ele><time>2026-07-16T00:57:56Z</time></rtept><rtept lat="46.796768" lon="-89.780509"><ele>427.7</ele><time>2026-07-16T00:57:56Z</time></rtept><rtept lat="46.796786" lon="-89.780635"><ele>428.5</ele><time>2026-07-16T00:57:56Z</time></rtept><rtept lat="46.79681" lon="-89.780694"><ele>429.0</ele><time>2026-07-16T00:57:56Z</time></rtept><rtept lat="46.796854" lon="-89.780757"><ele>429.4</ele><time>2026-07-16T00:57:56Z</time></rtept><rtept lat="46.796897" lon="-89.780804"><ele>429.7</ele><time>2026-07-16T00:57:56Z</time></rtept><rtept lat="46.796944" lon="-89.780877"><ele>429.8</ele><time>2026-07-16T00:57:56Z</time></rtept><rtept lat="46.797026" lon="-89.780967"><ele>430.1</ele><time>2026-07-16T00:57:56Z</time></rtept><rtept lat="46.797068" lon="-89.781017"><ele>430.2</ele><time>2026-07-16T00:57:56Z</time></rtept><rtept lat="46.797098" lon="-89.781081"><ele>429.9</ele><time>2026-07-16T00:57:56Z</time></rtept><rtept lat="46.797107" lon="-89.781168"><ele>429.2</ele><time>2026-07-16T00:57:56Z</time></rtept><rtept lat="46.797109" lon="-89.781245"><ele>428.6</ele><time>2026-07-16T00:57:56Z</time></rtept><rtept lat="46.7971" lon="-89.781325"><ele>428.2</ele><time>2026-07-16T00:57:56Z</time></rtept><rtept lat="46.797059" lon="-89.781417"><ele>427.5</ele><time>2026-07-16T00:57:56Z</time></rtept><rtept lat="46.797026" lon="-89.781495"><ele>426.8</ele><time>2026-07-16T00:57:56Z</time></rtept><rtept lat="46.796985" lon="-89.781558"><ele>426.4</ele><time>2026-07-16T00:57:56Z</time></rtept><rtept lat="46.796922" lon="-89.781617"><ele>426.4</ele><time>2026-07-16T00:57:56Z</time></rtept><rtept lat="46.796845" lon="-89.781644"><ele>426.7</ele><time>2026-07-16T00:57:56Z</time></rtept><rtept lat="46.796776" lon="-89.781644"><ele>426.5</ele><time>2026-07-16T00:57:56Z</time></rtept><rtept lat="46.796713" lon="-89.781593"><ele>424.9</ele><time>2026-07-16T00:57:56Z</time></rtept><rtept lat="46.796639" lon="-89.781553"><ele>422.9</ele><time>2026-07-16T00:57:56Z</time></rtept><rtept lat="46.796576" lon="-89.781569"><ele>422.3</ele><time>2026-07-16T00:57:56Z</time></rtept><rtept lat="46.796527" lon="-89.781641"><ele>424.1</ele><time>2026-07-16T00:57:56Z</time></rtept><rtept lat="46.79648" lon="-89.781722"><ele>424.6</ele><time>2026-07-16T00:57:56Z</time></rtept><rtept lat="46.796439" lon="-89.781828"><ele>425.4</ele><time>2026-07-16T00:57:56Z</time></rtept><rtept lat="46.796408" lon="-89.781872"><ele>425.8</ele><time>2026-07-16T00:57:56Z</time></rtept><rtept lat="46.796381" lon="-89.781966"><ele>427.2</ele><time>2026-07-16T00:57:56Z</time></rtept><rtept lat="46.79637" lon="-89.782051"><ele>428.1</ele><time>2026-07-16T00:57:56Z</time></rtept><rtept lat="46.796339" lon="-89.782183"><ele>429.5</ele><time>2026-07-16T00:57:56Z</time></rtept><rtept lat="46.7963" lon="-89.782288"><ele>430.4</ele><time>2026-07-16T00:57:56Z</time></rtept><rtept lat="46.796251" lon="-89.782418"><ele>431.4</ele><time>2026-07-16T00:57:56Z</time></rtept><rtept lat="46.796217" lon="-89.782501"><ele>431.8</ele><time>2026-07-16T00:57:56Z</time></rtept><rtept lat="46.796146" lon="-89.78254"><ele>431.7</ele><time>2026-07-16T00:57:56Z</time></rtept><rtept lat="46.796068" lon="-89.782613"><ele>432.4</ele><time>2026-07-16T00:57:56Z</time></rtept><rtept lat="46.796046" lon="-89.782682"><ele>433.6</ele><time>2026-07-16T00:57:56Z</time></rtept><rtept lat="46.796006" lon="-89.782739"><ele>434.9</ele><time>2026-07-16T00:57:56Z</time></rtept><rtept lat="46.796004" lon="-89.782744"><ele>435.0</ele><time>2026-07-16T00:57:56Z</time></rtept><rtept lat="46.795996" lon="-89.782755"><ele>435.3</ele><time>2026-07-16T00:57:56Z</time></rtept><rtept lat="46.795903" lon="-89.782826"><ele>434.9</ele><time>2026-07-16T00:57:56Z</time></rtept><rtept lat="46.795799" lon="-89.782928"><ele>434.5</ele><time>2026-07-16T00:57:56Z</time></rtept><rtept lat="46.795754" lon="-89.782966"><ele>434.6</ele><time>2026-07-16T00:57:56Z</time></rtept><rtept lat="46.795666" lon="-89.783092"><ele>435.5</ele><time>2026-07-16T00:57:56Z</time></rtept><rtept lat="46.795586" lon="-89.783265"><ele>435.6</ele><time>2026-07-16T00:57:56Z</time></rtept><rtept lat="46.795531" lon="-89.783383"><ele>436.1</ele><time>2026-07-16T00:57:56Z</time></rtept><rtept lat="46.795479" lon="-89.783541"><ele>437.2</ele><time>2026-07-16T00:57:56Z</time></rtept><rtept lat="46.795417" lon="-89.783668"><ele>437.6</ele><time>2026-07-16T00:57:56Z</time></rtept><rtept lat="46.795369" lon="-89.78384"><ele>438.0</ele><time>2026-07-16T00:57:56Z</time></rtept><rtept lat="46.795326" lon="-89.783993"><ele>438.3</ele><time>2026-07-16T00:57:56Z</time></rtept><rtept lat="46.795293" lon="-89.784187"><ele>439.0</ele><time>2026-07-16T00:57:56Z</time></rtept><rtept lat="46.795282" lon="-89.784288"><ele>439.5</ele><time>2026-07-16T00:57:56Z</time></rtept><rtept lat="46.795238" lon="-89.784434"><ele>439.7</ele><time>2026-07-16T00:57:56Z</time></rtept><rtept lat="46.795207" lon="-89.78458"><ele>440.5</ele><time>2026-07-16T00:57:56Z</time></rtept><rtept lat="46.795203" lon="-89.784739"><ele>441.9</ele><time>2026-07-16T00:57:56Z</time></rtept><rtept lat="46.795197" lon="-89.784877"><ele>443.6</ele><time>2026-07-16T00:57:56Z</time></rtept><rtept lat="46.795174" lon="-89.785038"><ele>445.5</ele><time>2026-07-16T00:57:56Z</time></rtept><rtept lat="46.795134" lon="-89.785188"><ele>446.5</ele><time>2026-07-16T00:57:56Z</time></rtept><rtept lat="46.795113" lon="-89.785224"><ele>445.8</ele><time>2026-07-16T00:57:56Z</time></rtept><rtept lat="46.795049" lon="-89.785318"><ele>443.2</ele><time>2026-07-16T00:57:56Z</time></rtept><rtept lat="46.795005" lon="-89.785421"><ele>441.6</ele><time>2026-07-16T00:57:56Z</time></rtept><rtept lat="46.794971" lon="-89.785517"><ele>441.3</ele><time>2026-07-16T00:57:56Z</time></rtept><rtept lat="46.794911" lon="-89.7856"><ele>441.2</ele><time>2026-07-16T00:57:56Z</time></rtept><rtept lat="46.794833" lon="-89.785687"><ele>440.5</ele><time>2026-07-16T00:57:56Z</time></rtept><rtept lat="46.794762" lon="-89.785749"><ele>438.8</ele><time>2026-07-16T00:57:56Z</time></rtept><rtept lat="46.794667" lon="-89.785833"><ele>437.8</ele><time>2026-07-16T00:57:56Z</time></rtept><rtept lat="46.79463" lon="-89.785885"><ele>437.6</ele><time>2026-07-16T00:57:56Z</time></rtept><rtept lat="46.794581" lon="-89.785967"><ele>437.8</ele><time>2026-07-16T00:57:56Z</time></rtept><rtept lat="46.794571" lon="-89.78601"><ele>438.1</ele><time>2026-07-16T00:57:56Z</time></rtept><rtept lat="46.794505" lon="-89.786109"><ele>437.4</ele><time>2026-07-16T00:57:56Z</time></rtept><rtept lat="46.794437" lon="-89.786162"><ele>435.7</ele><time>2026-07-16T00:57:56Z</time></rtept><rtept lat="46.794337" lon="-89.786191"><ele>433.1</ele><time>2026-07-16T00:57:56Z</time></rtept><rtept lat="46.794288" lon="-89.786186"><ele>431.3</ele><time>2026-07-16T00:57:56Z</time></rtept><rtept lat="46.794226" lon="-89.786236"><ele>429.7</ele><time>2026-07-16T00:57:56Z</time></rtept><rtept lat="46.794156" lon="-89.786313"><ele>429.4</ele><time>2026-07-16T00:57:56Z</time></rtept><rtept lat="46.794088" lon="-89.786466"><ele>431.4</ele><time>2026-07-16T00:57:56Z</time></rtept><rtept lat="46.794058" lon="-89.786573"><ele>432.2</ele><time>2026-07-16T00:57:56Z</time></rtept><rtept lat="46.794042" lon="-89.786628"><ele>432.7</ele><time>2026-07-16T00:57:56Z</time></rtept><rtept lat="46.794012" lon="-89.786669"><ele>432.6</ele><time>2026-07-16T00:57:56Z</time></rtept><rtept lat="46.794052" lon="-89.786836"><ele>435.2</ele><time>2026-07-16T00:57:56Z</time></rtept><rtept lat="46.794056" lon="-89.786911"><ele>436.1</ele><time>2026-07-16T00:57:56Z</time></rtept><rtept lat="46.794056" lon="-89.786996"><ele>436.8</ele><time>2026-07-16T00:57:56Z</time></rtept><rtept lat="46.794047" lon="-89.787035"><ele>436.9</ele><time>2026-07-16T00:57:56Z</time></rtept><rtept lat="46.794008" lon="-89.787084"><ele>436.6</ele><time>2026-07-16T00:57:56Z</time></rtept><rtept lat="46.793964" lon="-89.787109"><ele>436.0</ele><time>2026-07-16T00:57:56Z</time></rtept><rtept lat="46.793901" lon="-89.787112"><ele>434.9</ele><time>2026-07-16T00:57:56Z</time></rtept><rtept lat="46.793898" lon="-89.787087"><ele>434.7</ele><time>2026-07-16T00:57:56Z</time></rtept><rtept lat="46.793833" lon="-89.787133"><ele>433.9</ele><time>2026-07-16T00:57:56Z</time></rtept><rtept lat="46.793753" lon="-89.787189"><ele>432.8</ele><time>2026-07-16T00:57:56Z</time></rtept><rtept lat="46.79367" lon="-89.787281"><ele>429.3</ele><time>2026-07-16T00:57:56Z</time></rtept><rtept lat="46.793643" lon="-89.787513"><ele>432.0</ele><time>2026-07-16T00:57:56Z</time></rtept><rtept lat="46.793612" lon="-89.787657"><ele>432.4</ele><time>2026-07-16T00:57:56Z</time></rtept><rtept lat="46.793565" lon="-89.787796"><ele>432.8</ele><time>2026-07-16T00:57:56Z</time></rtept><rtept lat="46.793549" lon="-89.787909"><ele>433.3</ele><time>2026-07-16T00:57:56Z</time></rtept><rtept lat="46.793542" lon="-89.788012"><ele>433.9</ele><time>2026-07-16T00:57:56Z</time></rtept><rtept lat="46.793489" lon="-89.788137"><ele>434.4</ele><time>2026-07-16T00:57:56Z</time></rtept><rtept lat="46.793423" lon="-89.788243"><ele>434.2</ele><time>2026-07-16T00:57:56Z</time></rtept><rtept lat="46.793365" lon="-89.788403"><ele>435.2</ele><time>2026-07-16T00:57:56Z</time></rtept><rtept lat="46.793322" lon="-89.788478"><ele>435.6</ele><time>2026-07-16T00:57:56Z</time></rtept><rtept lat="46.793235" lon="-89.788712"><ele>438.0</ele><time>2026-07-16T00:57:56Z</time></rtept><rtept lat="46.793163" lon="-89.788887"><ele>438.4</ele><time>2026-07-16T00:57:56Z</time></rtept><rtept lat="46.793062" lon="-89.789083"><ele>435.3</ele><time>2026-07-16T00:57:56Z</time></rtept><rtept lat="46.793004" lon="-89.789285"><ele>435.1</ele><time>2026-07-16T00:57:56Z</time></rtept><rtept lat="46.792964" lon="-89.789386"><ele>435.1</ele><time>2026-07-16T00:57:56Z</time></rtept><rtept lat="46.792894" lon="-89.78953"><ele>434.6</ele><time>2026-07-16T00:57:56Z</time></rtept><rtept lat="46.792852" lon="-89.789599"><ele>433.9</ele><time>2026-07-16T00:57:56Z</time></rtept><rtept lat="46.79282" lon="-89.78964"><ele>433.4</ele><time>2026-07-16T00:57:56Z</time></rtept><rtept lat="46.792777" lon="-89.789666"><ele>432.8</ele><time>2026-07-16T00:57:56Z</time></rtept><rtept lat="46.792748" lon="-89.789712"><ele>432.8</ele><time>2026-07-16T00:57:56Z</time></rtept><rtept lat="46.792731" lon="-89.789773"><ele>433.2</ele><time>2026-07-16T00:57:56Z</time></rtept><rtept lat="46.792711" lon="-89.789862"><ele>433.9</ele><time>2026-07-16T00:57:56Z</time></rtept><rtept lat="46.792685" lon="-89.789952"><ele>434.7</ele><time>2026-07-16T00:57:56Z</time></rtept><rtept lat="46.79265" lon="-89.790045"><ele>435.2</ele><time>2026-07-16T00:57:56Z</time></rtept><rtept lat="46.792602" lon="-89.7901"><ele>434.1</ele><time>2026-07-16T00:57:56Z</time></rtept><rtept lat="46.792526" lon="-89.790233"><ele>433.1</ele><time>2026-07-16T00:57:56Z</time></rtept><rtept lat="46.792479" lon="-89.790354"><ele>433.3</ele><time>2026-07-16T00:57:56Z</time></rtept><rtept lat="46.792434" lon="-89.79042"><ele>433.2</ele><time>2026-07-16T00:57:56Z</time></rtept><rtept lat="46.792382" lon="-89.790484"><ele>433.3</ele><time>2026-07-16T00:57:56Z</time></rtept><rtept lat="46.792345" lon="-89.790551"><ele>433.2</ele><time>2026-07-16T00:57:56Z</time></rtept><rtept lat="46.792298" lon="-89.790664"><ele>432.4</ele><time>2026-07-16T00:57:56Z</time></rtept><rtept lat="46.79227" lon="-89.790755"><ele>432.6</ele><time>2026-07-16T00:57:56Z</time></rtept><rtept lat="46.792251" lon="-89.790767"><ele>432.2</ele><time>2026-07-16T00:57:56Z</time></rtept><rtept lat="46.792224" lon="-89.790806"><ele>432.1</ele><time>2026-07-16T00:57:56Z</time></rtept><rtept lat="46.792197" lon="-89.790859"><ele>432.1</ele><time>2026-07-16T00:57:56Z</time></rtept><rtept lat="46.792177" lon="-89.790936"><ele>432.5</ele><time>2026-07-16T00:57:56Z</time></rtept><rtept lat="46.792164" lon="-89.791012"><ele>433.0</ele><time>2026-07-16T00:57:56Z</time></rtept><rtept lat="46.792134" lon="-89.791063"><ele>433.1</ele><time>2026-07-16T00:57:56Z</time></rtept><rtept lat="46.792109" lon="-89.791138"><ele>433.5</ele><time>2026-07-16T00:57:56Z</time></rtept><rtept lat="46.792109" lon="-89.791188"><ele>433.8</ele><time>2026-07-16T00:57:56Z</time></rtept><rtept lat="46.792089" lon="-89.79123"><ele>433.9</ele><time>2026-07-16T00:57:56Z</time></rtept><rtept lat="46.792065" lon="-89.791293"><ele>433.5</ele><time>2026-07-16T00:57:56Z</time></rtept><rtept lat="46.792062" lon="-89.791345"><ele>433.8</ele><time>2026-07-16T00:57:56Z</time></rtept><rtept lat="46.791963" lon="-89.791573"><ele>431.8</ele><time>2026-07-16T00:57:56Z</time></rtept><rtept lat="46.791921" lon="-89.79167"><ele>431.5</ele><time>2026-07-16T00:57:56Z</time></rtept><rtept lat="46.791867" lon="-89.791755"><ele>430.2</ele><time>2026-07-16T00:57:56Z</time></rtept><rtept lat="46.791876" lon="-89.791845"><ele>430.2</ele><time>2026-07-16T00:57:56Z</time></rtept><rtept lat="46.791898" lon="-89.791973"><ele>430.2</ele><time>2026-07-16T00:57:56Z</time></rtept><rtept lat="46.79194" lon="-89.792215"><ele>429.9</ele><time>2026-07-16T00:57:56Z</time></rtept><rtept lat="46.791932" lon="-89.792266"><ele>429.6</ele><time>2026-07-16T00:57:56Z</time></rtept><rtept lat="46.791924" lon="-89.792378"><ele>429.2</ele><time>2026-07-16T00:57:56Z</time></rtept><rtept lat="46.791914" lon="-89.792563"><ele>428.4</ele><time>2026-07-16T00:57:56Z</time></rtept><rtept lat="46.79191" lon="-89.792653"><ele>428.0</ele><time>2026-07-16T00:57:56Z</time></rtept><rtept lat="46.791883" lon="-89.792791"><ele>426.6</ele><time>2026-07-16T00:57:56Z</time></rtept><rtept lat="46.791839" lon="-89.792996"><ele>422.8</ele><time>2026-07-16T00:57:56Z</time></rtept><rtept lat="46.791828" lon="-89.793111"><ele>420.7</ele><time>2026-07-16T00:57:56Z</time></rtept><rtept lat="46.791825" lon="-89.793224"><ele>418.6</ele><time>2026-07-16T00:57:56Z</time></rtept><rtept lat="46.79184" lon="-89.793307"><ele>417.5</ele><time>2026-07-16T00:57:56Z</time></rtept><rtept lat="46.791858" lon="-89.793358"><ele>416.9</ele><time>2026-07-16T00:57:56Z</time></rtept><rtept lat="46.791897" lon="-89.793417"><ele>416.4</ele><time>2026-07-16T00:57:56Z</time></rtept><rtept lat="46.791937" lon="-89.79346"><ele>416.2</ele><time>2026-07-16T00:57:56Z</time></rtept><rtept lat="46.791993" lon="-89.793504"><ele>416.1</ele><time>2026-07-16T00:57:56Z</time></rtept><rtept lat="46.792027" lon="-89.793515"><ele>416.4</ele><time>2026-07-16T00:57:56Z</time></rtept><rtept lat="46.792064" lon="-89.793542"><ele>416.1</ele><time>2026-07-16T00:57:56Z</time></rtept><rtept lat="46.792082" lon="-89.793575"><ele>415.3</ele><time>2026-07-16T00:57:56Z</time></rtept><rtept lat="46.792086" lon="-89.793624"><ele>413.7</ele><time>2026-07-16T00:57:56Z</time></rtept><rtept lat="46.792078" lon="-89.793656"><ele>412.6</ele><time>2026-07-16T00:57:56Z</time></rtept><rtept lat="46.792047" lon="-89.793672"><ele>411.8</ele><time>2026-07-16T00:57:56Z</time></rtept><rtept lat="46.792002" lon="-89.793676"><ele>411.2</ele><time>2026-07-16T00:57:56Z</time></rtept><rtept lat="46.791958" lon="-89.793689"><ele>410.3</ele><time>2026-07-16T00:57:56Z</time></rtept><rtept lat="46.791907" lon="-89.793723"><ele>409.0</ele><time>2026-07-16T00:57:56Z</time></rtept><rtept lat="46.791855" lon="-89.793787"><ele>407.2</ele><time>2026-07-16T00:57:56Z</time></rtept><rtept lat="46.791824" lon="-89.793839"><ele>406.0</ele><time>2026-07-16T00:57:56Z</time></rtept><rtept lat="46.791778" lon="-89.793917"><ele>404.4</ele><time>2026-07-16T00:57:56Z</time></rtept><rtept lat="46.791751" lon="-89.793986"><ele>403.2</ele><time>2026-07-16T00:57:56Z</time></rtept><rtept lat="46.791724" lon="-89.794112"><ele>401.2</ele><time>2026-07-16T00:57:56Z</time></rtept><rtept lat="46.791734" lon="-89.794197"><ele>400.0</ele><time>2026-07-16T00:57:56Z</time></rtept><rtept lat="46.791785" lon="-89.794324"><ele>398.6</ele><time>2026-07-16T00:57:56Z</time></rtept><rtept lat="46.791841" lon="-89.794442"><ele>397.2</ele><time>2026-07-16T00:57:56Z</time></rtept><rtept lat="46.791906" lon="-89.794548"><ele>394.8</ele><time>2026-07-16T00:57:56Z</time></rtept><rtept lat="46.791976" lon="-89.79461"><ele>393.4</ele><time>2026-07-16T00:57:56Z</time></rtept><rtept lat="46.792053" lon="-89.794664"><ele>392.4</ele><time>2026-07-16T00:57:56Z</time></rtept><rtept lat="46.792139" lon="-89.794707"><ele>391.4</ele><time>2026-07-16T00:57:56Z</time></rtept><rtept lat="46.792223" lon="-89.794749"><ele>390.4</ele><time>2026-07-16T00:57:56Z</time></rtept><rtept lat="46.792322" lon="-89.794788"><ele>389.5</ele><time>2026-07-16T00:57:56Z</time></rtept><rtept lat="46.792435" lon="-89.79482"><ele>388.8</ele><time>2026-07-16T00:57:56Z</time></rtept><rtept lat="46.792538" lon="-89.79486"><ele>388.0</ele><time>2026-07-16T00:57:56Z</time></rtept><rtept lat="46.792602" lon="-89.794894"><ele>387.5</ele><time>2026-07-16T00:57:56Z</time></rtept><rtept lat="46.792664" lon="-89.794914"><ele>387.1</ele><time>2026-07-16T00:57:56Z</time></rtept><rtept lat="46.792732" lon="-89.794961"><ele>386.2</ele><time>2026-07-16T00:57:56Z</time></rtept><rtept lat="46.792797" lon="-89.795009"><ele>385.3</ele><time>2026-07-16T00:57:56Z</time></rtept><rtept lat="46.792835" lon="-89.795084"><ele>384.3</ele><time>2026-07-16T00:57:56Z</time></rtept><rtept lat="46.792816" lon="-89.795177"><ele>383.2</ele><time>2026-07-16T00:57:56Z</time></rtept><rtept lat="46.792785" lon="-89.795256"><ele>382.3</ele><time>2026-07-16T00:57:56Z</time></rtept><rtept lat="46.792733" lon="-89.795323"><ele>381.2</ele><time>2026-07-16T00:57:56Z</time></rtept><rtept lat="46.792667" lon="-89.795372"><ele>380.3</ele><time>2026-07-16T00:57:56Z</time></rtept><rtept lat="46.792583" lon="-89.795426"><ele>379.1</ele><time>2026-07-16T00:57:56Z</time></rtept><rtept lat="46.792459" lon="-89.795505"><ele>377.3</ele><time>2026-07-16T00:57:56Z</time></rtept><rtept lat="46.792367" lon="-89.795577"><ele>375.8</ele><time>2026-07-16T00:57:56Z</time></rtept><rtept lat="46.792217" lon="-89.795698"><ele>373.7</ele><time>2026-07-16T00:57:56Z</time></rtept><rtept lat="46.792117" lon="-89.79582"><ele>372.2</ele><time>2026-07-16T00:57:56Z</time></rtept><rtept lat="46.791995" lon="-89.795942"><ele>371.3</ele><time>2026-07-16T00:57:56Z</time></rtept><rtept lat="46.791891" lon="-89.796019"><ele>370.6</ele><time>2026-07-16T00:57:56Z</time></rtept><rtept lat="46.791802" lon="-89.796047"><ele>370.2</ele><time>2026-07-16T00:57:56Z</time></rtept><rtept lat="46.7917" lon="-89.796088"><ele>369.4</ele><time>2026-07-16T00:57:56Z</time></rtept><rtept lat="46.791622" lon="-89.79613"><ele>368.7</ele><time>2026-07-16T00:57:56Z</time></rtept><rtept lat="46.791515" lon="-89.796215"><ele>368.0</ele><time>2026-07-16T00:57:56Z</time></rtept><rtept lat="46.791414" lon="-89.796292"><ele>367.6</ele><time>2026-07-16T00:57:56Z</time></rtept><rtept lat="46.791308" lon="-89.79637"><ele>367.2</ele><time>2026-07-16T00:57:56Z</time></rtept><rtept lat="46.791232" lon="-89.796418"><ele>366.8</ele><time>2026-07-16T00:57:56Z</time></rtept><rtept lat="46.791151" lon="-89.796467"><ele>366.3</ele><time>2026-07-16T00:57:56Z</time></rtept><rtept lat="46.791069" lon="-89.796555"><ele>365.4</ele><time>2026-07-16T00:57:56Z</time></rtept><rtept lat="46.790972" lon="-89.796613"><ele>364.4</ele><time>2026-07-16T00:57:56Z</time></rtept><rtept lat="46.79089" lon="-89.796712"><ele>364.0</ele><time>2026-07-16T00:57:56Z</time></rtept><rtept lat="46.790852" lon="-89.796806"><ele>363.8</ele><time>2026-07-16T00:57:56Z</time></rtept><rtept lat="46.790815" lon="-89.79694"><ele>363.4</ele><time>2026-07-16T00:57:56Z</time></rtept><rtept lat="46.790763" lon="-89.797058"><ele>363.9</ele><time>2026-07-16T00:57:56Z</time></rtept><rtept lat="46.790763" lon="-89.797058"><ele>363.9</ele><time>2026-07-16T00:57:56Z</time></rtept><rtept lat="46.790764" lon="-89.797056"><ele>363.9</ele><time>2026-07-16T00:57:56Z</time></rtept><rtept lat="46.790649" lon="-89.797139"><ele>363.4</ele><time>2026-07-16T00:57:56Z</time></rtept><rtept lat="46.790534" lon="-89.79717"><ele>362.8</ele><time>2026-07-16T00:57:56Z</time></rtept><rtept lat="46.790423" lon="-89.79721"><ele>362.0</ele><time>2026-07-16T00:57:56Z</time></rtept><rtept lat="46.790326" lon="-89.797265"><ele>361.2</ele><time>2026-07-16T00:57:56Z</time></rtept><rtept lat="46.790228" lon="-89.79735"><ele>360.2</ele><time>2026-07-16T00:57:56Z</time></rtept><rtept lat="46.790135" lon="-89.797418"><ele>359.2</ele><time>2026-07-16T00:57:56Z</time></rtept><rtept lat="46.790027" lon="-89.797507"><ele>357.4</ele><time>2026-07-16T00:57:56Z</time></rtept><rtept lat="46.789957" lon="-89.797635"><ele>355.9</ele><time>2026-07-16T00:57:56Z</time></rtept><rtept lat="46.789916" lon="-89.797756"><ele>354.9</ele><time>2026-07-16T00:57:56Z</time></rtept><rtept lat="46.789886" lon="-89.797926"><ele>353.9</ele><time>2026-07-16T00:57:56Z</time></rtept><rtept lat="46.789828" lon="-89.798035"><ele>352.6</ele><time>2026-07-16T00:57:56Z</time></rtept><rtept lat="46.789774" lon="-89.798089"><ele>351.8</ele><time>2026-07-16T00:57:56Z</time></rtept><rtept lat="46.789747" lon="-89.798172"><ele>351.6</ele><time>2026-07-16T00:57:56Z</time></rtept><rtept lat="46.789748" lon="-89.798266"><ele>351.8</ele><time>2026-07-16T00:57:56Z</time></rtept><rtept lat="46.789759" lon="-89.798338"><ele>352.3</ele><time>2026-07-16T00:57:56Z</time></rtept><rtept lat="46.789762" lon="-89.798451"><ele>354.7</ele><time>2026-07-16T00:57:56Z</time></rtept><rtept lat="46.789703" lon="-89.798547"><ele>354.7</ele><time>2026-07-16T00:57:56Z</time></rtept><rtept lat="46.789619" lon="-89.798578"><ele>352.1</ele><time>2026-07-16T00:57:56Z</time></rtept><rtept lat="46.789508" lon="-89.798643"><ele>350.5</ele><time>2026-07-16T00:57:56Z</time></rtept><rtept lat="46.78946" lon="-89.798712"><ele>350.8</ele><time>2026-07-16T00:57:56Z</time></rtept><rtept lat="46.789396" lon="-89.798814"><ele>350.7</ele><time>2026-07-16T00:57:56Z</time></rtept><rtept lat="46.789336" lon="-89.798954"><ele>350.9</ele><time>2026-07-16T00:57:56Z</time></rtept><rtept lat="46.789241" lon="-89.799152"><ele>351.7</ele><time>2026-07-16T00:57:56Z</time></rtept><rtept lat="46.789169" lon="-89.799328"><ele>353.2</ele><time>2026-07-16T00:57:56Z</time></rtept><rtept lat="46.789078" lon="-89.799454"><ele>352.0</ele><time>2026-07-16T00:57:56Z</time></rtept><rtept lat="46.788957" lon="-89.79961"><ele>351.1</ele><time>2026-07-16T00:57:56Z</time></rtept><rtept lat="46.788876" lon="-89.799768"><ele>351.4</ele><time>2026-07-16T00:57:56Z</time></rtept><rtept lat="46.788804" lon="-89.799941"><ele>351.5</ele><time>2026-07-16T00:57:56Z</time></rtept><rtept lat="46.788731" lon="-89.800131"><ele>351.9</ele><time>2026-07-16T00:57:56Z</time></rtept><rtept lat="46.788701" lon="-89.800271"><ele>353.5</ele><time>2026-07-16T00:57:56Z</time></rtept><rtept lat="46.788614" lon="-89.800406"><ele>353.4</ele><time>2026-07-16T00:57:56Z</time></rtept><rtept lat="46.788576" lon="-89.800513"><ele>353.8</ele><time>2026-07-16T00:57:56Z</time></rtept><rtept lat="46.788492" lon="-89.800656"><ele>352.7</ele><time>2026-07-16T00:57:56Z</time></rtept><rtept lat="46.788423" lon="-89.80077"><ele>352.5</ele><time>2026-07-16T00:57:56Z</time></rtept><rtept lat="46.78833" lon="-89.800976"><ele>353.2</ele><time>2026-07-16T00:57:56Z</time></rtept><rtept lat="46.788274" lon="-89.80111"><ele>353.1</ele><time>2026-07-16T00:57:56Z</time></rtept><rtept lat="46.788212" lon="-89.801207"><ele>351.8</ele><time>2026-07-16T00:57:56Z</time></rtept><rtept lat="46.788157" lon="-89.801326"><ele>351.4</ele><time>2026-07-16T00:57:56Z</time></rtept><rtept lat="46.788108" lon="-89.801446"><ele>351.9</ele><time>2026-07-16T00:57:56Z</time></rtept><rtept lat="46.788096" lon="-89.801534"><ele>353.1</ele><time>2026-07-16T00:57:56Z</time></rtept><rtept lat="46.788075" lon="-89.80166"><ele>354.6</ele><time>2026-07-16T00:57:56Z</time></rtept><rtept lat="46.788045" lon="-89.801749"><ele>355.1</ele><time>2026-07-16T00:57:56Z</time></rtept><rtept lat="46.787984" lon="-89.801801"><ele>353.3</ele><time>2026-07-16T00:57:56Z</time></rtept><rtept lat="46.787916" lon="-89.801833"><ele>350.8</ele><time>2026-07-16T00:57:56Z</time></rtept><rtept lat="46.787866" lon="-89.801904"><ele>350.3</ele><time>2026-07-16T00:57:56Z</time></rtept><rtept lat="46.787801" lon="-89.802083"><ele>351.0</ele><time>2026-07-16T00:57:56Z</time></rtept><rtept lat="46.787771" lon="-89.802184"><ele>351.3</ele><time>2026-07-16T00:57:56Z</time></rtept><rtept lat="46.787716" lon="-89.802371"><ele>352.0</ele><time>2026-07-16T00:57:56Z</time></rtept><rtept lat="46.787681" lon="-89.802498"><ele>352.1</ele><time>2026-07-16T00:57:56Z</time></rtept><rtept lat="46.787624" lon="-89.802608"><ele>351.2</ele><time>2026-07-16T00:57:56Z</time></rtept><rtept lat="46.787562" lon="-89.802686"><ele>350.6</ele><time>2026-07-16T00:57:56Z</time></rtept><rtept lat="46.787481" lon="-89.80282"><ele>350.1</ele><time>2026-07-16T00:57:56Z</time></rtept><rtept lat="46.78734" lon="-89.803064"><ele>347.8</ele><time>2026-07-16T00:57:56Z</time></rtept><rtept lat="46.787255" lon="-89.803265"><ele>348.6</ele><time>2026-07-16T00:57:56Z</time></rtept><rtept lat="46.787177" lon="-89.803446"><ele>349.3</ele><time>2026-07-16T00:57:56Z</time></rtept><rtept lat="46.787109" lon="-89.803598"><ele>348.9</ele><time>2026-07-16T00:57:56Z</time></rtept><rtept lat="46.78704" lon="-89.803681"><ele>347.8</ele><time>2026-07-16T00:57:56Z</time></rtept><rtept lat="46.786994" lon="-89.803794"><ele>347.8</ele><time>2026-07-16T00:57:56Z</time></rtept><rtept lat="46.786914" lon="-89.803984"><ele>348.2</ele><time>2026-07-16T00:57:56Z</time></rtept><rtept lat="46.786867" lon="-89.804122"><ele>348.6</ele><time>2026-07-16T00:57:56Z</time></rtept><rtept lat="46.786838" lon="-89.80427"><ele>349.1</ele><time>2026-07-16T00:57:56Z</time></rtept><rtept lat="46.786774" lon="-89.804413"><ele>348.1</ele><time>2026-07-16T00:57:56Z</time></rtept><rtept lat="46.786747" lon="-89.804542"><ele>349.1</ele><time>2026-07-16T00:57:56Z</time></rtept><rtept lat="46.78672" lon="-89.804672"><ele>350.2</ele><time>2026-07-16T00:57:56Z</time></rtept><rtept lat="46.786657" lon="-89.804782"><ele>349.9</ele><time>2026-07-16T00:57:56Z</time></rtept><rtept lat="46.786617" lon="-89.804922"><ele>350.1</ele><time>2026-07-16T00:57:56Z</time></rtept><rtept lat="46.786574" lon="-89.805068"><ele>350.3</ele><time>2026-07-16T00:57:56Z</time></rtept><rtept lat="46.786522" lon="-89.805158"><ele>349.6</ele><time>2026-07-16T00:57:56Z</time></rtept><rtept lat="46.78644" lon="-89.805242"><ele>348.7</ele><time>2026-07-16T00:57:56Z</time></rtept><rtept lat="46.786372" lon="-89.805352"><ele>348.6</ele><time>2026-07-16T00:57:56Z</time></rtept><rtept lat="46.786333" lon="-89.805516"><ele>349.5</ele><time>2026-07-16T00:57:56Z</time></rtept><rtept lat="46.786325" lon="-89.80565"><ele>351.0</ele><time>2026-07-16T00:57:56Z</time></rtept><rtept lat="46.78629" lon="-89.805795"><ele>351.4</ele><time>2026-07-16T00:57:56Z</time></rtept><rtept lat="46.786242" lon="-89.805901"><ele>351.0</ele><time>2026-07-16T00:57:56Z</time></rtept><rtept lat="46.78617" lon="-89.80602"><ele>350.7</ele><time>2026-07-16T00:57:56Z</time></rtept><rtept lat="46.786108" lon="-89.806151"><ele>350.4</ele><time>2026-07-16T00:57:56Z</time></rtept><rtept lat="46.786077" lon="-89.806307"><ele>351.3</ele><time>2026-07-16T00:57:56Z</time></rtept><rtept lat="46.786074" lon="-89.806405"><ele>352.5</ele><time>2026-07-16T00:57:56Z</time></rtept><rtept lat="46.786044" lon="-89.806532"><ele>353.4</ele><time>2026-07-16T00:57:56Z</time></rtept><rtept lat="46.785987" lon="-89.806649"><ele>353.2</ele><time>2026-07-16T00:57:56Z</time></rtept><rtept lat="46.78592" lon="-89.806751"><ele>352.3</ele><time>2026-07-16T00:57:56Z</time></rtept><rtept lat="46.785878" lon="-89.806888"><ele>352.8</ele><time>2026-07-16T00:57:56Z</time></rtept><rtept lat="46.785852" lon="-89.806986"><ele>353.2</ele><time>2026-07-16T00:57:56Z</time></rtept><rtept lat="46.785824" lon="-89.807102"><ele>353.6</ele><time>2026-07-16T00:57:56Z</time></rtept><rtept lat="46.78575" lon="-89.80723"><ele>352.3</ele><time>2026-07-16T00:57:56Z</time></rtept><rtept lat="46.785656" lon="-89.807476"><ele>353.2</ele><time>2026-07-16T00:57:56Z</time></rtept><rtept lat="46.785589" lon="-89.807585"><ele>352.4</ele><time>2026-07-16T00:57:56Z</time></rtept><rtept lat="46.785518" lon="-89.807769"><ele>352.5</ele><time>2026-07-16T00:57:56Z</time></rtept><rtept lat="46.785466" lon="-89.807872"><ele>352.4</ele><time>2026-07-16T00:57:56Z</time></rtept><rtept lat="46.785416" lon="-89.807991"><ele>352.8</ele><time>2026-07-16T00:57:56Z</time></rtept><rtept lat="46.785391" lon="-89.808122"><ele>354.1</ele><time>2026-07-16T00:57:56Z</time></rtept><rtept lat="46.78536" lon="-89.808241"><ele>354.6</ele><time>2026-07-16T00:57:56Z</time></rtept><rtept lat="46.78531" lon="-89.808333"><ele>353.8</ele><time>2026-07-16T00:57:56Z</time></rtept><rtept lat="46.785255" lon="-89.808417"><ele>352.9</ele><time>2026-07-16T00:57:56Z</time></rtept><rtept lat="46.785204" lon="-89.808512"><ele>352.5</ele><time>2026-07-16T00:57:56Z</time></rtept><rtept lat="46.785148" lon="-89.808627"><ele>352.5</ele><time>2026-07-16T00:57:56Z</time></rtept><rtept lat="46.785081" lon="-89.80873"><ele>351.9</ele><time>2026-07-16T00:57:56Z</time></rtept><rtept lat="46.785001" lon="-89.808858"><ele>350.7</ele><time>2026-07-16T00:57:56Z</time></rtept><rtept lat="46.784934" lon="-89.808989"><ele>350.1</ele><time>2026-07-16T00:57:56Z</time></rtept><rtept lat="46.784874" lon="-89.809157"><ele>350.3</ele><time>2026-07-16T00:57:56Z</time></rtept><rtept lat="46.784816" lon="-89.809286"><ele>350.4</ele><time>2026-07-16T00:57:56Z</time></rtept><rtept lat="46.784787" lon="-89.809424"><ele>351.6</ele><time>2026-07-16T00:57:56Z</time></rtept><rtept lat="46.784759" lon="-89.809577"><ele>352.6</ele><time>2026-07-16T00:57:56Z</time></rtept><rtept lat="46.784726" lon="-89.809699"><ele>352.9</ele><time>2026-07-16T00:57:56Z</time></rtept><rtept lat="46.784663" lon="-89.809789"><ele>351.8</ele><time>2026-07-16T00:57:56Z</time></rtept><rtept lat="46.784588" lon="-89.809885"><ele>350.5</ele><time>2026-07-16T00:57:56Z</time></rtept><rtept lat="46.784543" lon="-89.809953"><ele>350.3</ele><time>2026-07-16T00:57:56Z</time></rtept><rtept lat="46.784479" lon="-89.81001"><ele>349.5</ele><time>2026-07-16T00:57:56Z</time></rtept><rtept lat="46.784438" lon="-89.810058"><ele>349.1</ele><time>2026-07-16T00:57:56Z</time></rtept><rtept lat="46.784424" lon="-89.810108"><ele>349.3</ele><time>2026-07-16T00:57:56Z</time></rtept><rtept lat="46.78442" lon="-89.810196"><ele>350.2</ele><time>2026-07-16T00:57:56Z</time></rtept><rtept lat="46.78437" lon="-89.810299"><ele>349.6</ele><time>2026-07-16T00:57:56Z</time></rtept><rtept lat="46.784304" lon="-89.810424"><ele>348.5</ele><time>2026-07-16T00:57:56Z</time></rtept><rtept lat="46.784196" lon="-89.810628"><ele>348.6</ele><time>2026-07-16T00:57:56Z</time></rtept><rtept lat="46.784141" lon="-89.810735"><ele>348.5</ele><time>2026-07-16T00:57:56Z</time></rtept><rtept lat="46.784046" lon="-89.810945"><ele>347.9</ele><time>2026-07-16T00:57:56Z</time></rtept><rtept lat="46.783984" lon="-89.811115"><ele>348.1</ele><time>2026-07-16T00:57:56Z</time></rtept><rtept lat="46.783944" lon="-89.811234"><ele>348.8</ele><time>2026-07-16T00:57:56Z</time></rtept><rtept lat="46.783872" lon="-89.811398"><ele>349.2</ele><time>2026-07-16T00:57:56Z</time></rtept><rtept lat="46.783709" lon="-89.811723"><ele>348.7</ele><time>2026-07-16T00:57:56Z</time></rtept><rtept lat="46.783654" lon="-89.811929"><ele>349.8</ele><time>2026-07-16T00:57:56Z</time></rtept><rtept lat="46.783605" lon="-89.812074"><ele>350.9</ele><time>2026-07-16T00:57:56Z</time></rtept><rtept lat="46.78354" lon="-89.812232"><ele>351.4</ele><time>2026-07-16T00:57:56Z</time></rtept><rtept lat="46.783455" lon="-89.812433"><ele>351.6</ele><time>2026-07-16T00:57:56Z</time></rtept><rtept lat="46.783379" lon="-89.812609"><ele>352.3</ele><time>2026-07-16T00:57:56Z</time></rtept><rtept lat="46.783337" lon="-89.812723"><ele>352.8</ele><time>2026-07-16T00:57:56Z</time></rtept><rtept lat="46.783297" lon="-89.812845"><ele>353.5</ele><time>2026-07-16T00:57:56Z</time></rtept><rtept lat="46.783283" lon="-89.812967"><ele>355.0</ele><time>2026-07-16T00:57:56Z</time></rtept><rtept lat="46.783218" lon="-89.813164"><ele>355.9</ele><time>2026-07-16T00:57:56Z</time></rtept><rtept lat="46.783153" lon="-89.813322"><ele>356.5</ele><time>2026-07-16T00:57:56Z</time></rtept><rtept lat="46.783077" lon="-89.813405"><ele>355.6</ele><time>2026-07-16T00:57:56Z</time></rtept><rtept lat="46.782967" lon="-89.813557"><ele>354.8</ele><time>2026-07-16T00:57:56Z</time></rtept><rtept lat="46.782885" lon="-89.813668"><ele>354.2</ele><time>2026-07-16T00:57:56Z</time></rtept><rtept lat="46.782831" lon="-89.813768"><ele>354.4</ele><time>2026-07-16T00:57:56Z</time></rtept><rtept lat="46.78272" lon="-89.813923"><ele>352.9</ele><time>2026-07-16T00:57:56Z</time></rtept><rtept lat="46.78268" lon="-89.813981"><ele>352.3</ele><time>2026-07-16T00:57:56Z</time></rtept><rtept lat="46.782616" lon="-89.814016"><ele>350.7</ele><time>2026-07-16T00:57:56Z</time></rtept><rtept lat="46.782485" lon="-89.814065"><ele>348.1</ele><time>2026-07-16T00:57:56Z</time></rtept><rtept lat="46.782403" lon="-89.814158"><ele>347.1</ele><time>2026-07-16T00:57:56Z</time></rtept><rtept lat="46.782325" lon="-89.814246"><ele>346.1</ele><time>2026-07-16T00:57:56Z</time></rtept><rtept lat="46.782268" lon="-89.814346"><ele>346.1</ele><time>2026-07-16T00:57:56Z</time></rtept><rtept lat="46.782199" lon="-89.814496"><ele>346.5</ele><time>2026-07-16T00:57:56Z</time></rtept><rtept lat="46.782155" lon="-89.814645"><ele>346.9</ele><time>2026-07-16T00:57:56Z</time></rtept><rtept lat="46.782154" lon="-89.814767"><ele>348.0</ele><time>2026-07-16T00:57:56Z</time></rtept><rtept lat="46.78213" lon="-89.814887"><ele>348.6</ele><time>2026-07-16T00:57:56Z</time></rtept><rtept lat="46.782077" lon="-89.815015"><ele>348.1</ele><time>2026-07-16T00:57:56Z</time></rtept><rtept lat="46.78195" lon="-89.815207"><ele>348.7</ele><time>2026-07-16T00:57:56Z</time></rtept><rtept lat="46.78183" lon="-89.815412"><ele>349.4</ele><time>2026-07-16T00:57:56Z</time></rtept><rtept lat="46.78153" lon="-89.815927"><ele>349.7</ele><time>2026-07-16T00:57:56Z</time></rtept><rtept lat="46.781287" lon="-89.816353"><ele>348.3</ele><time>2026-07-16T00:57:56Z</time></rtept><rtept lat="46.781215" lon="-89.816604"><ele>348.9</ele><time>2026-07-16T00:57:56Z</time></rtept><rtept lat="46.781195" lon="-89.816715"><ele>349.4</ele><time>2026-07-16T00:57:56Z</time></rtept><rtept lat="46.781157" lon="-89.816773"><ele>349.1</ele><time>2026-07-16T00:57:56Z</time></rtept><rtept lat="46.781042" lon="-89.816809"><ele>347.3</ele><time>2026-07-16T00:57:56Z</time></rtept><rtept lat="46.780961" lon="-89.816843"><ele>346.0</ele><time>2026-07-16T00:57:56Z</time></rtept><rtept lat="46.780861" lon="-89.816906"><ele>344.6</ele><time>2026-07-16T00:57:56Z</time></rtept><rtept lat="46.780766" lon="-89.817035"><ele>344.2</ele><time>2026-07-16T00:57:56Z</time></rtept><rtept lat="46.78066" lon="-89.817258"><ele>344.5</ele><time>2026-07-16T00:57:56Z</time></rtept><rtept lat="46.780708" lon="-89.817476"><ele>347.0</ele><time>2026-07-16T00:57:56Z</time></rtept><rtept lat="46.78056" lon="-89.817727"><ele>346.2</ele><time>2026-07-16T00:57:56Z</time></rtept><rtept lat="46.780589" lon="-89.817967"><ele>348.6</ele><time>2026-07-16T00:57:56Z</time></rtept><rtept lat="46.780525" lon="-89.818191"><ele>350.8</ele><time>2026-07-16T00:57:56Z</time></rtept><rtept lat="46.780452" lon="-89.818307"><ele>350.7</ele><time>2026-07-16T00:57:56Z</time></rtept><rtept lat="46.780395" lon="-89.818362"><ele>350.2</ele><time>2026-07-16T00:57:56Z</time></rtept><rtept lat="46.78032" lon="-89.818429"><ele>350.1</ele><time>2026-07-16T00:57:56Z</time></rtept><rtept lat="46.780231" lon="-89.818494"><ele>349.4</ele><time>2026-07-16T00:57:56Z</time></rtept><rtept lat="46.780153" lon="-89.818563"><ele>348.8</ele><time>2026-07-16T00:57:56Z</time></rtept><rtept lat="46.780103" lon="-89.818663"><ele>349.1</ele><time>2026-07-16T00:57:56Z</time></rtept><rtept lat="46.780045" lon="-89.818777"><ele>349.7</ele><time>2026-07-16T00:57:56Z</time></rtept><rtept lat="46.78" lon="-89.818909"><ele>350.8</ele><time>2026-07-16T00:57:56Z</time></rtept><rtept lat="46.779928" lon="-89.819029"><ele>351.3</ele><time>2026-07-16T00:57:56Z</time></rtept><rtept lat="46.779817" lon="-89.819166"><ele>350.9</ele><time>2026-07-16T00:57:56Z</time></rtept><rtept lat="46.779721" lon="-89.819233"><ele>349.4</ele><time>2026-07-16T00:57:56Z</time></rtept><rtept lat="46.779579" lon="-89.819436"><ele>348.8</ele><time>2026-07-16T00:57:56Z</time></rtept><rtept lat="46.77943" lon="-89.819655"><ele>347.2</ele><time>2026-07-16T00:57:56Z</time></rtept><rtept lat="46.779312" lon="-89.819862"><ele>345.7</ele><time>2026-07-16T00:57:56Z</time></rtept><rtept lat="46.779269" lon="-89.820072"><ele>347.2</ele><time>2026-07-16T00:57:56Z</time></rtept><rtept lat="46.779241" lon="-89.82021"><ele>348.3</ele><time>2026-07-16T00:57:56Z</time></rtept><rtept lat="46.779203" lon="-89.820339"><ele>348.6</ele><time>2026-07-16T00:57:56Z</time></rtept><rtept lat="46.779144" lon="-89.820442"><ele>347.9</ele><time>2026-07-16T00:57:56Z</time></rtept><rtept lat="46.779081" lon="-89.820528"><ele>347.1</ele><time>2026-07-16T00:57:56Z</time></rtept><rtept lat="46.778992" lon="-89.820603"><ele>345.7</ele><time>2026-07-16T00:57:56Z</time></rtept><rtept lat="46.7789" lon="-89.820751"><ele>345.4</ele><time>2026-07-16T00:57:56Z</time></rtept><rtept lat="46.778813" lon="-89.820921"><ele>345.4</ele><time>2026-07-16T00:57:56Z</time></rtept><rtept lat="46.778681" lon="-89.82114"><ele>345.1</ele><time>2026-07-16T00:57:56Z</time></rtept><rtept lat="46.778626" lon="-89.821217"><ele>345.1</ele><time>2026-07-16T00:57:56Z</time></rtept><rtept lat="46.778591" lon="-89.821325"><ele>345.8</ele><time>2026-07-16T00:57:56Z</time></rtept><rtept lat="46.77857" lon="-89.821457"><ele>347.4</ele><time>2026-07-16T00:57:56Z</time></rtept><rtept lat="46.778524" lon="-89.821543"><ele>347.4</ele><time>2026-07-16T00:57:56Z</time></rtept><rtept lat="46.778476" lon="-89.821609"><ele>346.5</ele><time>2026-07-16T00:57:56Z</time></rtept><rtept lat="46.778439" lon="-89.821653"><ele>346.1</ele><time>2026-07-16T00:57:56Z</time></rtept><rtept lat="46.778366" lon="-89.821673"><ele>344.8</ele><time>2026-07-16T00:57:56Z</time></rtept><rtept lat="46.778255" lon="-89.821702"><ele>342.9</ele><time>2026-07-16T00:57:56Z</time></rtept><rtept lat="46.778179" lon="-89.821763"><ele>342.0</ele><time>2026-07-16T00:57:56Z</time></rtept><rtept lat="46.77807" lon="-89.821857"><ele>340.5</ele><time>2026-07-16T00:57:56Z</time></rtept><rtept lat="46.777957" lon="-89.821899"><ele>338.2</ele><time>2026-07-16T00:57:56Z</time></rtept><rtept lat="46.777844" lon="-89.821899"><ele>335.4</ele><time>2026-07-16T00:57:56Z</time></rtept><rtept lat="46.777726" lon="-89.8219"><ele>332.5</ele><time>2026-07-16T00:57:56Z</time></rtept><rtept lat="46.777592" lon="-89.821967"><ele>329.9</ele><time>2026-07-16T00:57:56Z</time></rtept><rtept lat="46.777552" lon="-89.822023"><ele>329.4</ele><time>2026-07-16T00:57:56Z</time></rtept><rtept lat="46.777481" lon="-89.822137"><ele>328.9</ele><time>2026-07-16T00:57:56Z</time></rtept><rtept lat="46.777376" lon="-89.82227"><ele>328.1</ele><time>2026-07-16T00:57:56Z</time></rtept><rtept lat="46.777287" lon="-89.82236"><ele>327.4</ele><time>2026-07-16T00:57:56Z</time></rtept><rtept lat="46.777192" lon="-89.822445"><ele>326.2</ele><time>2026-07-16T00:57:56Z</time></rtept><rtept lat="46.777111" lon="-89.822463"><ele>324.4</ele><time>2026-07-16T00:57:56Z</time></rtept><rtept lat="46.777023" lon="-89.822521"><ele>323.2</ele><time>2026-07-16T00:57:56Z</time></rtept><rtept lat="46.776899" lon="-89.822597"><ele>321.6</ele><time>2026-07-16T00:57:56Z</time></rtept><rtept lat="46.776787" lon="-89.822681"><ele>320.1</ele><time>2026-07-16T00:57:56Z</time></rtept><rtept lat="46.776693" lon="-89.822773"><ele>319.8</ele><time>2026-07-16T00:57:56Z</time></rtept><rtept lat="46.776616" lon="-89.822882"><ele>319.6</ele><time>2026-07-16T00:57:56Z</time></rtept><rtept lat="46.776568" lon="-89.822988"><ele>319.4</ele><time>2026-07-16T00:57:56Z</time></rtept><rtept lat="46.776561" lon="-89.823103"><ele>320.0</ele><time>2026-07-16T00:57:56Z</time></rtept><rtept lat="46.776521" lon="-89.823233"><ele>320.2</ele><time>2026-07-16T00:57:56Z</time></rtept><rtept lat="46.776404" lon="-89.823434"><ele>320.8</ele><time>2026-07-16T00:57:56Z</time></rtept><rtept lat="46.776326" lon="-89.823564"><ele>320.9</ele><time>2026-07-16T00:57:56Z</time></rtept><rtept lat="46.776249" lon="-89.823623"><ele>320.1</ele><time>2026-07-16T00:57:56Z</time></rtept><rtept lat="46.776194" lon="-89.823669"><ele>320.0</ele><time>2026-07-16T00:57:56Z</time></rtept><rtept lat="46.776116" lon="-89.823794"><ele>320.0</ele><time>2026-07-16T00:57:56Z</time></rtept><rtept lat="46.77601" lon="-89.823932"><ele>319.8</ele><time>2026-07-16T00:57:56Z</time></rtept><rtept lat="46.775928" lon="-89.82405"><ele>319.7</ele><time>2026-07-16T00:57:56Z</time></rtept><rtept lat="46.775847" lon="-89.824141"><ele>319.5</ele><time>2026-07-16T00:57:56Z</time></rtept><rtept lat="46.775772" lon="-89.824203"><ele>319.1</ele><time>2026-07-16T00:57:56Z</time></rtept><rtept lat="46.775682" lon="-89.824289"><ele>318.8</ele><time>2026-07-16T00:57:56Z</time></rtept><rtept lat="46.775596" lon="-89.824428"><ele>319.2</ele><time>2026-07-16T00:57:56Z</time></rtept><rtept lat="46.775524" lon="-89.824523"><ele>319.2</ele><time>2026-07-16T00:57:56Z</time></rtept><rtept lat="46.775445" lon="-89.824577"><ele>318.7</ele><time>2026-07-16T00:57:56Z</time></rtept><rtept lat="46.775311" lon="-89.824743"><ele>318.7</ele><time>2026-07-16T00:57:56Z</time></rtept><rtept lat="46.775223" lon="-89.824889"><ele>319.1</ele><time>2026-07-16T00:57:56Z</time></rtept><rtept lat="46.775156" lon="-89.824991"><ele>319.1</ele><time>2026-07-16T00:57:56Z</time></rtept><rtept lat="46.775057" lon="-89.825105"><ele>319.2</ele><time>2026-07-16T00:57:56Z</time></rtept><rtept lat="46.774909" lon="-89.825238"><ele>319.1</ele><time>2026-07-16T00:57:56Z</time></rtept><rtept lat="46.774792" lon="-89.825357"><ele>318.9</ele><time>2026-07-16T00:57:56Z</time></rtept><rtept lat="46.774676" lon="-89.825418"><ele>318.5</ele><time>2026-07-16T00:57:56Z</time></rtept><rtept lat="46.774537" lon="-89.825454"><ele>318.0</ele><time>2026-07-16T00:57:56Z</time></rtept><rtept lat="46.774411" lon="-89.825494"><ele>317.5</ele><time>2026-07-16T00:57:56Z</time></rtept><rtept lat="46.774269" lon="-89.825555"><ele>316.9</ele><time>2026-07-16T00:57:56Z</time></rtept><rtept lat="46.774168" lon="-89.825615"><ele>316.7</ele><time>2026-07-16T00:57:56Z</time></rtept><rtept lat="46.774043" lon="-89.825652"><ele>316.4</ele><time>2026-07-16T00:57:56Z</time></rtept><rtept lat="46.773944" lon="-89.825662"><ele>315.9</ele><time>2026-07-16T00:57:56Z</time></rtept><rtept lat="46.773843" lon="-89.825659"><ele>315.3</ele><time>2026-07-16T00:57:56Z</time></rtept><rtept lat="46.773757" lon="-89.825714"><ele>315.2</ele><time>2026-07-16T00:57:56Z</time></rtept><rtept lat="46.773674" lon="-89.825791"><ele>315.1</ele><time>2026-07-16T00:57:56Z</time></rtept><rtept lat="46.773605" lon="-89.825875"><ele>315.2</ele><time>2026-07-16T00:57:56Z</time></rtept><rtept lat="46.773519" lon="-89.825947"><ele>315.1</ele><time>2026-07-16T00:57:56Z</time></rtept><rtept lat="46.773414" lon="-89.826002"><ele>314.8</ele><time>2026-07-16T00:57:56Z</time></rtept><rtept lat="46.773325" lon="-89.826025"><ele>314.3</ele><time>2026-07-16T00:57:56Z</time></rtept><rtept lat="46.773194" lon="-89.826044"><ele>313.5</ele><time>2026-07-16T00:57:56Z</time></rtept><rtept lat="46.773097" lon="-89.826064"><ele>313.3</ele><time>2026-07-16T00:57:56Z</time></rtept><rtept lat="46.773052" lon="-89.826135"><ele>313.6</ele><time>2026-07-16T00:57:56Z</time></rtept><rtept lat="46.772989" lon="-89.826245"><ele>313.9</ele><time>2026-07-16T00:57:56Z</time></rtept><rtept lat="46.772933" lon="-89.826385"><ele>314.1</ele><time>2026-07-16T00:57:56Z</time></rtept><rtept lat="46.772812" lon="-89.826513"><ele>313.9</ele><time>2026-07-16T00:57:56Z</time></rtept><rtept lat="46.772694" lon="-89.826717"><ele>314.4</ele><time>2026-07-16T00:57:56Z</time></rtept><rtept lat="46.772614" lon="-89.826881"><ele>314.6</ele><time>2026-07-16T00:57:56Z</time></rtept><rtept lat="46.772483" lon="-89.827039"><ele>314.4</ele><time>2026-07-16T00:57:56Z</time></rtept><rtept lat="46.77235" lon="-89.827185"><ele>314.6</ele><time>2026-07-16T00:57:56Z</time></rtept><rtept lat="46.77221" lon="-89.827334"><ele>314.5</ele><time>2026-07-16T00:57:56Z</time></rtept><rtept lat="46.772062" lon="-89.827566"><ele>315.1</ele><time>2026-07-16T00:57:56Z</time></rtept><rtept lat="46.771985" lon="-89.827716"><ele>315.3</ele><time>2026-07-16T00:57:56Z</time></rtept><rtept lat="46.771895" lon="-89.827792"><ele>315.4</ele><time>2026-07-16T00:57:56Z</time></rtept><rtept lat="46.77172" lon="-89.827808"><ele>314.5</ele><time>2026-07-16T00:57:56Z</time></rtept><rtept lat="46.771546" lon="-89.827845"><ele>313.6</ele><time>2026-07-16T00:57:56Z</time></rtept><rtept lat="46.771343" lon="-89.827871"><ele>312.1</ele><time>2026-07-16T00:57:56Z</time></rtept><rtept lat="46.771221" lon="-89.827861"><ele>311.1</ele><time>2026-07-16T00:57:56Z</time></rtept><rtept lat="46.771088" lon="-89.827758"><ele>309.7</ele><time>2026-07-16T00:57:56Z</time></rtept><rtept lat="46.77103" lon="-89.827695"><ele>308.8</ele><time>2026-07-16T00:57:56Z</time></rtept><rtept lat="46.770956" lon="-89.827657"><ele>308.1</ele><time>2026-07-16T00:57:56Z</time></rtept><rtept lat="46.770896" lon="-89.827686"><ele>308.1</ele><time>2026-07-16T00:57:56Z</time></rtept><rtept lat="46.770817" lon="-89.827723"><ele>308.0</ele><time>2026-07-16T00:57:56Z</time></rtept><rtept lat="46.770761" lon="-89.827773"><ele>308.2</ele><time>2026-07-16T00:57:56Z</time></rtept><rtept lat="46.770647" lon="-89.827848"><ele>308.1</ele><time>2026-07-16T00:57:56Z</time></rtept><rtept lat="46.770567" lon="-89.827936"><ele>308.1</ele><time>2026-07-16T00:57:56Z</time></rtept><rtept lat="46.770487" lon="-89.827958"><ele>307.9</ele><time>2026-07-16T00:57:56Z</time></rtept><rtept lat="46.770414" lon="-89.827971"><ele>307.7</ele><time>2026-07-16T00:57:56Z</time></rtept><rtept lat="46.770317" lon="-89.827985"><ele>307.1</ele><time>2026-07-16T00:57:56Z</time></rtept><rtept lat="46.770204" lon="-89.828002"><ele>306.4</ele><time>2026-07-16T00:57:56Z</time></rtept><rtept lat="46.770082" lon="-89.828026"><ele>305.8</ele><time>2026-07-16T00:57:56Z</time></rtept><rtept lat="46.769982" lon="-89.828066"><ele>305.4</ele><time>2026-07-16T00:57:56Z</time></rtept><rtept lat="46.769879" lon="-89.828101"><ele>305.1</ele><time>2026-07-16T00:57:56Z</time></rtept><rtept lat="46.769785" lon="-89.828089"><ele>305.0</ele><time>2026-07-16T00:57:56Z</time></rtept><rtept lat="46.769681" lon="-89.828092"><ele>305.0</ele><time>2026-07-16T00:57:56Z</time></rtept><rtept lat="46.769596" lon="-89.828109"><ele>305.0</ele><time>2026-07-16T00:57:56Z</time></rtept><rtept lat="46.769531" lon="-89.828159"><ele>304.9</ele><time>2026-07-16T00:57:56Z</time></rtept><rtept lat="46.769428" lon="-89.828276"><ele>304.9</ele><time>2026-07-16T00:57:56Z</time></rtept><rtept lat="46.769352" lon="-89.828345"><ele>305.0</ele><time>2026-07-16T00:57:56Z</time></rtept><rtept lat="46.769272" lon="-89.828375"><ele>304.9</ele><time>2026-07-16T00:57:56Z</time></rtept><rtept lat="46.769173" lon="-89.828375"><ele>304.5</ele><time>2026-07-16T00:57:56Z</time></rtept><rtept lat="46.769109" lon="-89.828355"><ele>304.3</ele><time>2026-07-16T00:57:56Z</time></rtept><rtept lat="46.769045" lon="-89.828301"><ele>304.1</ele><time>2026-07-16T00:57:56Z</time></rtept><rtept lat="46.769009" lon="-89.828214"><ele>304.0</ele><time>2026-07-16T00:57:56Z</time></rtept><rtept lat="46.768995" lon="-89.828151"><ele>304.1</ele><time>2026-07-16T00:57:56Z</time></rtept><rtept lat="46.768975" lon="-89.82803"><ele>304.3</ele><time>2026-07-16T00:57:56Z</time></rtept><rtept lat="46.768938" lon="-89.827851"><ele>304.8</ele><time>2026-07-16T00:57:56Z</time></rtept><rtept lat="46.768906" lon="-89.827738"><ele>305.1</ele><time>2026-07-16T00:57:56Z</time></rtept><rtept lat="46.768859" lon="-89.827635"><ele>305.3</ele><time>2026-07-16T00:57:56Z</time></rtept><rtept lat="46.768807" lon="-89.827596"><ele>305.5</ele><time>2026-07-16T00:57:56Z</time></rtept><rtept lat="46.768757" lon="-89.827585"><ele>305.7</ele><time>2026-07-16T00:57:56Z</time></rtept><rtept lat="46.768673" lon="-89.827588"><ele>306.0</ele><time>2026-07-16T00:57:56Z</time></rtept><rtept lat="46.768584" lon="-89.8276"><ele>306.2</ele><time>2026-07-16T00:57:56Z</time></rtept><rtept lat="46.768479" lon="-89.827614"><ele>306.6</ele><time>2026-07-16T00:57:56Z</time></rtept><rtept lat="46.768376" lon="-89.827663"><ele>306.6</ele><time>2026-07-16T00:57:56Z</time></rtept><rtept lat="46.768282" lon="-89.827691"><ele>306.8</ele><time>2026-07-16T00:57:56Z</time></rtept><rtept lat="46.768158" lon="-89.827714"><ele>307.0</ele><time>2026-07-16T00:57:56Z</time></rtept><rtept lat="46.768007" lon="-89.827746"><ele>307.1</ele><time>2026-07-16T00:57:56Z</time></rtept><rtept lat="46.76786" lon="-89.827735"><ele>307.3</ele><time>2026-07-16T00:57:56Z</time></rtept><rtept lat="46.767752" lon="-89.827673"><ele>307.7</ele><time>2026-07-16T00:57:56Z</time></rtept><rtept lat="46.767591" lon="-89.827614"><ele>308.1</ele><time>2026-07-16T00:57:56Z</time></rtept><rtept lat="46.767519" lon="-89.827612"><ele>308.3</ele><time>2026-07-16T00:57:56Z</time></rtept><rtept lat="46.767434" lon="-89.827644"><ele>308.4</ele><time>2026-07-16T00:57:56Z</time></rtept><rtept lat="46.767369" lon="-89.827694"><ele>308.3</ele><time>2026-07-16T00:57:56Z</time></rtept><rtept lat="46.767318" lon="-89.827772"><ele>308.2</ele><time>2026-07-16T00:57:56Z</time></rtept><rtept lat="46.767282" lon="-89.827825"><ele>308.1</ele><time>2026-07-16T00:57:56Z</time></rtept><rtept lat="46.767222" lon="-89.827875"><ele>308.2</ele><time>2026-07-16T00:57:56Z</time></rtept><rtept lat="46.767139" lon="-89.827891"><ele>308.4</ele><time>2026-07-16T00:57:56Z</time></rtept><rtept lat="46.767054" lon="-89.827899"><ele>308.6</ele><time>2026-07-16T00:57:56Z</time></rtept><rtept lat="46.766979" lon="-89.827875"><ele>308.7</ele><time>2026-07-16T00:57:56Z</time></rtept><rtept lat="46.766869" lon="-89.82786"><ele>308.7</ele><time>2026-07-16T00:57:56Z</time></rtept><rtept lat="46.766813" lon="-89.827871"><ele>308.7</ele><time>2026-07-16T00:57:56Z</time></rtept><rtept lat="46.766761" lon="-89.827936"><ele>308.4</ele><time>2026-07-16T00:57:56Z</time></rtept><rtept lat="46.76669" lon="-89.828062"><ele>308.0</ele><time>2026-07-16T00:57:56Z</time></rtept><rtept lat="46.766655" lon="-89.828182"><ele>307.3</ele><time>2026-07-16T00:57:56Z</time></rtept><rtept lat="46.766612" lon="-89.828265"><ele>306.7</ele><time>2026-07-16T00:57:56Z</time></rtept><rtept lat="46.766542" lon="-89.828339"><ele>306.1</ele><time>2026-07-16T00:57:56Z</time></rtept><rtept lat="46.766476" lon="-89.828359"><ele>306.2</ele><time>2026-07-16T00:57:56Z</time></rtept><rtept lat="46.766407" lon="-89.828408"><ele>306.3</ele><time>2026-07-16T00:57:56Z</time></rtept><rtept lat="46.766345" lon="-89.828475"><ele>306.3</ele><time>2026-07-16T00:57:56Z</time></rtept><rtept lat="46.766256" lon="-89.828619"><ele>306.0</ele><time>2026-07-16T00:57:56Z</time></rtept><rtept lat="46.766167" lon="-89.82884"><ele>306.1</ele><time>2026-07-16T00:57:56Z</time></rtept><rtept lat="46.766075" lon="-89.829011"><ele>306.0</ele><time>2026-07-16T00:57:56Z</time></rtept><rtept lat="46.765947" lon="-89.829267"><ele>306.0</ele><time>2026-07-16T00:57:56Z</time></rtept><rtept lat="46.765883" lon="-89.829421"><ele>306.0</ele><time>2026-07-16T00:57:56Z</time></rtept><rtept lat="46.765785" lon="-89.829662"><ele>305.7</ele><time>2026-07-16T00:57:56Z</time></rtept><rtept lat="46.765684" lon="-89.829855"><ele>306.0</ele><time>2026-07-16T00:57:56Z</time></rtept><rtept lat="46.765594" lon="-89.829968"><ele>306.0</ele><time>2026-07-16T00:57:56Z</time></rtept><rtept lat="46.765547" lon="-89.830069"><ele>305.9</ele><time>2026-07-16T00:57:56Z</time></rtept><rtept lat="46.765435" lon="-89.830243"><ele>305.9</ele><time>2026-07-16T00:57:56Z</time></rtept><rtept lat="46.765369" lon="-89.830309"><ele>306.0</ele><time>2026-07-16T00:57:56Z</time></rtept><rtept lat="46.765286" lon="-89.830383"><ele>305.8</ele><time>2026-07-16T00:57:56Z</time></rtept><rtept lat="46.765192" lon="-89.830472"><ele>305.4</ele><time>2026-07-16T00:57:56Z</time></rtept><rtept lat="46.765127" lon="-89.830547"><ele>305.1</ele><time>2026-07-16T00:57:56Z</time></rtept><rtept lat="46.76507" lon="-89.830691"><ele>305.1</ele><time>2026-07-16T00:57:56Z</time></rtept><rtept lat="46.765032" lon="-89.830781"><ele>305.1</ele><time>2026-07-16T00:57:56Z</time></rtept><rtept lat="46.764969" lon="-89.830876"><ele>305.0</ele><time>2026-07-16T00:57:56Z</time></rtept><rtept lat="46.764913" lon="-89.83091"><ele>305.0</ele><time>2026-07-16T00:57:56Z</time></rtept><rtept lat="46.764851" lon="-89.831018"><ele>305.0</ele><time>2026-07-16T00:57:56Z</time></rtept><rtept lat="46.764844" lon="-89.831148"><ele>304.9</ele><time>2026-07-16T00:57:56Z</time></rtept><rtept lat="46.764823" lon="-89.831277"><ele>304.5</ele><time>2026-07-16T00:57:56Z</time></rtept><rtept lat="46.764767" lon="-89.8314"><ele>304.3</ele><time>2026-07-16T00:57:56Z</time></rtept><rtept lat="46.764709" lon="-89.831482"><ele>304.2</ele><time>2026-07-16T00:57:56Z</time></rtept><rtept lat="46.764618" lon="-89.831541"><ele>304.3</ele><time>2026-07-16T00:57:56Z</time></rtept><rtept lat="46.76448" lon="-89.831681"><ele>304.3</ele><time>2026-07-16T00:57:56Z</time></rtept><rtept lat="46.764356" lon="-89.831713"><ele>304.8</ele><time>2026-07-16T00:57:56Z</time></rtept><rtept lat="46.764258" lon="-89.831742"><ele>305.0</ele><time>2026-07-16T00:57:56Z</time></rtept><rtept lat="46.764133" lon="-89.831834"><ele>305.0</ele><time>2026-07-16T00:57:56Z</time></rtept><rtept lat="46.764052" lon="-89.831922"><ele>305.0</ele><time>2026-07-16T00:57:56Z</time></rtept><rtept lat="46.763962" lon="-89.832016"><ele>304.4</ele><time>2026-07-16T00:57:56Z</time></rtept><rtept lat="46.763804" lon="-89.832139"><ele>302.4</ele><time>2026-07-16T00:57:56Z</time></rtept><rtept lat="46.763679" lon="-89.832153"><ele>302.2</ele><time>2026-07-16T00:57:56Z</time></rtept><rtept lat="46.763638" lon="-89.832178"><ele>302.4</ele><time>2026-07-16T00:57:56Z</time></rtept><rtept lat="46.763562" lon="-89.832239"><ele>303.1</ele><time>2026-07-16T00:57:56Z</time></rtept><rtept lat="46.763539" lon="-89.832326"><ele>303.5</ele><time>2026-07-16T00:57:56Z</time></rtept><rtept lat="46.763547" lon="-89.832436"><ele>303.5</ele><time>2026-07-16T00:57:56Z</time></rtept><rtept lat="46.763552" lon="-89.832609"><ele>303.8</ele><time>2026-07-16T00:57:56Z</time></rtept><rtept lat="46.763546" lon="-89.832782"><ele>304.4</ele><time>2026-07-16T00:57:56Z</time></rtept><rtept lat="46.7635" lon="-89.832937"><ele>304.4</ele><time>2026-07-16T00:57:56Z</time></rtept><rtept lat="46.763444" lon="-89.833093"><ele>303.8</ele><time>2026-07-16T00:57:56Z</time></rtept><rtept lat="46.763421" lon="-89.83325"><ele>302.5</ele><time>2026-07-16T00:57:56Z</time></rtept><rtept lat="46.763387" lon="-89.833495"><ele>301.4</ele><time>2026-07-16T00:57:56Z</time></rtept><rtept lat="46.763335" lon="-89.833651"><ele>301.8</ele><time>2026-07-16T00:57:56Z</time></rtept><rtept lat="46.763263" lon="-89.833778"><ele>302.6</ele><time>2026-07-16T00:57:56Z</time></rtept><rtept lat="46.763175" lon="-89.83383"><ele>303.5</ele><time>2026-07-16T00:57:56Z</time></rtept><rtept lat="46.763096" lon="-89.83386"><ele>303.9</ele><time>2026-07-16T00:57:56Z</time></rtept><rtept lat="46.763016" lon="-89.83391"><ele>304.2</ele><time>2026-07-16T00:57:56Z</time></rtept><rtept lat="46.762924" lon="-89.833947"><ele>304.9</ele><time>2026-07-16T00:57:56Z</time></rtept><rtept lat="46.762837" lon="-89.833954"><ele>305.2</ele><time>2026-07-16T00:57:56Z</time></rtept><rtept lat="46.76279" lon="-89.834152"><ele>305.0</ele><time>2026-07-16T00:57:56Z</time></rtept><rtept lat="46.762712" lon="-89.83424"><ele>304.8</ele><time>2026-07-16T00:57:56Z</time></rtept><rtept lat="46.762604" lon="-89.83426"><ele>305.1</ele><time>2026-07-16T00:57:56Z</time></rtept><rtept lat="46.762582" lon="-89.834437"><ele>305.0</ele><time>2026-07-16T00:57:56Z</time></rtept><rtept lat="46.76243" lon="-89.83461"><ele>304.7</ele><time>2026-07-16T00:57:56Z</time></rtept><rtept lat="46.762304" lon="-89.834736"><ele>304.9</ele><time>2026-07-16T00:57:56Z</time></rtept><rtept lat="46.762175" lon="-89.834891"><ele>304.4</ele><time>2026-07-16T00:57:56Z</time></rtept><rtept lat="46.76211" lon="-89.835103"><ele>304.2</ele><time>2026-07-16T00:57:56Z</time></rtept><rtept lat="46.762067" lon="-89.835295"><ele>303.9</ele><time>2026-07-16T00:57:56Z</time></rtept><rtept lat="46.762015" lon="-89.835476"><ele>302.2</ele><time>2026-07-16T00:57:56Z</time></rtept><rtept lat="46.761999" lon="-89.835616"><ele>301.4</ele><time>2026-07-16T00:57:56Z</time></rtept><rtept lat="46.762023" lon="-89.835913"><ele>301.0</ele><time>2026-07-16T00:57:56Z</time></rtept><rtept lat="46.762067" lon="-89.836046"><ele>301.6</ele><time>2026-07-16T00:57:56Z</time></rtept><rtept lat="46.762112" lon="-89.836222"><ele>302.4</ele><time>2026-07-16T00:57:56Z</time></rtept><rtept lat="46.762131" lon="-89.836404"><ele>303.4</ele><time>2026-07-16T00:57:56Z</time></rtept><rtept lat="46.762116" lon="-89.836534"><ele>304.1</ele><time>2026-07-16T00:57:56Z</time></rtept><rtept lat="46.762104" lon="-89.836668"><ele>304.8</ele><time>2026-07-16T00:57:56Z</time></rtept><rtept lat="46.762118" lon="-89.836824"><ele>305.2</ele><time>2026-07-16T00:57:56Z</time></rtept><rtept lat="46.762161" lon="-89.836938"><ele>305.1</ele><time>2026-07-16T00:57:56Z</time></rtept><rtept lat="46.762224" lon="-89.837099"><ele>305.0</ele><time>2026-07-16T00:57:56Z</time></rtept><rtept lat="46.762284" lon="-89.837301"><ele>305.5</ele><time>2026-07-16T00:57:56Z</time></rtept><rtept lat="46.762365" lon="-89.837414"><ele>305.6</ele><time>2026-07-16T00:57:56Z</time></rtept><rtept lat="46.762431" lon="-89.83751"><ele>304.8</ele><time>2026-07-16T00:57:56Z</time></rtept><rtept lat="46.762529" lon="-89.837603"><ele>303.2</ele><time>2026-07-16T00:57:56Z</time></rtept><rtept lat="46.762598" lon="-89.837677"><ele>302.3</ele><time>2026-07-16T00:57:56Z</time></rtept><rtept lat="46.762705" lon="-89.837824"><ele>301.1</ele><time>2026-07-16T00:57:56Z</time></rtept><rtept lat="46.762795" lon="-89.837979"><ele>300.2</ele><time>2026-07-16T00:57:56Z</time></rtept><rtept lat="46.762851" lon="-89.838181"><ele>299.5</ele><time>2026-07-16T00:57:56Z</time></rtept><rtept lat="46.762884" lon="-89.83841"><ele>298.8</ele><time>2026-07-16T00:57:56Z</time></rtept><rtept lat="46.762917" lon="-89.838653"><ele>298.1</ele><time>2026-07-16T00:57:56Z</time></rtept><rtept lat="46.762914" lon="-89.838866"><ele>299.0</ele><time>2026-07-16T00:57:56Z</time></rtept><rtept lat="46.762881" lon="-89.839133"><ele>300.4</ele><time>2026-07-16T00:57:56Z</time></rtept><rtept lat="46.762825" lon="-89.839397"><ele>301.6</ele><time>2026-07-16T00:57:56Z</time></rtept><rtept lat="46.76281" lon="-89.839607"><ele>301.5</ele><time>2026-07-16T00:57:56Z</time></rtept><rtept lat="46.762823" lon="-89.839772"><ele>301.2</ele><time>2026-07-16T00:57:56Z</time></rtept><rtept lat="46.762847" lon="-89.840001"><ele>300.5</ele><time>2026-07-16T00:57:56Z</time></rtept><rtept lat="46.762872" lon="-89.840174"><ele>299.7</ele><time>2026-07-16T00:57:56Z</time></rtept><rtept lat="46.762901" lon="-89.840372"><ele>298.2</ele><time>2026-07-16T00:57:56Z</time></rtept><rtept lat="46.762914" lon="-89.840561"><ele>296.0</ele><time>2026-07-16T00:57:56Z</time></rtept><rtept lat="46.762894" lon="-89.840812"><ele>294.7</ele><time>2026-07-16T00:57:56Z</time></rtept><rtept lat="46.76289" lon="-89.840976"><ele>294.7</ele><time>2026-07-16T00:57:56Z</time></rtept><rtept lat="46.762908" lon="-89.841153"><ele>294.2</ele><time>2026-07-16T00:57:56Z</time></rtept><rtept lat="46.76291" lon="-89.841271"><ele>294.1</ele><time>2026-07-16T00:57:56Z</time></rtept><rtept lat="46.762881" lon="-89.841376"><ele>294.7</ele><time>2026-07-16T00:57:56Z</time></rtept><rtept lat="46.762889" lon="-89.841502"><ele>294.8</ele><time>2026-07-16T00:57:56Z</time></rtept><rtept lat="46.762943" lon="-89.841677"><ele>294.8</ele><time>2026-07-16T00:57:56Z</time></rtept><rtept lat="46.762936" lon="-89.841866"><ele>295.5</ele><time>2026-07-16T00:57:56Z</time></rtept><rtept lat="46.762906" lon="-89.842045"><ele>296.0</ele><time>2026-07-16T00:57:56Z</time></rtept><rtept lat="46.762848" lon="-89.842247"><ele>296.2</ele><time>2026-07-16T00:57:56Z</time></rtept><rtept lat="46.76278" lon="-89.842412"><ele>295.8</ele><time>2026-07-16T00:57:56Z</time></rtept><rtept lat="46.762706" lon="-89.842524"><ele>295.7</ele><time>2026-07-16T00:57:56Z</time></rtept><rtept lat="46.76266" lon="-89.842652"><ele>295.9</ele><time>2026-07-16T00:57:56Z</time></rtept><rtept lat="46.762673" lon="-89.842813"><ele>295.8</ele><time>2026-07-16T00:57:56Z</time></rtept><rtept lat="46.762724" lon="-89.842982"><ele>295.4</ele><time>2026-07-16T00:57:56Z</time></rtept><rtept lat="46.762774" lon="-89.843198"><ele>295.3</ele><time>2026-07-16T00:57:56Z</time></rtept><rtept lat="46.762794" lon="-89.843472"><ele>295.4</ele><time>2026-07-16T00:57:56Z</time></rtept><rtept lat="46.762822" lon="-89.843692"><ele>295.3</ele><time>2026-07-16T00:57:56Z</time></rtept><rtept lat="46.762911" lon="-89.843846"><ele>295.0</ele><time>2026-07-16T00:57:56Z</time></rtept><rtept lat="46.763132" lon="-89.844164"><ele>295.0</ele><time>2026-07-16T00:57:56Z</time></rtept><rtept lat="46.763303" lon="-89.844307"><ele>294.8</ele><time>2026-07-16T00:57:56Z</time></rtept><rtept lat="46.763383" lon="-89.844368"><ele>294.8</ele><time>2026-07-16T00:57:56Z</time></rtept><rtept lat="46.763512" lon="-89.844496"><ele>294.7</ele><time>2026-07-16T00:57:56Z</time></rtept><rtept lat="46.763596" lon="-89.844626"><ele>294.1</ele><time>2026-07-16T00:57:56Z</time></rtept><rtept lat="46.763659" lon="-89.84474"><ele>293.6</ele><time>2026-07-16T00:57:56Z</time></rtept><rtept lat="46.763708" lon="-89.84488"><ele>292.7</ele><time>2026-07-16T00:57:56Z</time></rtept><rtept lat="46.763769" lon="-89.844999"><ele>291.9</ele><time>2026-07-16T00:57:56Z</time></rtept><rtept lat="46.763798" lon="-89.845144"><ele>291.4</ele><time>2026-07-16T00:57:56Z</time></rtept><rtept lat="46.763811" lon="-89.845316"><ele>290.9</ele><time>2026-07-16T00:57:56Z</time></rtept><rtept lat="46.763822" lon="-89.845483"><ele>290.3</ele><time>2026-07-16T00:57:56Z</time></rtept><rtept lat="46.763819" lon="-89.845648"><ele>289.7</ele><time>2026-07-16T00:57:56Z</time></rtept><rtept lat="46.763796" lon="-89.845796"><ele>289.3</ele><time>2026-07-16T00:57:56Z</time></rtept><rtept lat="46.763771" lon="-89.845949"><ele>288.6</ele><time>2026-07-16T00:57:56Z</time></rtept><rtept lat="46.763722" lon="-89.846065"><ele>288.2</ele><time>2026-07-16T00:57:56Z</time></rtept><rtept lat="46.763664" lon="-89.846197"><ele>287.7</ele><time>2026-07-16T00:57:56Z</time></rtept><rtept lat="46.76362" lon="-89.846312"><ele>287.3</ele><time>2026-07-16T00:57:56Z</time></rtept><rtept lat="46.763542" lon="-89.846402"><ele>287.0</ele><time>2026-07-16T00:57:56Z</time></rtept><rtept lat="46.763456" lon="-89.846414"><ele>287.0</ele><time>2026-07-16T00:57:56Z</time></rtept><rtept lat="46.763362" lon="-89.846393"><ele>287.0</ele><time>2026-07-16T00:57:56Z</time></rtept><rtept lat="46.763269" lon="-89.846418"><ele>287.0</ele><time>2026-07-16T00:57:56Z</time></rtept><rtept lat="46.763217" lon="-89.846449"><ele>287.0</ele><time>2026-07-16T00:57:56Z</time></rtept><rtept lat="46.76321" lon="-89.846491"><ele>287.0</ele><time>2026-07-16T00:57:56Z</time></rtept><rtept lat="46.763229" lon="-89.846575"><ele>287.0</ele><time>2026-07-16T00:57:56Z</time></rtept><rtept lat="46.76327" lon="-89.846609"><ele>287.0</ele><time>2026-07-16T00:57:56Z</time></rtept><rtept lat="46.763347" lon="-89.846655"><ele>287.0</ele><time>2026-07-16T00:57:56Z</time></rtept><rtept lat="46.763426" lon="-89.846669"><ele>287.0</ele><time>2026-07-16T00:57:56Z</time></rtept><rtept lat="46.763533" lon="-89.846673"><ele>287.3</ele><time>2026-07-16T00:57:56Z</time></rtept><rtept lat="46.763613" lon="-89.846747"><ele>288.2</ele><time>2026-07-16T00:57:56Z</time></rtept><rtept lat="46.763667" lon="-89.846807"><ele>289.1</ele><time>2026-07-16T00:57:56Z</time></rtept><rtept lat="46.763708" lon="-89.84687"><ele>289.9</ele><time>2026-07-16T00:57:56Z</time></rtept><rtept lat="46.763704" lon="-89.847004"><ele>291.7</ele><time>2026-07-16T00:57:56Z</time></rtept><rtept lat="46.763683" lon="-89.847208"><ele>295.0</ele><time>2026-07-16T00:57:56Z</time></rtept><rtept lat="46.763676" lon="-89.847463"><ele>296.5</ele><time>2026-07-16T00:57:56Z</time></rtept><rtept lat="46.763658" lon="-89.84771"><ele>296.7</ele><time>2026-07-16T00:57:56Z</time></rtept><rtept lat="46.763617" lon="-89.847915"><ele>296.5</ele><time>2026-07-16T00:57:56Z</time></rtept><rtept lat="46.763564" lon="-89.848148"><ele>296.2</ele><time>2026-07-16T00:57:56Z</time></rtept><rtept lat="46.763519" lon="-89.848321"><ele>296.0</ele><time>2026-07-16T00:57:56Z</time></rtept><rtept lat="46.763508" lon="-89.848379"><ele>295.8</ele><time>2026-07-16T00:57:56Z</time></rtept><rtept lat="46.763531" lon="-89.848482"><ele>295.5</ele><time>2026-07-16T00:57:56Z</time></rtept><rtept lat="46.763566" lon="-89.848585"><ele>295.1</ele><time>2026-07-16T00:57:56Z</time></rtept><rtept lat="46.763619" lon="-89.848694"><ele>295.0</ele><time>2026-07-16T00:57:56Z</time></rtept><rtept lat="46.76367" lon="-89.848847"><ele>295.0</ele><time>2026-07-16T00:57:56Z</time></rtept><rtept lat="46.763676" lon="-89.849002"><ele>294.6</ele><time>2026-07-16T00:57:56Z</time></rtept><rtept lat="46.763666" lon="-89.849216"><ele>294.0</ele><time>2026-07-16T00:57:56Z</time></rtept><rtept lat="46.763681" lon="-89.84944"><ele>294.0</ele><time>2026-07-16T00:57:56Z</time></rtept><rtept lat="46.763702" lon="-89.849603"><ele>294.0</ele><time>2026-07-16T00:57:56Z</time></rtept><rtept lat="46.76372" lon="-89.849806"><ele>293.7</ele><time>2026-07-16T00:57:56Z</time></rtept><rtept lat="46.76372" lon="-89.85002"><ele>293.0</ele><time>2026-07-16T00:57:56Z</time></rtept><rtept lat="46.763703" lon="-89.850384"><ele>292.6</ele><time>2026-07-16T00:57:56Z</time></rtept><rtept lat="46.763689" lon="-89.850696"><ele>292.0</ele><time>2026-07-16T00:57:56Z</time></rtept><rtept lat="46.763674" lon="-89.850952"><ele>292.0</ele><time>2026-07-16T00:57:56Z</time></rtept><rtept lat="46.763703" lon="-89.851175"><ele>291.8</ele><time>2026-07-16T00:57:56Z</time></rtept><rtept lat="46.763742" lon="-89.851367"><ele>291.1</ele><time>2026-07-16T00:57:56Z</time></rtept><rtept lat="46.76377" lon="-89.851655"><ele>291.0</ele><time>2026-07-16T00:57:56Z</time></rtept><rtept lat="46.763762" lon="-89.851838"><ele>290.4</ele><time>2026-07-16T00:57:56Z</time></rtept><rtept lat="46.763738" lon="-89.852002"><ele>290.0</ele><time>2026-07-16T00:57:56Z</time></rtept><rtept lat="46.763741" lon="-89.852201"><ele>290.0</ele><time>2026-07-16T00:57:56Z</time></rtept><rtept lat="46.763778" lon="-89.852362"><ele>289.5</ele><time>2026-07-16T00:57:56Z</time></rtept><rtept lat="46.763812" lon="-89.852487"><ele>289.0</ele><time>2026-07-16T00:57:56Z</time></rtept><rtept lat="46.763813" lon="-89.852698"><ele>288.8</ele><time>2026-07-16T00:57:56Z</time></rtept><rtept lat="46.76379" lon="-89.852882"><ele>288.5</ele><time>2026-07-16T00:57:56Z</time></rtept><rtept lat="46.763721" lon="-89.853038"><ele>288.2</ele><time>2026-07-16T00:57:56Z</time></rtept><rtept lat="46.76366" lon="-89.853158"><ele>288.3</ele><time>2026-07-16T00:57:56Z</time></rtept><rtept lat="46.763578" lon="-89.853364"><ele>288.6</ele><time>2026-07-16T00:57:56Z</time></rtept><rtept lat="46.763517" lon="-89.853488"><ele>288.8</ele><time>2026-07-16T00:57:56Z</time></rtept><rtept lat="46.763477" lon="-89.853598"><ele>289.0</ele><time>2026-07-16T00:57:56Z</time></rtept><rtept lat="46.763495" lon="-89.853787"><ele>288.9</ele><time>2026-07-16T00:57:56Z</time></rtept><rtept lat="46.76352" lon="-89.853908"><ele>288.7</ele><time>2026-07-16T00:57:56Z</time></rtept><rtept lat="46.763538" lon="-89.854056"><ele>288.5</ele><time>2026-07-16T00:57:56Z</time></rtept><rtept lat="46.763554" lon="-89.85429"><ele>288.0</ele><time>2026-07-16T00:57:56Z</time></rtept><rtept lat="46.763559" lon="-89.854463"><ele>287.3</ele><time>2026-07-16T00:57:56Z</time></rtept><rtept lat="46.763592" lon="-89.854615"><ele>286.2</ele><time>2026-07-16T00:57:56Z</time></rtept><rtept lat="46.763625" lon="-89.854732"><ele>285.4</ele><time>2026-07-16T00:57:56Z</time></rtept><rtept lat="46.763654" lon="-89.854866"><ele>285.2</ele><time>2026-07-16T00:57:56Z</time></rtept><rtept lat="46.763653" lon="-89.855021"><ele>285.0</ele><time>2026-07-16T00:57:56Z</time></rtept><rtept lat="46.763622" lon="-89.855176"><ele>284.7</ele><time>2026-07-16T00:57:56Z</time></rtept><rtept lat="46.763557" lon="-89.855323"><ele>284.6</ele><time>2026-07-16T00:57:56Z</time></rtept><rtept lat="46.763474" lon="-89.855461"><ele>284.3</ele><time>2026-07-16T00:57:56Z</time></rtept><rtept lat="46.763477" lon="-89.855722"><ele>284.0</ele><time>2026-07-16T00:57:56Z</time></rtept><rtept lat="46.763298" lon="-89.855692"><ele>284.3</ele><time>2026-07-16T00:57:56Z</time></rtept><rtept lat="46.763176" lon="-89.855896"><ele>284.1</ele><time>2026-07-16T00:57:56Z</time></rtept><rtept lat="46.763068" lon="-89.856173"><ele>283.9</ele><time>2026-07-16T00:57:56Z</time></rtept><rtept lat="46.763069" lon="-89.856402"><ele>283.4</ele><time>2026-07-16T00:57:56Z</time></rtept><rtept lat="46.763084" lon="-89.856586"><ele>283.1</ele><time>2026-07-16T00:57:56Z</time></rtept><rtept lat="46.763114" lon="-89.85684"><ele>282.6</ele><time>2026-07-16T00:57:56Z</time></rtept><rtept lat="46.763156" lon="-89.856935"><ele>282.2</ele><time>2026-07-16T00:57:56Z</time></rtept><rtept lat="46.763223" lon="-89.857075"><ele>282.0</ele><time>2026-07-16T00:57:56Z</time></rtept><rtept lat="46.763274" lon="-89.857243"><ele>281.7</ele><time>2026-07-16T00:57:56Z</time></rtept><rtept lat="46.763278" lon="-89.857422"><ele>281.2</ele><time>2026-07-16T00:57:56Z</time></rtept><rtept lat="46.76327" lon="-89.857552"><ele>280.9</ele><time>2026-07-16T00:57:56Z</time></rtept><rtept lat="46.763224" lon="-89.857661"><ele>280.9</ele><time>2026-07-16T00:57:56Z</time></rtept><rtept lat="46.763162" lon="-89.857772"><ele>281.0</ele><time>2026-07-16T00:57:56Z</time></rtept><rtept lat="46.76311" lon="-89.857874"><ele>280.8</ele><time>2026-07-16T00:57:56Z</time></rtept><rtept lat="46.763073" lon="-89.857993"><ele>280.6</ele><time>2026-07-16T00:57:56Z</time></rtept><rtept lat="46.763047" lon="-89.858114"><ele>280.4</ele><time>2026-07-16T00:57:56Z</time></rtept><rtept lat="46.762915" lon="-89.858279"><ele>280.2</ele><time>2026-07-16T00:57:56Z</time></rtept><rtept lat="46.762802" lon="-89.858316"><ele>280.4</ele><time>2026-07-16T00:57:56Z</time></rtept><rtept lat="46.762685" lon="-89.858347"><ele>280.8</ele><time>2026-07-16T00:57:56Z</time></rtept><rtept lat="46.762575" lon="-89.858378"><ele>280.9</ele><time>2026-07-16T00:57:56Z</time></rtept><rtept lat="46.762422" lon="-89.858401"><ele>280.9</ele><time>2026-07-16T00:57:56Z</time></rtept><rtept lat="46.762259" lon="-89.858422"><ele>281.0</ele><time>2026-07-16T00:57:56Z</time></rtept><rtept lat="46.762165" lon="-89.858426"><ele>281.0</ele><time>2026-07-16T00:57:56Z</time></rtept><rtept lat="46.762046" lon="-89.858492"><ele>281.1</ele><time>2026-07-16T00:57:56Z</time></rtept><rtept lat="46.761968" lon="-89.858575"><ele>281.4</ele><time>2026-07-16T00:57:56Z</time></rtept><rtept lat="46.761879" lon="-89.8587"><ele>281.7</ele><time>2026-07-16T00:57:56Z</time></rtept><rtept lat="46.761842" lon="-89.858772"><ele>281.9</ele><time>2026-07-16T00:57:56Z</time></rtept><rtept lat="46.761809" lon="-89.858892"><ele>282.0</ele><time>2026-07-16T00:57:56Z</time></rtept><rtept lat="46.761772" lon="-89.859039"><ele>282.8</ele><time>2026-07-16T00:57:56Z</time></rtept><rtept lat="46.761706" lon="-89.859102"><ele>283.5</ele><time>2026-07-16T00:57:56Z</time></rtept><rtept lat="46.76164" lon="-89.859169"><ele>284.2</ele><time>2026-07-16T00:57:56Z</time></rtept><rtept lat="46.761544" lon="-89.859211"><ele>284.9</ele><time>2026-07-16T00:57:56Z</time></rtept><rtept lat="46.761471" lon="-89.859271"><ele>284.7</ele><time>2026-07-16T00:57:56Z</time></rtept><rtept lat="46.761461" lon="-89.859322"><ele>284.8</ele><time>2026-07-16T00:57:56Z</time></rtept><rtept lat="46.761444" lon="-89.859416"><ele>284.9</ele><time>2026-07-16T00:57:56Z</time></rtept><rtept lat="46.76138" lon="-89.859494"><ele>284.7</ele><time>2026-07-16T00:57:56Z</time></rtept><rtept lat="46.76128" lon="-89.859597"><ele>284.8</ele><time>2026-07-16T00:57:56Z</time></rtept><rtept lat="46.761184" lon="-89.859691"><ele>283.3</ele><time>2026-07-16T00:57:56Z</time></rtept><rtept lat="46.761151" lon="-89.859729"><ele>282.5</ele><time>2026-07-16T00:57:56Z</time></rtept><rtept lat="46.761126" lon="-89.859776"><ele>281.6</ele><time>2026-07-16T00:57:56Z</time></rtept><rtept lat="46.761093" lon="-89.859907"><ele>280.6</ele><time>2026-07-16T00:57:56Z</time></rtept><rtept lat="46.761045" lon="-89.860096"><ele>279.6</ele><time>2026-07-16T00:57:56Z</time></rtept><rtept lat="46.760981" lon="-89.86024"><ele>279.0</ele><time>2026-07-16T00:57:56Z</time></rtept><rtept lat="46.76088" lon="-89.860422"><ele>277.2</ele><time>2026-07-16T00:57:56Z</time></rtept><rtept lat="46.760726" lon="-89.860583"><ele>275.6</ele><time>2026-07-16T00:57:56Z</time></rtept><rtept lat="46.76061" lon="-89.8607"><ele>274.5</ele><time>2026-07-16T00:57:56Z</time></rtept><rtept lat="46.760508" lon="-89.860776"><ele>273.6</ele><time>2026-07-16T00:57:56Z</time></rtept><rtept lat="46.760409" lon="-89.860835"><ele>272.8</ele><time>2026-07-16T00:57:56Z</time></rtept><rtept lat="46.760318" lon="-89.860923"><ele>271.6</ele><time>2026-07-16T00:57:56Z</time></rtept><rtept lat="46.760224" lon="-89.861032"><ele>270.8</ele><time>2026-07-16T00:57:56Z</time></rtept><rtept lat="46.760134" lon="-89.861204"><ele>271.6</ele><time>2026-07-16T00:57:56Z</time></rtept><rtept lat="46.760083" lon="-89.861358"><ele>273.3</ele><time>2026-07-16T00:57:56Z</time></rtept><rtept lat="46.760032" lon="-89.861515"><ele>273.8</ele><time>2026-07-16T00:57:56Z</time></rtept><rtept lat="46.759967" lon="-89.861677"><ele>274.8</ele><time>2026-07-16T00:57:56Z</time></rtept><rtept lat="46.759879" lon="-89.861834"><ele>275.3</ele><time>2026-07-16T00:57:56Z</time></rtept><rtept lat="46.759795" lon="-89.861924"><ele>275.1</ele><time>2026-07-16T00:57:56Z</time></rtept><rtept lat="46.759691" lon="-89.862018"><ele>274.6</ele><time>2026-07-16T00:57:56Z</time></rtept><rtept lat="46.759598" lon="-89.8621"><ele>274.7</ele><time>2026-07-16T00:57:56Z</time></rtept><rtept lat="46.759502" lon="-89.862118"><ele>274.2</ele><time>2026-07-16T00:57:56Z</time></rtept><rtept lat="46.759419" lon="-89.862177"><ele>274.2</ele><time>2026-07-16T00:57:56Z</time></rtept><rtept lat="46.759288" lon="-89.86222"><ele>273.8</ele><time>2026-07-16T00:57:56Z</time></rtept><rtept lat="46.759154" lon="-89.862195"><ele>271.9</ele><time>2026-07-16T00:57:56Z</time></rtept><rtept lat="46.759014" lon="-89.862155"><ele>269.6</ele><time>2026-07-16T00:57:56Z</time></rtept><rtept lat="46.758887" lon="-89.862122"><ele>267.4</ele><time>2026-07-16T00:57:56Z</time></rtept><rtept lat="46.758791" lon="-89.862126"><ele>266.2</ele><time>2026-07-16T00:57:56Z</time></rtept><rtept lat="46.758687" lon="-89.862139"><ele>265.0</ele><time>2026-07-16T00:57:56Z</time></rtept><rtept lat="46.758605" lon="-89.862188"><ele>264.5</ele><time>2026-07-16T00:57:56Z</time></rtept><rtept lat="46.758573" lon="-89.862285"><ele>265.7</ele><time>2026-07-16T00:57:56Z</time></rtept><rtept lat="46.758507" lon="-89.862454"><ele>267.8</ele><time>2026-07-16T00:57:56Z</time></rtept><rtept lat="46.758423" lon="-89.862662"><ele>269.8</ele><time>2026-07-16T00:57:56Z</time></rtept><rtept lat="46.758335" lon="-89.862894"><ele>271.2</ele><time>2026-07-16T00:57:56Z</time></rtept><rtept lat="46.75828" lon="-89.863034"><ele>272.2</ele><time>2026-07-16T00:57:56Z</time></rtept><rtept lat="46.758264" lon="-89.863215"><ele>273.1</ele><time>2026-07-16T00:57:56Z</time></rtept><rtept lat="46.758233" lon="-89.863565"><ele>274.1</ele><time>2026-07-16T00:57:56Z</time></rtept><rtept lat="46.758174" lon="-89.863858"><ele>273.8</ele><time>2026-07-16T00:57:56Z</time></rtept><rtept lat="46.758122" lon="-89.864143"><ele>272.8</ele><time>2026-07-16T00:57:56Z</time></rtept><rtept lat="46.758087" lon="-89.864213"><ele>272.4</ele><time>2026-07-16T00:57:56Z</time></rtept><rtept lat="46.757992" lon="-89.864398"><ele>271.4</ele><time>2026-07-16T00:57:56Z</time></rtept><rtept lat="46.757874" lon="-89.864578"><ele>269.6</ele><time>2026-07-16T00:57:56Z</time></rtept><rtept lat="46.757762" lon="-89.864767"><ele>266.6</ele><time>2026-07-16T00:57:56Z</time></rtept><rtept lat="46.757679" lon="-89.864899"><ele>265.2</ele><time>2026-07-16T00:57:56Z</time></rtept><rtept lat="46.75763" lon="-89.865082"><ele>264.5</ele><time>2026-07-16T00:57:56Z</time></rtept><rtept lat="46.757639" lon="-89.865342"><ele>263.1</ele><time>2026-07-16T00:57:56Z</time></rtept><rtept lat="46.757681" lon="-89.865537"><ele>260.9</ele><time>2026-07-16T00:57:56Z</time></rtept><rtept lat="46.757736" lon="-89.865659"><ele>260.0</ele><time>2026-07-16T00:57:56Z</time></rtept><rtept lat="46.757824" lon="-89.865794"><ele>259.8</ele><time>2026-07-16T00:57:56Z</time></rtept><rtept lat="46.757902" lon="-89.865927"><ele>259.6</ele><time>2026-07-16T00:57:56Z</time></rtept><rtept lat="46.757986" lon="-89.866042"><ele>260.2</ele><time>2026-07-16T00:57:56Z</time></rtept><rtept lat="46.75803" lon="-89.866171"><ele>259.4</ele><time>2026-07-16T00:57:56Z</time></rtept><rtept lat="46.758079" lon="-89.866303"><ele>258.6</ele><time>2026-07-16T00:57:56Z</time></rtept><rtept lat="46.758096" lon="-89.86643"><ele>257.4</ele><time>2026-07-16T00:57:56Z</time></rtept><rtept lat="46.758089" lon="-89.866575"><ele>255.7</ele><time>2026-07-16T00:57:56Z</time></rtept><rtept lat="46.75809" lon="-89.866692"><ele>254.6</ele><time>2026-07-16T00:57:56Z</time></rtept><rtept lat="46.75811" lon="-89.86682"><ele>254.0</ele><time>2026-07-16T00:57:56Z</time></rtept><rtept lat="46.758158" lon="-89.866937"><ele>254.6</ele><time>2026-07-16T00:57:56Z</time></rtept><rtept lat="46.75818" lon="-89.867075"><ele>253.1</ele><time>2026-07-16T00:57:56Z</time></rtept><rtept lat="46.758165" lon="-89.867208"><ele>250.3</ele><time>2026-07-16T00:57:56Z</time></rtept><rtept lat="46.758122" lon="-89.867331"><ele>248.0</ele><time>2026-07-16T00:57:56Z</time></rtept><rtept lat="46.758072" lon="-89.867449"><ele>245.8</ele><time>2026-07-16T00:57:56Z</time></rtept><rtept lat="46.758007" lon="-89.867523"><ele>243.5</ele><time>2026-07-16T00:57:56Z</time></rtept><rtept lat="46.758077" lon="-89.867622"><ele>244.9</ele><time>2026-07-16T00:57:56Z</time></rtept><rtept lat="46.758118" lon="-89.867763"><ele>245.2</ele><time>2026-07-16T00:57:56Z</time></rtept><rtept lat="46.75815" lon="-89.867939"><ele>245.2</ele><time>2026-07-16T00:57:56Z</time></rtept><rtept lat="46.758191" lon="-89.868023"><ele>246.0</ele><time>2026-07-16T00:57:56Z</time></rtept><rtept lat="46.758244" lon="-89.868136"><ele>246.2</ele><time>2026-07-16T00:57:56Z</time></rtept><rtept lat="46.758298" lon="-89.868255"><ele>246.3</ele><time>2026-07-16T00:57:56Z</time></rtept><rtept lat="46.75834" lon="-89.868345"><ele>246.5</ele><time>2026-07-16T00:57:56Z</time></rtept><rtept lat="46.758403" lon="-89.868515"><ele>246.3</ele><time>2026-07-16T00:57:56Z</time></rtept><rtept lat="46.758437" lon="-89.868652"><ele>245.9</ele><time>2026-07-16T00:57:56Z</time></rtept><rtept lat="46.758477" lon="-89.868811"><ele>245.6</ele><time>2026-07-16T00:57:56Z</time></rtept><rtept lat="46.758539" lon="-89.868986"><ele>244.9</ele><time>2026-07-16T00:57:56Z</time></rtept><rtept lat="46.758578" lon="-89.869183"><ele>243.6</ele><time>2026-07-16T00:57:56Z</time></rtept><rtept lat="46.75855" lon="-89.869334"><ele>241.9</ele><time>2026-07-16T00:57:56Z</time></rtept><rtept lat="46.758514" lon="-89.869478"><ele>240.1</ele><time>2026-07-16T00:57:56Z</time></rtept><rtept lat="46.758482" lon="-89.869745"><ele>237.0</ele><time>2026-07-16T00:57:56Z</time></rtept><rtept lat="46.758478" lon="-89.86992"><ele>235.7</ele><time>2026-07-16T00:57:56Z</time></rtept><rtept lat="46.758501" lon="-89.870087"><ele>235.2</ele><time>2026-07-16T00:57:56Z</time></rtept><rtept lat="46.758512" lon="-89.870263"><ele>234.6</ele><time>2026-07-16T00:57:56Z</time></rtept><rtept lat="46.75848" lon="-89.870406"><ele>234.1</ele><time>2026-07-16T00:57:56Z</time></rtept><rtept lat="46.758477" lon="-89.870569"><ele>233.9</ele><time>2026-07-16T00:57:56Z</time></rtept><rtept lat="46.758492" lon="-89.870781"><ele>232.6</ele><time>2026-07-16T00:57:56Z</time></rtept><rtept lat="46.758579" lon="-89.871006"><ele>231.8</ele><time>2026-07-16T00:57:56Z</time></rtept><rtept lat="46.758693" lon="-89.87121"><ele>232.1</ele><time>2026-07-16T00:57:56Z</time></rtept><rtept lat="46.758859" lon="-89.871506"><ele>230.3</ele><time>2026-07-16T00:57:56Z</time></rtept><rtept lat="46.758941" lon="-89.871566"><ele>230.9</ele><time>2026-07-16T00:57:56Z</time></rtept><rtept lat="46.75908" lon="-89.871833"><ele>227.9</ele><time>2026-07-16T00:57:56Z</time></rtept><rtept lat="46.759191" lon="-89.871969"><ele>227.0</ele><time>2026-07-16T00:57:56Z</time></rtept><rtept lat="46.759252" lon="-89.872075"><ele>226.2</ele><time>2026-07-16T00:57:56Z</time></rtept><rtept lat="46.759379" lon="-89.872157"><ele>225.8</ele><time>2026-07-16T00:57:56Z</time></rtept><rtept lat="46.75949" lon="-89.87228"><ele>225.2</ele><time>2026-07-16T00:57:56Z</time></rtept><rtept lat="46.759641" lon="-89.872422"><ele>223.7</ele><time>2026-07-16T00:57:56Z</time></rtept><rtept lat="46.759795" lon="-89.872533"><ele>223.1</ele><time>2026-07-16T00:57:56Z</time></rtept><rtept lat="46.759906" lon="-89.872579"><ele>223.0</ele><time>2026-07-16T00:57:56Z</time></rtept><rtept lat="46.760033" lon="-89.872605"><ele>222.9</ele><time>2026-07-16T00:57:56Z</time></rtept><rtept lat="46.760172" lon="-89.872638"><ele>222.5</ele><time>2026-07-16T00:57:56Z</time></rtept><rtept lat="46.760292" lon="-89.872698"><ele>221.7</ele><time>2026-07-16T00:57:56Z</time></rtept><rtept lat="46.760427" lon="-89.872834"><ele>220.4</ele><time>2026-07-16T00:57:56Z</time></rtept><rtept lat="46.760504" lon="-89.872912"><ele>220.0</ele><time>2026-07-16T00:57:56Z</time></rtept><rtept lat="46.760596" lon="-89.872987"><ele>219.9</ele><time>2026-07-16T00:57:56Z</time></rtept><rtept lat="46.760656" lon="-89.873059"><ele>219.7</ele><time>2026-07-16T00:57:56Z</time></rtept><rtept lat="46.760715" lon="-89.873146"><ele>219.5</ele><time>2026-07-16T00:57:56Z</time></rtept><rtept lat="46.760797" lon="-89.873259"><ele>219.5</ele><time>2026-07-16T00:57:56Z</time></rtept><rtept lat="46.76088" lon="-89.873368"><ele>219.8</ele><time>2026-07-16T00:57:56Z</time></rtept><rtept lat="46.760904" lon="-89.873397"><ele>219.8</ele><time>2026-07-16T00:57:56Z</time></rtept><rtept lat="46.760904" lon="-89.8734"><ele>219.8</ele><time>2026-07-16T00:57:56Z</time></rtept><rtept lat="46.760986" lon="-89.873499"><ele>219.8</ele><time>2026-07-16T00:57:56Z</time></rtept><rtept lat="46.761017" lon="-89.873619"><ele>219.1</ele><time>2026-07-16T00:57:56Z</time></rtept><rtept lat="46.76107" lon="-89.873711"><ele>218.2</ele><time>2026-07-16T00:57:56Z</time></rtept><rtept lat="46.761143" lon="-89.873852"><ele>217.2</ele><time>2026-07-16T00:57:56Z</time></rtept><rtept lat="46.761207" lon="-89.874042"><ele>216.6</ele><time>2026-07-16T00:57:56Z</time></rtept><rtept lat="46.761254" lon="-89.874179"><ele>216.0</ele><time>2026-07-16T00:57:56Z</time></rtept><rtept lat="46.761274" lon="-89.874331"><ele>215.5</ele><time>2026-07-16T00:57:56Z</time></rtept><rtept lat="46.761278" lon="-89.874457"><ele>215.1</ele><time>2026-07-16T00:57:56Z</time></rtept><rtept lat="46.76129" lon="-89.874654"><ele>215.1</ele><time>2026-07-16T00:57:56Z</time></rtept><rtept lat="46.761331" lon="-89.874822"><ele>215.3</ele><time>2026-07-16T00:57:56Z</time></rtept><rtept lat="46.761345" lon="-89.875089"><ele>215.1</ele><time>2026-07-16T00:57:56Z</time></rtept><rtept lat="46.761343" lon="-89.875193"><ele>214.9</ele><time>2026-07-16T00:57:56Z</time></rtept><rtept lat="46.761354" lon="-89.875343"><ele>214.5</ele><time>2026-07-16T00:57:56Z</time></rtept><rtept lat="46.761391" lon="-89.875532"><ele>214.1</ele><time>2026-07-16T00:57:56Z</time></rtept><rtept lat="46.761435" lon="-89.875667"><ele>214.2</ele><time>2026-07-16T00:57:56Z</time></rtept><rtept lat="46.761476" lon="-89.875815"><ele>214.5</ele><time>2026-07-16T00:57:56Z</time></rtept><rtept lat="46.76155" lon="-89.876014"><ele>213.8</ele><time>2026-07-16T00:57:56Z</time></rtept><rtept lat="46.761651" lon="-89.876255"><ele>212.1</ele><time>2026-07-16T00:57:56Z</time></rtept><rtept lat="46.761719" lon="-89.876414"><ele>211.1</ele><time>2026-07-16T00:57:56Z</time></rtept><rtept lat="46.761814" lon="-89.87658"><ele>210.0</ele><time>2026-07-16T00:57:56Z</time></rtept><rtept lat="46.761898" lon="-89.876718"><ele>209.0</ele><time>2026-07-16T00:57:56Z</time></rtept><rtept lat="46.761991" lon="-89.876851"><ele>208.3</ele><time>2026-07-16T00:57:56Z</time></rtept><rtept lat="46.762107" lon="-89.87701"><ele>207.7</ele><time>2026-07-16T00:57:56Z</time></rtept><rtept lat="46.762211" lon="-89.877082"><ele>207.7</ele><time>2026-07-16T00:57:56Z</time></rtept><rtept lat="46.762303" lon="-89.877097"><ele>208.0</ele><time>2026-07-16T00:57:56Z</time></rtept><rtept lat="46.762423" lon="-89.877127"><ele>208.2</ele><time>2026-07-16T00:57:56Z</time></rtept><rtept lat="46.762511" lon="-89.87721"><ele>207.6</ele><time>2026-07-16T00:57:56Z</time></rtept><rtept lat="46.762585" lon="-89.877299"><ele>207.2</ele><time>2026-07-16T00:57:56Z</time></rtept><rtept lat="46.762719" lon="-89.877474"><ele>206.5</ele><time>2026-07-16T00:57:56Z</time></rtept><rtept lat="46.762826" lon="-89.877627"><ele>205.8</ele><time>2026-07-16T00:57:56Z</time></rtept><rtept lat="46.762986" lon="-89.877854"><ele>205.0</ele><time>2026-07-16T00:57:56Z</time></rtept><rtept lat="46.763147" lon="-89.87807"><ele>204.7</ele><time>2026-07-16T00:57:56Z</time></rtept><rtept lat="46.763343" lon="-89.878275"><ele>203.4</ele><time>2026-07-16T00:57:56Z</time></rtept><rtept lat="46.76355" lon="-89.87842"><ele>201.9</ele><time>2026-07-16T00:57:56Z</time></rtept><rtept lat="46.76367" lon="-89.878479"><ele>201.1</ele><time>2026-07-16T00:57:56Z</time></rtept><rtept lat="46.763868" lon="-89.87857"><ele>200.7</ele><time>2026-07-16T00:57:56Z</time></rtept><rtept lat="46.76404" lon="-89.878631"><ele>200.8</ele><time>2026-07-16T00:57:56Z</time></rtept><rtept lat="46.764267" lon="-89.878734"><ele>200.4</ele><time>2026-07-16T00:57:56Z</time></rtept><rtept lat="46.764372" lon="-89.878818"><ele>200.1</ele><time>2026-07-16T00:57:56Z</time></rtept><rtept lat="46.764461" lon="-89.878878"><ele>199.5</ele><time>2026-07-16T00:57:56Z</time></rtept><rtept lat="46.764563" lon="-89.87895"><ele>198.8</ele><time>2026-07-16T00:57:56Z</time></rtept><rtept lat="46.764634" lon="-89.87899"><ele>198.6</ele><time>2026-07-16T00:57:56Z</time></rtept><rtept lat="46.764724" lon="-89.878923"><ele>198.9</ele><time>2026-07-16T00:57:56Z</time></rtept><rtept lat="46.764794" lon="-89.878863"><ele>199.1</ele><time>2026-07-16T00:57:56Z</time></rtept><rtept lat="46.764842" lon="-89.878791"><ele>199.4</ele><time>2026-07-16T00:57:56Z</time></rtept><rtept lat="46.764871" lon="-89.878696"><ele>199.7</ele><time>2026-07-16T00:57:56Z</time></rtept><rtept lat="46.764957" lon="-89.878589"><ele>200.8</ele><time>2026-07-16T00:57:56Z</time></rtept><rtept lat="46.765066" lon="-89.878511"><ele>202.2</ele><time>2026-07-16T00:57:56Z</time></rtept><rtept lat="46.765196" lon="-89.878461"><ele>204.8</ele><time>2026-07-16T00:57:56Z</time></rtept><rtept lat="46.765289" lon="-89.878456"><ele>207.7</ele><time>2026-07-16T00:57:56Z</time></rtept><rtept lat="46.765431" lon="-89.878429"><ele>212.2</ele><time>2026-07-16T00:57:56Z</time></rtept><rtept lat="46.765544" lon="-89.878451"><ele>213.8</ele><time>2026-07-16T00:57:56Z</time></rtept><rtept lat="46.765601" lon="-89.878457"><ele>214.6</ele><time>2026-07-16T00:57:56Z</time></rtept><rtept lat="46.765655" lon="-89.87848"><ele>215.3</ele><time>2026-07-16T00:57:56Z</time></rtept><rtept lat="46.765719" lon="-89.878537"><ele>215.7</ele><time>2026-07-16T00:57:56Z</time></rtept><rtept lat="46.765781" lon="-89.878596"><ele>215.7</ele><time>2026-07-16T00:57:56Z</time></rtept><rtept lat="46.765836" lon="-89.878693"><ele>216.0</ele><time>2026-07-16T00:57:56Z</time></rtept><rtept lat="46.765852" lon="-89.87879"><ele>216.1</ele><time>2026-07-16T00:57:56Z</time></rtept><rtept lat="46.765857" lon="-89.878885"><ele>216.2</ele><time>2026-07-16T00:57:56Z</time></rtept><rtept lat="46.765858" lon="-89.878997"><ele>216.2</ele><time>2026-07-16T00:57:56Z</time></rtept><rtept lat="46.765854" lon="-89.879123"><ele>216.1</ele><time>2026-07-16T00:57:56Z</time></rtept><rtept lat="46.765852" lon="-89.879187"><ele>215.7</ele><time>2026-07-16T00:57:56Z</time></rtept><rtept lat="46.765873" lon="-89.879242"><ele>215.0</ele><time>2026-07-16T00:57:56Z</time></rtept><rtept lat="46.765928" lon="-89.879306"><ele>215.4</ele><time>2026-07-16T00:57:56Z</time></rtept><rtept lat="46.766037" lon="-89.879424"><ele>216.3</ele><time>2026-07-16T00:57:56Z</time></rtept><rtept lat="46.76613" lon="-89.87951"><ele>215.3</ele><time>2026-07-16T00:57:56Z</time></rtept><rtept lat="46.76623" lon="-89.879589"><ele>216.0</ele><time>2026-07-16T00:57:56Z</time></rtept><rtept lat="46.766337" lon="-89.879652"><ele>216.5</ele><time>2026-07-16T00:57:56Z</time></rtept><rtept lat="46.766503" lon="-89.87979"><ele>216.7</ele><time>2026-07-16T00:57:56Z</time></rtept><rtept lat="46.766608" lon="-89.879973"><ele>217.0</ele><time>2026-07-16T00:57:56Z</time></rtept><rtept lat="46.766676" lon="-89.880162"><ele>216.1</ele><time>2026-07-16T00:57:56Z</time></rtept><rtept lat="46.766736" lon="-89.880344"><ele>215.2</ele><time>2026-07-16T00:57:56Z</time></rtept><rtept lat="46.766849" lon="-89.880614"><ele>215.7</ele><time>2026-07-16T00:57:56Z</time></rtept><rtept lat="46.766882" lon="-89.880735"><ele>215.3</ele><time>2026-07-16T00:57:56Z</time></rtept><rtept lat="46.766899" lon="-89.880853"><ele>214.8</ele><time>2026-07-16T00:57:56Z</time></rtept><rtept lat="46.766909" lon="-89.880968"><ele>213.7</ele><time>2026-07-16T00:57:56Z</time></rtept><rtept lat="46.766905" lon="-89.881065"><ele>212.8</ele><time>2026-07-16T00:57:56Z</time></rtept><rtept lat="46.766918" lon="-89.881173"><ele>211.9</ele><time>2026-07-16T00:57:56Z</time></rtept><rtept lat="46.766961" lon="-89.881417"><ele>210.5</ele><time>2026-07-16T00:57:56Z</time></rtept><rtept lat="46.766968" lon="-89.881656"><ele>209.0</ele><time>2026-07-16T00:57:56Z</time></rtept><rtept lat="46.766962" lon="-89.881816"><ele>207.8</ele><time>2026-07-16T00:57:56Z</time></rtept><rtept lat="46.766939" lon="-89.881927"><ele>206.5</ele><time>2026-07-16T00:57:56Z</time></rtept><rtept lat="46.76692" lon="-89.882162"><ele>204.6</ele><time>2026-07-16T00:57:56Z</time></rtept><rtept lat="46.766918" lon="-89.882373"><ele>203.3</ele><time>2026-07-16T00:57:56Z</time></rtept><rtept lat="46.766966" lon="-89.882559"><ele>203.3</ele><time>2026-07-16T00:57:56Z</time></rtept><rtept lat="46.767023" lon="-89.882757"><ele>204.3</ele><time>2026-07-16T00:57:56Z</time></rtept><rtept lat="46.767055" lon="-89.882915"><ele>205.1</ele><time>2026-07-16T00:57:56Z</time></rtept><rtept lat="46.767068" lon="-89.883037"><ele>205.5</ele><time>2026-07-16T00:57:56Z</time></rtept><rtept lat="46.76708" lon="-89.883208"><ele>205.3</ele><time>2026-07-16T00:57:56Z</time></rtept><rtept lat="46.767113" lon="-89.883452"><ele>203.3</ele><time>2026-07-16T00:57:56Z</time></rtept><rtept lat="46.767159" lon="-89.883578"><ele>201.9</ele><time>2026-07-16T00:57:56Z</time></rtept><rtept lat="46.767221" lon="-89.88372"><ele>200.4</ele><time>2026-07-16T00:57:56Z</time></rtept><rtept lat="46.767304" lon="-89.883829"><ele>199.9</ele><time>2026-07-16T00:57:56Z</time></rtept><rtept lat="46.767473" lon="-89.883888"><ele>200.0</ele><time>2026-07-16T00:57:56Z</time></rtept><rtept lat="46.767561" lon="-89.883903"><ele>199.8</ele><time>2026-07-16T00:57:56Z</time></rtept><rtept lat="46.76764" lon="-89.883917"><ele>199.6</ele><time>2026-07-16T00:57:56Z</time></rtept><rtept lat="46.767734" lon="-89.883925"><ele>199.1</ele><time>2026-07-16T00:57:56Z</time></rtept><rtept lat="46.767813" lon="-89.883922"><ele>198.9</ele><time>2026-07-16T00:57:56Z</time></rtept><rtept lat="46.767903" lon="-89.883882"><ele>199.1</ele><time>2026-07-16T00:57:56Z</time></rtept><rtept lat="46.768069" lon="-89.883917"><ele>196.9</ele><time>2026-07-16T00:57:56Z</time></rtept><rtept lat="46.768143" lon="-89.883858"><ele>197.0</ele><time>2026-07-16T00:57:56Z</time></rtept><rtept lat="46.768215" lon="-89.883791"><ele>197.1</ele><time>2026-07-16T00:57:56Z</time></rtept><rtept lat="46.768292" lon="-89.883732"><ele>196.9</ele><time>2026-07-16T00:57:56Z</time></rtept><rtept lat="46.768358" lon="-89.883625"><ele>197.4</ele><time>2026-07-16T00:57:56Z</time></rtept><rtept lat="46.768415" lon="-89.88345"><ele>198.8</ele><time>2026-07-16T00:57:56Z</time></rtept><rtept lat="46.768454" lon="-89.883306"><ele>200.2</ele><time>2026-07-16T00:57:56Z</time></rtept><rtept lat="46.768522" lon="-89.883149"><ele>200.3</ele><time>2026-07-16T00:57:56Z</time></rtept><rtept lat="46.768672" lon="-89.882978"><ele>200.6</ele><time>2026-07-16T00:57:56Z</time></rtept><rtept lat="46.768758" lon="-89.883037"><ele>199.9</ele><time>2026-07-16T00:57:56Z</time></rtept><rtept lat="46.768958" lon="-89.882959"><ele>197.2</ele><time>2026-07-16T00:57:56Z</time></rtept><rtept lat="46.769053" lon="-89.882815"><ele>198.7</ele><time>2026-07-16T00:57:56Z</time></rtept><rtept lat="46.769118" lon="-89.882618"><ele>198.4</ele><time>2026-07-16T00:57:56Z</time></rtept><rtept lat="46.769384" lon="-89.882365"><ele>195.6</ele><time>2026-07-16T00:57:56Z</time></rtept><rtept lat="46.769474" lon="-89.882327"><ele>195.0</ele><time>2026-07-16T00:57:56Z</time></rtept><rtept lat="46.769547" lon="-89.882228"><ele>195.2</ele><time>2026-07-16T00:57:56Z</time></rtept><rtept lat="46.769585" lon="-89.882035"><ele>195.7</ele><time>2026-07-16T00:57:56Z</time></rtept><rtept lat="46.769597" lon="-89.881868"><ele>196.2</ele><time>2026-07-16T00:57:56Z</time></rtept><rtept lat="46.769582" lon="-89.881715"><ele>196.8</ele><time>2026-07-16T00:57:56Z</time></rtept><rtept lat="46.769622" lon="-89.881463"><ele>197.4</ele><time>2026-07-16T00:57:56Z</time></rtept><rtept lat="46.769643" lon="-89.881313"><ele>197.3</ele><time>2026-07-16T00:57:56Z</time></rtept><rtept lat="46.769608" lon="-89.881101"><ele>197.7</ele><time>2026-07-16T00:57:56Z</time></rtept><rtept lat="46.769625" lon="-89.880975"><ele>198.0</ele><time>2026-07-16T00:57:56Z</time></rtept><rtept lat="46.769675" lon="-89.880873"><ele>197.8</ele><time>2026-07-16T00:57:56Z</time></rtept><rtept lat="46.769758" lon="-89.880768"><ele>197.7</ele><time>2026-07-16T00:57:56Z</time></rtept><rtept lat="46.769849" lon="-89.880624"><ele>198.4</ele><time>2026-07-16T00:57:56Z</time></rtept><rtept lat="46.769864" lon="-89.880528"><ele>199.2</ele><time>2026-07-16T00:57:56Z</time></rtept><rtept lat="46.769918" lon="-89.880405"><ele>199.2</ele><time>2026-07-16T00:57:56Z</time></rtept><rtept lat="46.770004" lon="-89.880375"><ele>197.9</ele><time>2026-07-16T00:57:56Z</time></rtept><rtept lat="46.770069" lon="-89.880395"><ele>196.7</ele><time>2026-07-16T00:57:56Z</time></rtept><rtept lat="46.770095" lon="-89.880423"><ele>196.2</ele><time>2026-07-16T00:57:56Z</time></rtept><rtept lat="46.770219" lon="-89.88057"><ele>196.6</ele><time>2026-07-16T00:57:56Z</time></rtept><rtept lat="46.770301" lon="-89.88059"><ele>198.2</ele><time>2026-07-16T00:57:56Z</time></rtept><rtept lat="46.770456" lon="-89.88068"><ele>199.0</ele><time>2026-07-16T00:57:56Z</time></rtept><rtept lat="46.7706" lon="-89.880588"><ele>197.9</ele><time>2026-07-16T00:57:56Z</time></rtept><rtept lat="46.770662" lon="-89.88037"><ele>199.8</ele><time>2026-07-16T00:57:56Z</time></rtept><rtept lat="46.77075" lon="-89.880139"><ele>200.3</ele><time>2026-07-16T00:57:56Z</time></rtept><rtept lat="46.770876" lon="-89.880042"><ele>199.9</ele><time>2026-07-16T00:57:56Z</time></rtept><rtept lat="46.770938" lon="-89.879921"><ele>200.4</ele><time>2026-07-16T00:57:56Z</time></rtept><rtept lat="46.771031" lon="-89.879797"><ele>199.7</ele><time>2026-07-16T00:57:56Z</time></rtept><rtept lat="46.771009" lon="-89.879654"><ele>200.6</ele><time>2026-07-16T00:57:56Z</time></rtept><rtept lat="46.771072" lon="-89.879407"><ele>200.9</ele><time>2026-07-16T00:57:56Z</time></rtept><rtept lat="46.771242" lon="-89.879155"><ele>201.1</ele><time>2026-07-16T00:57:56Z</time></rtept><rtept lat="46.771289" lon="-89.878992"><ele>201.5</ele><time>2026-07-16T00:57:56Z</time></rtept><rtept lat="46.77141" lon="-89.878927"><ele>201.4</ele><time>2026-07-16T00:57:56Z</time></rtept><rtept lat="46.771479" lon="-89.878942"><ele>201.1</ele><time>2026-07-16T00:57:56Z</time></rtept><rtept lat="46.771518" lon="-89.878872"><ele>201.1</ele><time>2026-07-16T00:57:56Z</time></rtept><rtept lat="46.771552" lon="-89.878643"><ele>201.8</ele><time>2026-07-16T00:57:56Z</time></rtept><rtept lat="46.771632" lon="-89.878422"><ele>202.3</ele><time>2026-07-16T00:57:56Z</time></rtept><rtept lat="46.77185" lon="-89.878216"><ele>202.3</ele><time>2026-07-16T00:57:56Z</time></rtept><rtept lat="46.771952" lon="-89.878005"><ele>202.6</ele><time>2026-07-16T00:57:56Z</time></rtept><rtept lat="46.772103" lon="-89.877849"><ele>201.8</ele><time>2026-07-16T00:57:56Z</time></rtept><rtept lat="46.772393" lon="-89.877901"><ele>197.7</ele><time>2026-07-16T00:57:56Z</time></rtept><rtept lat="46.772624" lon="-89.877887"><ele>189.0</ele><time>2026-07-16T00:57:56Z</time></rtept><rtept lat="46.772689" lon="-89.877908"><ele>188.4</ele><time>2026-07-16T00:57:56Z</time></rtept><rtept lat="46.772734" lon="-89.877928"><ele>188.3</ele><time>2026-07-16T00:57:56Z</time></rtept><rtept lat="46.772823" lon="-89.877901"><ele>188.3</ele><time>2026-07-16T00:57:56Z</time></rtept><rtept lat="46.77291" lon="-89.878025"><ele>186.5</ele><time>2026-07-16T00:57:56Z</time></rtept><rtept lat="46.77294" lon="-89.878067"><ele>185.9</ele><time>2026-07-16T00:57:56Z</time></rtept><rtept lat="46.772984" lon="-89.878067"><ele>185.9</ele><time>2026-07-16T00:57:56Z</time></rtept><rtept lat="46.77323" lon="-89.878064"><ele>185.7</ele><time>2026-07-16T00:57:56Z</time></rtept><rtept lat="46.773441" lon="-89.877766"><ele>186.5</ele><time>2026-07-16T00:57:56Z</time></rtept><rtept lat="46.773876" lon="-89.87736"><ele>185.9</ele><time>2026-07-16T00:57:56Z</time></rtept><rtept lat="46.774277" lon="-89.877005"><ele>184.3</ele><time>2026-07-16T00:57:56Z</time></rtept><rtept lat="46.774461" lon="-89.876763"><ele>184.6</ele><time>2026-07-16T00:57:56Z</time></rtept><rtept lat="46.774474" lon="-89.876635"><ele>185.0</ele><time>2026-07-16T00:57:56Z</time></rtept><rtept lat="46.774858" lon="-89.876233"><ele>185.1</ele><time>2026-07-16T00:57:56Z</time></rtept><rtept lat="46.775171" lon="-89.875815"><ele>185.9</ele><time>2026-07-16T00:57:56Z</time></rtept><rtept lat="46.775443" lon="-89.875462"><ele>186.5</ele><time>2026-07-16T00:57:56Z</time></rtept><rtept lat="46.775779" lon="-89.875083"><ele>186.6</ele><time>2026-07-16T00:57:56Z</time></rtept><rtept lat="46.776067" lon="-89.874741"><ele>186.5</ele><time>2026-07-16T00:57:56Z</time></rtept><rtept lat="46.776289" lon="-89.874516"><ele>185.9</ele><time>2026-07-16T00:57:56Z</time></rtept><rtept lat="46.776544" lon="-89.874253"><ele>185.3</ele><time>2026-07-16T00:57:56Z</time></rtept><rtept lat="46.776696" lon="-89.874112"><ele>185.1</ele><time>2026-07-16T00:57:56Z</time></rtept><rtept lat="46.776746" lon="-89.873978"><ele>185.0</ele><time>2026-07-16T00:57:56Z</time></rtept><rtept lat="46.77677" lon="-89.873775"><ele>185.2</ele><time>2026-07-16T00:57:56Z</time></rtept><rtept lat="46.776802" lon="-89.873756"><ele>184.6</ele><time>2026-07-16T00:57:56Z</time></rtept><rtept lat="46.77685" lon="-89.873612"><ele>185.3</ele><time>2026-07-16T00:57:56Z</time></rtept><rtept lat="46.77685" lon="-89.873496"><ele>187.0</ele><time>2026-07-16T00:57:56Z</time></rtept><rtept lat="46.776783" lon="-89.873271"><ele>189.8</ele><time>2026-07-16T00:57:56Z</time></rtept><rtept lat="46.776716" lon="-89.873108"><ele>190.9</ele><time>2026-07-16T00:57:56Z</time></rtept><rtept lat="46.776711" lon="-89.872943"><ele>192.0</ele><time>2026-07-16T00:57:56Z</time></rtept><rtept lat="46.776731" lon="-89.872802"><ele>193.2</ele><time>2026-07-16T00:57:56Z</time></rtept><rtept lat="46.776805" lon="-89.872776"><ele>195.0</ele><time>2026-07-16T00:57:56Z</time></rtept><rtept lat="46.776868" lon="-89.87281"><ele>195.0</ele><time>2026-07-16T00:57:56Z</time></rtept><rtept lat="46.776941" lon="-89.872914"><ele>194.5</ele><time>2026-07-16T00:57:56Z</time></rtept><rtept lat="46.777024" lon="-89.872948"><ele>194.6</ele><time>2026-07-16T00:57:56Z</time></rtept><rtept lat="46.777096" lon="-89.872926"><ele>194.8</ele><time>2026-07-16T00:57:56Z</time></rtept><rtept lat="46.777184" lon="-89.872872"><ele>194.2</ele><time>2026-07-16T00:57:56Z</time></rtept><rtept lat="46.777308" lon="-89.872691"><ele>193.8</ele><time>2026-07-16T00:57:56Z</time></rtept><rtept lat="46.777318" lon="-89.872573"><ele>194.1</ele><time>2026-07-16T00:57:56Z</time></rtept><rtept lat="46.777281" lon="-89.872409"><ele>195.1</ele><time>2026-07-16T00:57:56Z</time></rtept><rtept lat="46.777295" lon="-89.872262"><ele>196.0</ele><time>2026-07-16T00:57:56Z</time></rtept><rtept lat="46.777346" lon="-89.872232"><ele>196.0</ele><time>2026-07-16T00:57:56Z</time></rtept><rtept lat="46.777459" lon="-89.872279"><ele>195.2</ele><time>2026-07-16T00:57:56Z</time></rtept><rtept lat="46.77757" lon="-89.872286"><ele>194.8</ele><time>2026-07-16T00:57:56Z</time></rtept><rtept lat="46.777683" lon="-89.872206"><ele>194.8</ele><time>2026-07-16T00:57:56Z</time></rtept><rtept lat="46.777778" lon="-89.872055"><ele>194.9</ele><time>2026-07-16T00:57:56Z</time></rtept><rtept lat="46.778025" lon="-89.871649"><ele>195.7</ele><time>2026-07-16T00:57:56Z</time></rtept><rtept lat="46.7782" lon="-89.871494"><ele>195.6</ele><time>2026-07-16T00:57:56Z</time></rtept><rtept lat="46.778339" lon="-89.871253"><ele>196.0</ele><time>2026-07-16T00:57:56Z</time></rtept><rtept lat="46.778499" lon="-89.871069"><ele>195.8</ele><time>2026-07-16T00:57:56Z</time></rtept><rtept lat="46.778724" lon="-89.870881"><ele>195.7</ele><time>2026-07-16T00:57:56Z</time></rtept><rtept lat="46.77899" lon="-89.870523"><ele>195.9</ele><time>2026-07-16T00:57:56Z</time></rtept><rtept lat="46.779091" lon="-89.870373"><ele>195.0</ele><time>2026-07-16T00:57:56Z</time></rtept><rtept lat="46.779107" lon="-89.870148"><ele>194.7</ele><time>2026-07-16T00:57:56Z</time></rtept><rtept lat="46.779056" lon="-89.869713"><ele>196.9</ele><time>2026-07-16T00:57:56Z</time></rtept><rtept lat="46.779102" lon="-89.869556"><ele>197.3</ele><time>2026-07-16T00:57:56Z</time></rtept><rtept lat="46.77929" lon="-89.869402"><ele>197.2</ele><time>2026-07-16T00:57:56Z</time></rtept><rtept lat="46.779443" lon="-89.869337"><ele>197.1</ele><time>2026-07-16T00:57:56Z</time></rtept><rtept lat="46.779523" lon="-89.869401"><ele>196.5</ele><time>2026-07-16T00:57:56Z</time></rtept><rtept lat="46.779676" lon="-89.869528"><ele>195.5</ele><time>2026-07-16T00:57:56Z</time></rtept><rtept lat="46.77979" lon="-89.869547"><ele>195.1</ele><time>2026-07-16T00:57:56Z</time></rtept><rtept lat="46.779978" lon="-89.869461"><ele>194.9</ele><time>2026-07-16T00:57:56Z</time></rtept><rtept lat="46.780209" lon="-89.869123"><ele>195.7</ele><time>2026-07-16T00:57:56Z</time></rtept><rtept lat="46.780293" lon="-89.868887"><ele>196.4</ele><time>2026-07-16T00:57:56Z</time></rtept><rtept lat="46.7804" lon="-89.868753"><ele>196.1</ele><time>2026-07-16T00:57:56Z</time></rtept><rtept lat="46.780576" lon="-89.868666"><ele>195.7</ele><time>2026-07-16T00:57:56Z</time></rtept><rtept lat="46.780721" lon="-89.868434"><ele>195.8</ele><time>2026-07-16T00:57:56Z</time></rtept><rtept lat="46.780737" lon="-89.868244"><ele>196.2</ele><time>2026-07-16T00:57:56Z</time></rtept><rtept lat="46.780805" lon="-89.86799"><ele>196.6</ele><time>2026-07-16T00:57:56Z</time></rtept><rtept lat="46.780956" lon="-89.867741"><ele>196.2</ele><time>2026-07-16T00:57:56Z</time></rtept><rtept lat="46.781111" lon="-89.867743"><ele>195.6</ele><time>2026-07-16T00:57:56Z</time></rtept><rtept lat="46.781251" lon="-89.867708"><ele>195.2</ele><time>2026-07-16T00:57:56Z</time></rtept><rtept lat="46.781385" lon="-89.867592"><ele>194.9</ele><time>2026-07-16T00:57:56Z</time></rtept><rtept lat="46.781558" lon="-89.867395"><ele>194.6</ele><time>2026-07-16T00:57:56Z</time></rtept><rtept lat="46.781704" lon="-89.867216"><ele>193.8</ele><time>2026-07-16T00:57:56Z</time></rtept><rtept lat="46.781877" lon="-89.866977"><ele>193.9</ele><time>2026-07-16T00:57:56Z</time></rtept><rtept lat="46.782026" lon="-89.866692"><ele>194.1</ele><time>2026-07-16T00:57:56Z</time></rtept><rtept lat="46.782111" lon="-89.866317"><ele>194.9</ele><time>2026-07-16T00:57:56Z</time></rtept><rtept lat="46.782203" lon="-89.86617"><ele>194.8</ele><time>2026-07-16T00:57:56Z</time></rtept><rtept lat="46.78241" lon="-89.865954"><ele>194.8</ele><time>2026-07-16T00:57:56Z</time></rtept><rtept lat="46.782658" lon="-89.86573"><ele>194.8</ele><time>2026-07-16T00:57:56Z</time></rtept><rtept lat="46.782713" lon="-89.865586"><ele>194.6</ele><time>2026-07-16T00:57:56Z</time></rtept><rtept lat="46.782761" lon="-89.865474"><ele>194.7</ele><time>2026-07-16T00:57:56Z</time></rtept><rtept lat="46.783081" lon="-89.865134"><ele>194.1</ele><time>2026-07-16T00:57:56Z</time></rtept><rtept lat="46.78332" lon="-89.864808"><ele>194.5</ele><time>2026-07-16T00:57:56Z</time></rtept><rtept lat="46.783408" lon="-89.864578"><ele>194.9</ele><time>2026-07-16T00:57:56Z</time></rtept><rtept lat="46.783587" lon="-89.864337"><ele>194.5</ele><time>2026-07-16T00:57:56Z</time></rtept><rtept lat="46.783696" lon="-89.864054"><ele>195.5</ele><time>2026-07-16T00:57:56Z</time></rtept><rtept lat="46.783843" lon="-89.863798"><ele>195.3</ele><time>2026-07-16T00:57:56Z</time></rtept><rtept lat="46.783983" lon="-89.863669"><ele>195.5</ele><time>2026-07-16T00:57:56Z</time></rtept><rtept lat="46.78402" lon="-89.863594"><ele>195.9</ele><time>2026-07-16T00:57:56Z</time></rtept><rtept lat="46.784159" lon="-89.863413"><ele>194.4</ele><time>2026-07-16T00:57:56Z</time></rtept><rtept lat="46.784417" lon="-89.8631"><ele>190.8</ele><time>2026-07-16T00:57:56Z</time></rtept><rtept lat="46.784542" lon="-89.862891"><ele>189.6</ele><time>2026-07-16T00:57:56Z</time></rtept><rtept lat="46.784672" lon="-89.862688"><ele>189.1</ele><time>2026-07-16T00:57:56Z</time></rtept><rtept lat="46.784672" lon="-89.862688"><ele>189.1</ele><time>2026-07-16T00:57:56Z</time></rtept><rtept lat="46.784725" lon="-89.862606"><ele>188.8</ele><time>2026-07-16T00:57:56Z</time></rtept><rtept lat="46.784895" lon="-89.862386"><ele>187.3</ele><time>2026-07-16T00:57:56Z</time></rtept><rtept lat="46.785062" lon="-89.86224"><ele>185.6</ele><time>2026-07-16T00:57:56Z</time></rtept><rtept lat="46.785217" lon="-89.862104"><ele>186.5</ele><time>2026-07-16T00:57:56Z</time></rtept><rtept lat="46.785251" lon="-89.862092"><ele>186.7</ele><time>2026-07-16T00:57:56Z</time></rtept><rtept lat="46.785275" lon="-89.862076"><ele>186.9</ele><time>2026-07-16T00:57:56Z</time></rtept><rtept lat="46.78535" lon="-89.861985"><ele>188.3</ele><time>2026-07-16T00:57:56Z</time></rtept><rtept lat="46.785399" lon="-89.861946"><ele>189.0</ele><time>2026-07-16T00:57:56Z</time></rtept><rtept lat="46.785503" lon="-89.861829"><ele>189.1</ele><time>2026-07-16T00:57:56Z</time></rtept><rtept lat="46.785617" lon="-89.861697"><ele>189.0</ele><time>2026-07-16T00:57:56Z</time></rtept><rtept lat="46.785801" lon="-89.861419"><ele>189.0</ele><time>2026-07-16T00:57:56Z</time></rtept><rtept lat="46.785993" lon="-89.861168"><ele>188.6</ele><time>2026-07-16T00:57:56Z</time></rtept><rtept lat="46.78617" lon="-89.860869"><ele>189.0</ele><time>2026-07-16T00:57:56Z</time></rtept><rtept lat="46.786397" lon="-89.860486"><ele>189.5</ele><time>2026-07-16T00:57:56Z</time></rtept><rtept lat="46.786534" lon="-89.860221"><ele>188.9</ele><time>2026-07-16T00:57:56Z</time></rtept><rtept lat="46.786829" lon="-89.859986"><ele>186.9</ele><time>2026-07-16T00:57:56Z</time></rtept><rtept lat="46.786951" lon="-89.859796"><ele>187.2</ele><time>2026-07-16T00:57:56Z</time></rtept><rtept lat="46.78701" lon="-89.85964"><ele>188.5</ele><time>2026-07-16T00:57:56Z</time></rtept><rtept lat="46.787158" lon="-89.85942"><ele>189.9</ele><time>2026-07-16T00:57:56Z</time></rtept><rtept lat="46.787273" lon="-89.859209"><ele>190.4</ele><time>2026-07-16T00:57:56Z</time></rtept><rtept lat="46.787479" lon="-89.85896"><ele>190.0</ele><time>2026-07-16T00:57:56Z</time></rtept><rtept lat="46.78765" lon="-89.858809"><ele>189.7</ele><time>2026-07-16T00:57:56Z</time></rtept><rtept lat="46.787811" lon="-89.858662"><ele>188.4</ele><time>2026-07-16T00:57:56Z</time></rtept><rtept lat="46.787936" lon="-89.858458"><ele>188.9</ele><time>2026-07-16T00:57:56Z</time></rtept><rtept lat="46.788052" lon="-89.858322"><ele>188.2</ele><time>2026-07-16T00:57:56Z</time></rtept><rtept lat="46.788191" lon="-89.858154"><ele>187.6</ele><time>2026-07-16T00:57:56Z</time></rtept><rtept lat="46.788279" lon="-89.85799"><ele>187.9</ele><time>2026-07-16T00:57:56Z</time></rtept><rtept lat="46.788319" lon="-89.857803"><ele>188.6</ele><time>2026-07-16T00:57:56Z</time></rtept><rtept lat="46.788421" lon="-89.857581"><ele>188.3</ele><time>2026-07-16T00:57:56Z</time></rtept><rtept lat="46.788519" lon="-89.857441"><ele>188.0</ele><time>2026-07-16T00:57:56Z</time></rtept><rtept lat="46.788696" lon="-89.857189"><ele>188.6</ele><time>2026-07-16T00:57:56Z</time></rtept><rtept lat="46.788793" lon="-89.857135"><ele>188.2</ele><time>2026-07-16T00:57:56Z</time></rtept><rtept lat="46.788902" lon="-89.856959"><ele>188.3</ele><time>2026-07-16T00:57:56Z</time></rtept><rtept lat="46.789048" lon="-89.856679"><ele>187.7</ele><time>2026-07-16T00:57:56Z</time></rtept><rtept lat="46.789201" lon="-89.856483"><ele>188.3</ele><time>2026-07-16T00:57:56Z</time></rtept><rtept lat="46.78939" lon="-89.856314"><ele>188.2</ele><time>2026-07-16T00:57:56Z</time></rtept><rtept lat="46.789554" lon="-89.856004"><ele>189.4</ele><time>2026-07-16T00:57:56Z</time></rtept><rtept lat="46.789745" lon="-89.855804"><ele>188.4</ele><time>2026-07-16T00:57:56Z</time></rtept><rtept lat="46.789973" lon="-89.855647"><ele>186.7</ele><time>2026-07-16T00:57:56Z</time></rtept><rtept lat="46.790045" lon="-89.855489"><ele>186.8</ele><time>2026-07-16T00:57:56Z</time></rtept><rtept lat="46.790227" lon="-89.855204"><ele>187.4</ele><time>2026-07-16T00:57:56Z</time></rtept><rtept lat="46.790351" lon="-89.855097"><ele>185.9</ele><time>2026-07-16T00:57:56Z</time></rtept><rtept lat="46.790542" lon="-89.854817"><ele>186.5</ele><time>2026-07-16T00:57:56Z</time></rtept><rtept lat="46.790654" lon="-89.854644"><ele>186.3</ele><time>2026-07-16T00:57:56Z</time></rtept><rtept lat="46.79083" lon="-89.854378"><ele>186.6</ele><time>2026-07-16T00:57:56Z</time></rtept><rtept lat="46.791025" lon="-89.854155"><ele>185.8</ele><time>2026-07-16T00:57:56Z</time></rtept><rtept lat="46.791173" lon="-89.853959"><ele>185.9</ele><time>2026-07-16T00:57:56Z</time></rtept><rtept lat="46.791249" lon="-89.853891"><ele>185.0</ele><time>2026-07-16T00:57:56Z</time></rtept><rtept lat="46.791393" lon="-89.853627"><ele>186.3</ele><time>2026-07-16T00:57:56Z</time></rtept><rtept lat="46.791495" lon="-89.853535"><ele>185.6</ele><time>2026-07-16T00:57:56Z</time></rtept><rtept lat="46.79161" lon="-89.853341"><ele>186.7</ele><time>2026-07-16T00:57:56Z</time></rtept><rtept lat="46.791756" lon="-89.853117"><ele>187.0</ele><time>2026-07-16T00:57:56Z</time></rtept><rtept lat="46.791891" lon="-89.852955"><ele>187.1</ele><time>2026-07-16T00:57:56Z</time></rtept><rtept lat="46.7921" lon="-89.852802"><ele>185.7</ele><time>2026-07-16T00:57:56Z</time></rtept><rtept lat="46.792387" lon="-89.852465"><ele>185.3</ele><time>2026-07-16T00:57:56Z</time></rtept><rtept lat="46.792743" lon="-89.852146"><ele>185.0</ele><time>2026-07-16T00:57:56Z</time></rtept><rtept lat="46.792764" lon="-89.852015"><ele>186.0</ele><time>2026-07-16T00:57:56Z</time></rtept><rtept lat="46.792793" lon="-89.851925"><ele>186.5</ele><time>2026-07-16T00:57:56Z</time></rtept><rtept lat="46.792962" lon="-89.851679"><ele>187.5</ele><time>2026-07-16T00:57:56Z</time></rtept><rtept lat="46.793083" lon="-89.851512"><ele>187.9</ele><time>2026-07-16T00:57:56Z</time></rtept><rtept lat="46.793199" lon="-89.851218"><ele>189.2</ele><time>2026-07-16T00:57:56Z</time></rtept><rtept lat="46.793301" lon="-89.851008"><ele>189.1</ele><time>2026-07-16T00:57:56Z</time></rtept><rtept lat="46.793445" lon="-89.850788"><ele>189.3</ele><time>2026-07-16T00:57:56Z</time></rtept><rtept lat="46.793529" lon="-89.850592"><ele>189.4</ele><time>2026-07-16T00:57:56Z</time></rtept><rtept lat="46.793647" lon="-89.850306"><ele>189.6</ele><time>2026-07-16T00:57:56Z</time></rtept><rtept lat="46.793782" lon="-89.8501"><ele>189.4</ele><time>2026-07-16T00:57:56Z</time></rtept><rtept lat="46.793876" lon="-89.849897"><ele>189.5</ele><time>2026-07-16T00:57:56Z</time></rtept><rtept lat="46.79397" lon="-89.849617"><ele>189.7</ele><time>2026-07-16T00:57:56Z</time></rtept><rtept lat="46.794052" lon="-89.849454"><ele>189.8</ele><time>2026-07-16T00:57:56Z</time></rtept><rtept lat="46.79413" lon="-89.849324"><ele>189.7</ele><time>2026-07-16T00:57:56Z</time></rtept><rtept lat="46.794273" lon="-89.849258"><ele>188.9</ele><time>2026-07-16T00:57:56Z</time></rtept><rtept lat="46.794424" lon="-89.849098"><ele>188.7</ele><time>2026-07-16T00:57:56Z</time></rtept><rtept lat="46.794538" lon="-89.848947"><ele>188.3</ele><time>2026-07-16T00:57:56Z</time></rtept><rtept lat="46.794666" lon="-89.848724"><ele>188.3</ele><time>2026-07-16T00:57:56Z</time></rtept><rtept lat="46.794804" lon="-89.84854"><ele>188.5</ele><time>2026-07-16T00:57:56Z</time></rtept><rtept lat="46.794951" lon="-89.848384"><ele>188.2</ele><time>2026-07-16T00:57:56Z</time></rtept><rtept lat="46.795059" lon="-89.848224"><ele>188.0</ele><time>2026-07-16T00:57:56Z</time></rtept><rtept lat="46.795163" lon="-89.847994"><ele>188.0</ele><time>2026-07-16T00:57:56Z</time></rtept><rtept lat="46.795255" lon="-89.847884"><ele>187.8</ele><time>2026-07-16T00:57:56Z</time></rtept><rtept lat="46.795304" lon="-89.847745"><ele>187.9</ele><time>2026-07-16T00:57:56Z</time></rtept><rtept lat="46.795339" lon="-89.847558"><ele>188.4</ele><time>2026-07-16T00:57:56Z</time></rtept><rtept lat="46.79543" lon="-89.847407"><ele>188.2</ele><time>2026-07-16T00:57:56Z</time></rtept><rtept lat="46.795555" lon="-89.84718"><ele>188.2</ele><time>2026-07-16T00:57:56Z</time></rtept><rtept lat="46.795684" lon="-89.847038"><ele>187.7</ele><time>2026-07-16T00:57:56Z</time></rtept><rtept lat="46.795794" lon="-89.846902"><ele>187.4</ele><time>2026-07-16T00:57:56Z</time></rtept><rtept lat="46.795904" lon="-89.846602"><ele>187.7</ele><time>2026-07-16T00:57:56Z</time></rtept><rtept lat="46.795935" lon="-89.846394"><ele>188.2</ele><time>2026-07-16T00:57:56Z</time></rtept><rtept lat="46.796037" lon="-89.846176"><ele>188.3</ele><time>2026-07-16T00:57:56Z</time></rtept><rtept lat="46.796174" lon="-89.845811"><ele>188.3</ele><time>2026-07-16T00:57:56Z</time></rtept><rtept lat="46.796263" lon="-89.845577"><ele>187.9</ele><time>2026-07-16T00:57:56Z</time></rtept><rtept lat="46.796352" lon="-89.845316"><ele>188.2</ele><time>2026-07-16T00:57:56Z</time></rtept><rtept lat="46.796467" lon="-89.844976"><ele>188.4</ele><time>2026-07-16T00:57:56Z</time></rtept><rtept lat="46.796554" lon="-89.844764"><ele>187.9</ele><time>2026-07-16T00:57:56Z</time></rtept><rtept lat="46.796675" lon="-89.84459"><ele>187.9</ele><time>2026-07-16T00:57:56Z</time></rtept><rtept lat="46.796766" lon="-89.844382"><ele>188.1</ele><time>2026-07-16T00:57:56Z</time></rtept><rtept lat="46.796841" lon="-89.844123"><ele>188.0</ele><time>2026-07-16T00:57:56Z</time></rtept><rtept lat="46.796889" lon="-89.843834"><ele>188.7</ele><time>2026-07-16T00:57:56Z</time></rtept><rtept lat="46.796965" lon="-89.843711"><ele>188.4</ele><time>2026-07-16T00:57:56Z</time></rtept><rtept lat="46.797118" lon="-89.843583"><ele>188.0</ele><time>2026-07-16T00:57:56Z</time></rtept><rtept lat="46.797251" lon="-89.843457"><ele>188.0</ele><time>2026-07-16T00:57:56Z</time></rtept><rtept lat="46.79741" lon="-89.843195"><ele>187.7</ele><time>2026-07-16T00:57:56Z</time></rtept><rtept lat="46.797556" lon="-89.843049"><ele>187.3</ele><time>2026-07-16T00:57:56Z</time></rtept><rtept lat="46.797667" lon="-89.842916"><ele>187.4</ele><time>2026-07-16T00:57:56Z</time></rtept><rtept lat="46.797802" lon="-89.842742"><ele>186.9</ele><time>2026-07-16T00:57:56Z</time></rtept><rtept lat="46.797942" lon="-89.84245"><ele>187.1</ele><time>2026-07-16T00:57:56Z</time></rtept><rtept lat="46.798" lon="-89.842232"><ele>187.4</ele><time>2026-07-16T00:57:56Z</time></rtept><rtept lat="46.798042" lon="-89.841946"><ele>187.5</ele><time>2026-07-16T00:57:56Z</time></rtept><rtept lat="46.798151" lon="-89.841695"><ele>188.1</ele><time>2026-07-16T00:57:56Z</time></rtept><rtept lat="46.79829" lon="-89.841517"><ele>187.7</ele><time>2026-07-16T00:57:56Z</time></rtept><rtept lat="46.7985" lon="-89.841166"><ele>187.7</ele><time>2026-07-16T00:57:56Z</time></rtept><rtept lat="46.79874" lon="-89.84087"><ele>187.0</ele><time>2026-07-16T00:57:56Z</time></rtept><rtept lat="46.798973" lon="-89.84054"><ele>187.2</ele><time>2026-07-16T00:57:56Z</time></rtept><rtept lat="46.799141" lon="-89.840227"><ele>186.8</ele><time>2026-07-16T00:57:56Z</time></rtept><rtept lat="46.799282" lon="-89.839958"><ele>187.1</ele><time>2026-07-16T00:57:56Z</time></rtept><rtept lat="46.799429" lon="-89.83973"><ele>186.6</ele><time>2026-07-16T00:57:56Z</time></rtept><rtept lat="46.799543" lon="-89.839537"><ele>186.7</ele><time>2026-07-16T00:57:56Z</time></rtept><rtept lat="46.799686" lon="-89.83931"><ele>186.4</ele><time>2026-07-16T00:57:56Z</time></rtept><rtept lat="46.799924" lon="-89.83904"><ele>186.4</ele><time>2026-07-16T00:57:56Z</time></rtept><rtept lat="46.80004" lon="-89.838918"><ele>186.3</ele><time>2026-07-16T00:57:56Z</time></rtept><rtept lat="46.800153" lon="-89.838723"><ele>186.6</ele><time>2026-07-16T00:57:56Z</time></rtept><rtept lat="46.800332" lon="-89.83852"><ele>186.5</ele><time>2026-07-16T00:57:56Z</time></rtept><rtept lat="46.800487" lon="-89.838252"><ele>186.7</ele><time>2026-07-16T00:57:56Z</time></rtept><rtept lat="46.800662" lon="-89.837865"><ele>186.7</ele><time>2026-07-16T00:57:56Z</time></rtept><rtept lat="46.800886" lon="-89.837464"><ele>186.4</ele><time>2026-07-16T00:57:56Z</time></rtept><rtept lat="46.801086" lon="-89.837231"><ele>186.6</ele><time>2026-07-16T00:57:56Z</time></rtept><rtept lat="46.801251" lon="-89.836855"><ele>186.3</ele><time>2026-07-16T00:57:56Z</time></rtept><rtept lat="46.801505" lon="-89.836403"><ele>186.1</ele><time>2026-07-16T00:57:56Z</time></rtept><rtept lat="46.801783" lon="-89.836009"><ele>186.1</ele><time>2026-07-16T00:57:56Z</time></rtept><rtept lat="46.801827" lon="-89.835748"><ele>185.9</ele><time>2026-07-16T00:57:56Z</time></rtept><rtept lat="46.802008" lon="-89.835452"><ele>186.1</ele><time>2026-07-16T00:57:56Z</time></rtept><rtept lat="46.802221" lon="-89.835349"><ele>185.5</ele><time>2026-07-16T00:57:56Z</time></rtept><rtept lat="46.802357" lon="-89.835175"><ele>185.4</ele><time>2026-07-16T00:57:56Z</time></rtept><rtept lat="46.802507" lon="-89.834905"><ele>185.5</ele><time>2026-07-16T00:57:56Z</time></rtept><rtept lat="46.802597" lon="-89.834534"><ele>185.7</ele><time>2026-07-16T00:57:56Z</time></rtept><rtept lat="46.802603" lon="-89.834125"><ele>186.1</ele><time>2026-07-16T00:57:56Z</time></rtept><rtept lat="46.802662" lon="-89.833839"><ele>185.9</ele><time>2026-07-16T00:57:56Z</time></rtept><rtept lat="46.802885" lon="-89.83342"><ele>186.1</ele><time>2026-07-16T00:57:56Z</time></rtept><rtept lat="46.803029" lon="-89.833071"><ele>185.6</ele><time>2026-07-16T00:57:56Z</time></rtept><rtept lat="46.803181" lon="-89.832822"><ele>185.9</ele><time>2026-07-16T00:57:56Z</time></rtept><rtept lat="46.803391" lon="-89.832201"><ele>186.3</ele><time>2026-07-16T00:57:56Z</time></rtept><rtept lat="46.80357" lon="-89.831609"><ele>186.6</ele><time>2026-07-16T00:57:56Z</time></rtept><rtept lat="46.803753" lon="-89.831311"><ele>186.3</ele><time>2026-07-16T00:57:56Z</time></rtept><rtept lat="46.803931" lon="-89.83108"><ele>186.3</ele><time>2026-07-16T00:57:56Z</time></rtept><rtept lat="46.80397" lon="-89.831037"><ele>186.2</ele><time>2026-07-16T00:57:56Z</time></rtept><rtept lat="46.80397" lon="-89.830903"><ele>186.2</ele><time>2026-07-16T00:57:56Z</time></rtept><rtept lat="46.803931" lon="-89.830823"><ele>186.3</ele><time>2026-07-16T00:57:56Z</time></rtept><rtept lat="46.803856" lon="-89.830628"><ele>186.6</ele><time>2026-07-16T00:57:56Z</time></rtept><rtept lat="46.803911" lon="-89.830296"><ele>186.4</ele><time>2026-07-16T00:57:56Z</time></rtept><rtept lat="46.804039" lon="-89.830013"><ele>186.9</ele><time>2026-07-16T00:57:56Z</time></rtept><rtept lat="46.804204" lon="-89.829401"><ele>186.5</ele><time>2026-07-16T00:57:56Z</time></rtept><rtept lat="46.804315" lon="-89.828953"><ele>187.0</ele><time>2026-07-16T00:57:56Z</time></rtept><rtept lat="46.804346" lon="-89.828505"><ele>187.2</ele><time>2026-07-16T00:57:56Z</time></rtept><rtept lat="46.804439" lon="-89.828165"><ele>187.5</ele><time>2026-07-16T00:57:56Z</time></rtept><rtept lat="46.80438" lon="-89.82784"><ele>187.9</ele><time>2026-07-16T00:57:56Z</time></rtept><rtept lat="46.804463" lon="-89.82751"><ele>188.4</ele><time>2026-07-16T00:57:56Z</time></rtept><rtept lat="46.804624" lon="-89.82729"><ele>187.9</ele><time>2026-07-16T00:57:56Z</time></rtept><rtept lat="46.804696" lon="-89.826904"><ele>188.7</ele><time>2026-07-16T00:57:56Z</time></rtept><rtept lat="46.804702" lon="-89.826542"><ele>189.3</ele><time>2026-07-16T00:57:56Z</time></rtept><rtept lat="46.804731" lon="-89.826181"><ele>189.5</ele><time>2026-07-16T00:57:56Z</time></rtept><rtept lat="46.80484" lon="-89.825913"><ele>189.1</ele><time>2026-07-16T00:57:56Z</time></rtept><rtept lat="46.804928" lon="-89.825625"><ele>189.3</ele><time>2026-07-16T00:57:56Z</time></rtept><rtept lat="46.805088" lon="-89.825376"><ele>188.9</ele><time>2026-07-16T00:57:56Z</time></rtept><rtept lat="46.805225" lon="-89.825174"><ele>188.4</ele><time>2026-07-16T00:57:56Z</time></rtept><rtept lat="46.805187" lon="-89.824915"><ele>189.0</ele><time>2026-07-16T00:57:56Z</time></rtept><rtept lat="46.805123" lon="-89.824644"><ele>190.1</ele><time>2026-07-16T00:57:56Z</time></rtept><rtept lat="46.80518" lon="-89.824306"><ele>190.3</ele><time>2026-07-16T00:57:56Z</time></rtept><rtept lat="46.805354" lon="-89.823956"><ele>190.0</ele><time>2026-07-16T00:57:56Z</time></rtept><rtept lat="46.805513" lon="-89.823606"><ele>189.7</ele><time>2026-07-16T00:57:56Z</time></rtept><rtept lat="46.805618" lon="-89.823457"><ele>189.4</ele><time>2026-07-16T00:57:56Z</time></rtept><rtept lat="46.80596" lon="-89.823251"><ele>187.4</ele><time>2026-07-16T00:57:56Z</time></rtept><rtept lat="46.806157" lon="-89.823075"><ele>186.6</ele><time>2026-07-16T00:57:56Z</time></rtept><rtept lat="46.806303" lon="-89.822912"><ele>186.1</ele><time>2026-07-16T00:57:56Z</time></rtept><rtept lat="46.806414" lon="-89.822799"><ele>185.7</ele><time>2026-07-16T00:57:56Z</time></rtept><rtept lat="46.806516" lon="-89.82262"><ele>185.7</ele><time>2026-07-16T00:57:56Z</time></rtept><rtept lat="46.806593" lon="-89.822341"><ele>185.7</ele><time>2026-07-16T00:57:56Z</time></rtept><rtept lat="46.806582" lon="-89.821981"><ele>186.5</ele><time>2026-07-16T00:57:56Z</time></rtept><rtept lat="46.80658" lon="-89.821639"><ele>187.6</ele><time>2026-07-16T00:57:56Z</time></rtept><rtept lat="46.806657" lon="-89.821424"><ele>187.1</ele><time>2026-07-16T00:57:56Z</time></rtept><rtept lat="46.806649" lon="-89.821097"><ele>188.1</ele><time>2026-07-16T00:57:56Z</time></rtept><rtept lat="46.806754" lon="-89.820815"><ele>188.2</ele><time>2026-07-16T00:57:56Z</time></rtept><rtept lat="46.806826" lon="-89.820527"><ele>188.0</ele><time>2026-07-16T00:57:56Z</time></rtept><rtept lat="46.806963" lon="-89.820261"><ele>187.9</ele><time>2026-07-16T00:57:56Z</time></rtept><rtept lat="46.80715" lon="-89.819996"><ele>186.8</ele><time>2026-07-16T00:57:56Z</time></rtept><rtept lat="46.807234" lon="-89.819776"><ele>186.8</ele><time>2026-07-16T00:57:56Z</time></rtept><rtept lat="46.807298" lon="-89.819466"><ele>187.4</ele><time>2026-07-16T00:57:56Z</time></rtept><rtept lat="46.8073" lon="-89.819144"><ele>188.2</ele><time>2026-07-16T00:57:56Z</time></rtept><rtept lat="46.807425" lon="-89.818714"><ele>188.3</ele><time>2026-07-16T00:57:56Z</time></rtept><rtept lat="46.807522" lon="-89.818153"><ele>189.2</ele><time>2026-07-16T00:57:56Z</time></rtept><rtept lat="46.807605" lon="-89.817693"><ele>189.5</ele><time>2026-07-16T00:57:56Z</time></rtept><rtept lat="46.807669" lon="-89.817356"><ele>190.3</ele><time>2026-07-16T00:57:56Z</time></rtept><rtept lat="46.8077" lon="-89.817053"><ele>190.7</ele><time>2026-07-16T00:57:56Z</time></rtept><rtept lat="46.807771" lon="-89.816912"><ele>190.6</ele><time>2026-07-16T00:57:56Z</time></rtept><rtept lat="46.807897" lon="-89.816683"><ele>190.1</ele><time>2026-07-16T00:57:56Z</time></rtept><rtept lat="46.808037" lon="-89.816324"><ele>190.4</ele><time>2026-07-16T00:57:56Z</time></rtept><rtept lat="46.808208" lon="-89.816044"><ele>189.9</ele><time>2026-07-16T00:57:56Z</time></rtept><rtept lat="46.808435" lon="-89.815875"><ele>188.3</ele><time>2026-07-16T00:57:56Z</time></rtept><rtept lat="46.808652" lon="-89.815803"><ele>186.8</ele><time>2026-07-16T00:57:56Z</time></rtept><rtept lat="46.808727" lon="-89.815643"><ele>186.9</ele><time>2026-07-16T00:57:56Z</time></rtept><rtept lat="46.808819" lon="-89.81529"><ele>187.5</ele><time>2026-07-16T00:57:56Z</time></rtept><rtept lat="46.809001" lon="-89.814864"><ele>186.8</ele><time>2026-07-16T00:57:56Z</time></rtept><rtept lat="46.809188" lon="-89.814322"><ele>187.7</ele><time>2026-07-16T00:57:56Z</time></rtept><rtept lat="46.809318" lon="-89.813896"><ele>187.8</ele><time>2026-07-16T00:57:56Z</time></rtept><rtept lat="46.80947" lon="-89.813575"><ele>187.4</ele><time>2026-07-16T00:57:56Z</time></rtept><rtept lat="46.809531" lon="-89.813265"><ele>187.8</ele><time>2026-07-16T00:57:56Z</time></rtept><rtept lat="46.809708" lon="-89.812874"><ele>187.3</ele><time>2026-07-16T00:57:56Z</time></rtept><rtept lat="46.809818" lon="-89.81253"><ele>187.4</ele><time>2026-07-16T00:57:56Z</time></rtept><rtept lat="46.809821" lon="-89.812357"><ele>187.9</ele><time>2026-07-16T00:57:56Z</time></rtept><rtept lat="46.80976" lon="-89.812065"><ele>189.5</ele><time>2026-07-16T00:57:56Z</time></rtept><rtept lat="46.809724" lon="-89.811887"><ele>190.2</ele><time>2026-07-16T00:57:56Z</time></rtept><rtept lat="46.809747" lon="-89.811673"><ele>190.8</ele><time>2026-07-16T00:57:56Z</time></rtept><rtept lat="46.809722" lon="-89.811228"><ele>191.8</ele><time>2026-07-16T00:57:56Z</time></rtept><rtept lat="46.809729" lon="-89.810935"><ele>192.3</ele><time>2026-07-16T00:57:56Z</time></rtept><rtept lat="46.809839" lon="-89.810289"><ele>193.0</ele><time>2026-07-16T00:57:56Z</time></rtept><rtept lat="46.809901" lon="-89.80992"><ele>193.1</ele><time>2026-07-16T00:57:56Z</time></rtept><rtept lat="46.809942" lon="-89.80956"><ele>193.6</ele><time>2026-07-16T00:57:56Z</time></rtept><rtept lat="46.810107" lon="-89.809142"><ele>194.1</ele><time>2026-07-16T00:57:56Z</time></rtept><rtept lat="46.810274" lon="-89.808667"><ele>193.9</ele><time>2026-07-16T00:57:56Z</time></rtept><rtept lat="46.810261" lon="-89.808276"><ele>194.6</ele><time>2026-07-16T00:57:56Z</time></rtept><rtept lat="46.810198" lon="-89.807795"><ele>195.7</ele><time>2026-07-16T00:57:56Z</time></rtept><rtept lat="46.810263" lon="-89.80742"><ele>195.8</ele><time>2026-07-16T00:57:56Z</time></rtept><rtept lat="46.810461" lon="-89.806997"><ele>195.8</ele><time>2026-07-16T00:57:56Z</time></rtept><rtept lat="46.8105" lon="-89.806732"><ele>196.2</ele><time>2026-07-16T00:57:56Z</time></rtept><rtept lat="46.810543" lon="-89.806425"><ele>196.5</ele><time>2026-07-16T00:57:56Z</time></rtept><rtept lat="46.810651" lon="-89.80598"><ele>196.3</ele><time>2026-07-16T00:57:56Z</time></rtept><rtept lat="46.810801" lon="-89.805698"><ele>196.1</ele><time>2026-07-16T00:57:56Z</time></rtept><rtept lat="46.81092" lon="-89.80546"><ele>196.2</ele><time>2026-07-16T00:57:56Z</time></rtept><rtept lat="46.81097" lon="-89.805269"><ele>196.0</ele><time>2026-07-16T00:57:56Z</time></rtept><rtept lat="46.811244" lon="-89.804738"><ele>196.0</ele><time>2026-07-16T00:57:56Z</time></rtept><rtept lat="46.811288" lon="-89.804472"><ele>195.8</ele><time>2026-07-16T00:57:56Z</time></rtept><rtept lat="46.811337" lon="-89.804006"><ele>196.6</ele><time>2026-07-16T00:57:56Z</time></rtept><rtept lat="46.811669" lon="-89.803448"><ele>195.8</ele><time>2026-07-16T00:57:56Z</time></rtept><rtept lat="46.811863" lon="-89.803086"><ele>195.7</ele><time>2026-07-16T00:57:56Z</time></rtept><rtept lat="46.812037" lon="-89.802756"><ele>195.2</ele><time>2026-07-16T00:57:56Z</time></rtept><rtept lat="46.812067" lon="-89.802359"><ele>195.6</ele><time>2026-07-16T00:57:56Z</time></rtept><rtept lat="46.812301" lon="-89.801861"><ele>195.5</ele><time>2026-07-16T00:57:56Z</time></rtept><rtept lat="46.81234" lon="-89.801526"><ele>196.1</ele><time>2026-07-16T00:57:56Z</time></rtept><rtept lat="46.812405" lon="-89.801289"><ele>196.2</ele><time>2026-07-16T00:57:56Z</time></rtept><rtept lat="46.81248" lon="-89.800985"><ele>196.6</ele><time>2026-07-16T00:57:56Z</time></rtept><rtept lat="46.812503" lon="-89.800468"><ele>196.5</ele><time>2026-07-16T00:57:56Z</time></rtept><rtept lat="46.812601" lon="-89.800122"><ele>196.2</ele><time>2026-07-16T00:57:56Z</time></rtept><rtept lat="46.812805" lon="-89.799779"><ele>195.7</ele><time>2026-07-16T00:57:56Z</time></rtept><rtept lat="46.813009" lon="-89.799248"><ele>195.6</ele><time>2026-07-16T00:57:56Z</time></rtept><rtept lat="46.813087" lon="-89.79918"><ele>195.4</ele><time>2026-07-16T00:57:56Z</time></rtept><rtept lat="46.813282" lon="-89.798689"><ele>195.7</ele><time>2026-07-16T00:57:56Z</time></rtept><rtept lat="46.81352" lon="-89.798011"><ele>196.0</ele><time>2026-07-16T00:57:56Z</time></rtept><rtept lat="46.81368" lon="-89.797735"><ele>196.3</ele><time>2026-07-16T00:57:56Z</time></rtept><rtept lat="46.813761" lon="-89.797447"><ele>196.0</ele><time>2026-07-16T00:57:56Z</time></rtept><rtept lat="46.813849" lon="-89.79733"><ele>195.6</ele><time>2026-07-16T00:57:56Z</time></rtept><rtept lat="46.814259" lon="-89.796866"><ele>194.6</ele><time>2026-07-16T00:57:56Z</time></rtept><rtept lat="46.814375" lon="-89.796768"><ele>194.0</ele><time>2026-07-16T00:57:56Z</time></rtept><rtept lat="46.814534" lon="-89.796507"><ele>192.5</ele><time>2026-07-16T00:57:56Z</time></rtept><rtept lat="46.814684" lon="-89.796163"><ele>191.3</ele><time>2026-07-16T00:57:56Z</time></rtept><rtept lat="46.814861" lon="-89.795975"><ele>190.0</ele><time>2026-07-16T00:57:56Z</time></rtept><rtept lat="46.815104" lon="-89.795647"><ele>190.8</ele><time>2026-07-16T00:57:56Z</time></rtept><rtept lat="46.815181" lon="-89.79554"><ele>190.9</ele><time>2026-07-16T00:57:56Z</time></rtept><rtept lat="46.815185" lon="-89.795336"><ele>191.6</ele><time>2026-07-16T00:57:56Z</time></rtept><rtept lat="46.815245" lon="-89.795176"><ele>191.6</ele><time>2026-07-16T00:57:56Z</time></rtept><rtept lat="46.815484" lon="-89.79504"><ele>190.7</ele><time>2026-07-16T00:57:56Z</time></rtept><rtept lat="46.815636" lon="-89.79502"><ele>190.2</ele><time>2026-07-16T00:57:56Z</time></rtept><rtept lat="46.815789" lon="-89.794917"><ele>189.4</ele><time>2026-07-16T00:57:56Z</time></rtept><rtept lat="46.815893" lon="-89.794887"><ele>188.9</ele><time>2026-07-16T00:57:56Z</time></rtept><rtept lat="46.816033" lon="-89.794815"><ele>188.2</ele><time>2026-07-16T00:57:56Z</time></rtept><rtept lat="46.816185" lon="-89.794774"><ele>187.3</ele><time>2026-07-16T00:57:56Z</time></rtept><rtept lat="46.816217" lon="-89.794431"><ele>188.1</ele><time>2026-07-16T00:57:56Z</time></rtept><rtept lat="46.816342" lon="-89.794039"><ele>187.8</ele><time>2026-07-16T00:57:56Z</time></rtept><rtept lat="46.816388" lon="-89.793809"><ele>188.3</ele><time>2026-07-16T00:57:56Z</time></rtept><rtept lat="46.816384" lon="-89.793537"><ele>189.3</ele><time>2026-07-16T00:57:56Z</time></rtept><rtept lat="46.816457" lon="-89.793375"><ele>189.4</ele><time>2026-07-16T00:57:56Z</time></rtept><rtept lat="46.816481" lon="-89.793195"><ele>189.8</ele><time>2026-07-16T00:57:56Z</time></rtept><rtept lat="46.816388" lon="-89.792913"><ele>190.5</ele><time>2026-07-16T00:57:56Z</time></rtept><rtept lat="46.816358" lon="-89.792749"><ele>190.7</ele><time>2026-07-16T00:57:56Z</time></rtept><rtept lat="46.81643" lon="-89.792363"><ele>191.4</ele><time>2026-07-16T00:57:56Z</time></rtept><rtept lat="46.816538" lon="-89.791881"><ele>191.2</ele><time>2026-07-16T00:57:56Z</time></rtept><rtept lat="46.816589" lon="-89.791373"><ele>191.7</ele><time>2026-07-16T00:57:56Z</time></rtept><rtept lat="46.816641" lon="-89.791037"><ele>190.6</ele><time>2026-07-16T00:57:56Z</time></rtept><rtept lat="46.816598" lon="-89.790891"><ele>190.7</ele><time>2026-07-16T00:57:56Z</time></rtept><rtept lat="46.816575" lon="-89.790678"><ele>190.8</ele><time>2026-07-16T00:57:56Z</time></rtept><rtept lat="46.816442" lon="-89.790465"><ele>192.2</ele><time>2026-07-16T00:57:56Z</time></rtept><rtept lat="46.816241" lon="-89.790048"><ele>194.8</ele><time>2026-07-16T00:57:56Z</time></rtept><rtept lat="46.816163" lon="-89.789759"><ele>195.0</ele><time>2026-07-16T00:57:56Z</time></rtept><rtept lat="46.816156" lon="-89.789421"><ele>195.4</ele><time>2026-07-16T00:57:56Z</time></rtept><rtept lat="46.816223" lon="-89.789114"><ele>196.1</ele><time>2026-07-16T00:57:56Z</time></rtept><rtept lat="46.816316" lon="-89.788838"><ele>195.9</ele><time>2026-07-16T00:57:56Z</time></rtept><rtept lat="46.816324" lon="-89.788596"><ele>196.5</ele><time>2026-07-16T00:57:56Z</time></rtept><rtept lat="46.816201" lon="-89.788473"><ele>197.3</ele><time>2026-07-16T00:57:56Z</time></rtept><rtept lat="46.816022" lon="-89.78833"><ele>198.6</ele><time>2026-07-16T00:57:56Z</time></rtept><rtept lat="46.815879" lon="-89.788132"><ele>199.3</ele><time>2026-07-16T00:57:56Z</time></rtept><rtept lat="46.815773" lon="-89.787859"><ele>199.7</ele><time>2026-07-16T00:57:56Z</time></rtept><rtept lat="46.815665" lon="-89.787567"><ele>200.9</ele><time>2026-07-16T00:57:56Z</time></rtept><rtept lat="46.815576" lon="-89.787236"><ele>201.4</ele><time>2026-07-16T00:57:56Z</time></rtept><rtept lat="46.815338" lon="-89.786979"><ele>202.6</ele><time>2026-07-16T00:57:56Z</time></rtept><rtept lat="46.815233" lon="-89.786786"><ele>203.9</ele><time>2026-07-16T00:57:56Z</time></rtept><rtept lat="46.815158" lon="-89.786397"><ele>204.9</ele><time>2026-07-16T00:57:56Z</time></rtept><rtept lat="46.815028" lon="-89.785938"><ele>207.7</ele><time>2026-07-16T00:57:56Z</time></rtept><rtept lat="46.814879" lon="-89.785625"><ele>209.8</ele><time>2026-07-16T00:57:56Z</time></rtept><rtept lat="46.814712" lon="-89.785147"><ele>211.6</ele><time>2026-07-16T00:57:56Z</time></rtept><rtept lat="46.81457" lon="-89.784556"><ele>214.1</ele><time>2026-07-16T00:57:56Z</time></rtept><rtept lat="46.814489" lon="-89.784414"><ele>215.0</ele><time>2026-07-16T00:57:56Z</time></rtept><rtept lat="46.814359" lon="-89.784334"><ele>216.4</ele><time>2026-07-16T00:57:56Z</time></rtept><rtept lat="46.814294" lon="-89.784115"><ele>217.3</ele><time>2026-07-16T00:57:56Z</time></rtept><rtept lat="46.814282" lon="-89.783733"><ele>218.8</ele><time>2026-07-16T00:57:56Z</time></rtept><rtept lat="46.814301" lon="-89.783489"><ele>219.1</ele><time>2026-07-16T00:57:56Z</time></rtept><rtept lat="46.814334" lon="-89.783098"><ele>220.4</ele><time>2026-07-16T00:57:56Z</time></rtept><rtept lat="46.814338" lon="-89.782644"><ele>222.6</ele><time>2026-07-16T00:57:56Z</time></rtept><rtept lat="46.814365" lon="-89.782409"><ele>223.5</ele><time>2026-07-16T00:57:56Z</time></rtept><rtept lat="46.814469" lon="-89.782091"><ele>223.4</ele><time>2026-07-16T00:57:56Z</time></rtept><rtept lat="46.814476" lon="-89.781916"><ele>224.3</ele><time>2026-07-16T00:57:56Z</time></rtept><rtept lat="46.814369" lon="-89.78151"><ele>227.0</ele><time>2026-07-16T00:57:56Z</time></rtept><rtept lat="46.814244" lon="-89.781325"><ele>229.1</ele><time>2026-07-16T00:57:56Z</time></rtept><rtept lat="46.814175" lon="-89.781184"><ele>230.6</ele><time>2026-07-16T00:57:56Z</time></rtept><rtept lat="46.814057" lon="-89.780612"><ele>234.4</ele><time>2026-07-16T00:57:56Z</time></rtept><rtept lat="46.814041" lon="-89.780352"><ele>236.3</ele><time>2026-07-16T00:57:56Z</time></rtept><rtept lat="46.813932" lon="-89.780059"><ele>239.8</ele><time>2026-07-16T00:57:56Z</time></rtept><rtept lat="46.813841" lon="-89.779723"><ele>243.7</ele><time>2026-07-16T00:57:56Z</time></rtept><rtept lat="46.813835" lon="-89.779332"><ele>246.7</ele><time>2026-07-16T00:57:56Z</time></rtept><rtept lat="46.813831" lon="-89.779005"><ele>249.7</ele><time>2026-07-16T00:57:56Z</time></rtept><rtept lat="46.813813" lon="-89.778774"><ele>252.2</ele><time>2026-07-16T00:57:56Z</time></rtept><rtept lat="46.813843" lon="-89.778457"><ele>253.6</ele><time>2026-07-16T00:57:56Z</time></rtept><rtept lat="46.813773" lon="-89.77797"><ele>258.8</ele><time>2026-07-16T00:57:56Z</time></rtept><rtept lat="46.813681" lon="-89.777653"><ele>262.6</ele><time>2026-07-16T00:57:56Z</time></rtept><rtept lat="46.813673" lon="-89.777187"><ele>266.2</ele><time>2026-07-16T00:57:56Z</time></rtept><rtept lat="46.813633" lon="-89.776682"><ele>270.4</ele><time>2026-07-16T00:57:56Z</time></rtept><rtept lat="46.813583" lon="-89.776468"><ele>273.0</ele><time>2026-07-16T00:57:56Z</time></rtept><rtept lat="46.813559" lon="-89.776228"><ele>274.9</ele><time>2026-07-16T00:57:56Z</time></rtept><rtept lat="46.813481" lon="-89.775897"><ele>278.4</ele><time>2026-07-16T00:57:56Z</time></rtept><rtept lat="46.813343" lon="-89.775637"><ele>281.6</ele><time>2026-07-16T00:57:56Z</time></rtept><rtept lat="46.813327" lon="-89.775332"><ele>283.7</ele><time>2026-07-16T00:57:56Z</time></rtept><rtept lat="46.813282" lon="-89.775054"><ele>286.1</ele><time>2026-07-16T00:57:56Z</time></rtept><rtept lat="46.813377" lon="-89.774745"><ele>285.9</ele><time>2026-07-16T00:57:56Z</time></rtept><rtept lat="46.813481" lon="-89.774488"><ele>284.7</ele><time>2026-07-16T00:57:56Z</time></rtept><rtept lat="46.813594" lon="-89.774298"><ele>284.1</ele><time>2026-07-16T00:57:56Z</time></rtept><rtept lat="46.813656" lon="-89.774136"><ele>283.8</ele><time>2026-07-16T00:57:56Z</time></rtept><rtept lat="46.813673" lon="-89.773922"><ele>284.3</ele><time>2026-07-16T00:57:56Z</time></rtept><rtept lat="46.813606" lon="-89.773625"><ele>287.0</ele><time>2026-07-16T00:57:56Z</time></rtept><rtept lat="46.813543" lon="-89.773434"><ele>289.1</ele><time>2026-07-16T00:57:56Z</time></rtept><rtept lat="46.813608" lon="-89.773004"><ele>290.8</ele><time>2026-07-16T00:57:56Z</time></rtept><rtept lat="46.813763" lon="-89.772482"><ele>290.8</ele><time>2026-07-16T00:57:56Z</time></rtept><rtept lat="46.813916" lon="-89.772203"><ele>289.2</ele><time>2026-07-16T00:57:56Z</time></rtept><rtept lat="46.814068" lon="-89.7719"><ele>288.2</ele><time>2026-07-16T00:57:56Z</time></rtept><rtept lat="46.814179" lon="-89.771617"><ele>287.5</ele><time>2026-07-16T00:57:56Z</time></rtept><rtept lat="46.814151" lon="-89.771267"><ele>289.2</ele><time>2026-07-16T00:57:56Z</time></rtept><rtept lat="46.814027" lon="-89.77092"><ele>293.4</ele><time>2026-07-16T00:57:56Z</time></rtept><rtept lat="46.81403" lon="-89.770457"><ele>295.7</ele><time>2026-07-16T00:57:56Z</time></rtept><rtept lat="46.814079" lon="-89.770215"><ele>296.7</ele><time>2026-07-16T00:57:56Z</time></rtept><rtept lat="46.814129" lon="-89.769889"><ele>298.3</ele><time>2026-07-16T00:57:56Z</time></rtept><rtept lat="46.814198" lon="-89.769655"><ele>299.0</ele><time>2026-07-16T00:57:56Z</time></rtept><rtept lat="46.814172" lon="-89.769053"><ele>304.2</ele><time>2026-07-16T00:57:56Z</time></rtept><rtept lat="46.81394" lon="-89.768812"><ele>310.1</ele><time>2026-07-16T00:57:56Z</time></rtept><rtept lat="46.814028" lon="-89.768298"><ele>313.3</ele><time>2026-07-16T00:57:56Z</time></rtept><rtept lat="46.814064" lon="-89.768113"><ele>314.1</ele><time>2026-07-16T00:57:56Z</time></rtept><rtept lat="46.814193" lon="-89.76759"><ele>315.6</ele><time>2026-07-16T00:57:56Z</time></rtept><rtept lat="46.81427" lon="-89.767128"><ele>318.4</ele><time>2026-07-16T00:57:56Z</time></rtept><rtept lat="46.814344" lon="-89.766572"><ele>323.5</ele><time>2026-07-16T00:57:56Z</time></rtept><rtept lat="46.814367" lon="-89.766257"><ele>324.0</ele><time>2026-07-16T00:57:56Z</time></rtept><rtept lat="46.814451" lon="-89.765848"><ele>322.0</ele><time>2026-07-16T00:57:56Z</time></rtept><rtept lat="46.814306" lon="-89.765459"><ele>324.0</ele><time>2026-07-16T00:57:56Z</time></rtept><rtept lat="46.814431" lon="-89.764832"><ele>324.9</ele><time>2026-07-16T00:57:56Z</time></rtept><rtept lat="46.814557" lon="-89.764413"><ele>325.6</ele><time>2026-07-16T00:57:56Z</time></rtept><rtept lat="46.81473" lon="-89.764107"><ele>326.4</ele><time>2026-07-16T00:57:56Z</time></rtept><rtept lat="46.814976" lon="-89.763788"><ele>326.1</ele><time>2026-07-16T00:57:56Z</time></rtept><rtept lat="46.815024" lon="-89.76346"><ele>328.1</ele><time>2026-07-16T00:57:56Z</time></rtept><rtept lat="46.815238" lon="-89.762976"><ele>328.5</ele><time>2026-07-16T00:57:56Z</time></rtept><rtept lat="46.815444" lon="-89.76261"><ele>326.7</ele><time>2026-07-16T00:57:56Z</time></rtept><rtept lat="46.815639" lon="-89.762054"><ele>325.8</ele><time>2026-07-16T00:57:56Z</time></rtept><rtept lat="46.815753" lon="-89.76178"><ele>325.2</ele><time>2026-07-16T00:57:56Z</time></rtept><rtept lat="46.815872" lon="-89.761383"><ele>325.8</ele><time>2026-07-16T00:57:56Z</time></rtept><rtept lat="46.816069" lon="-89.76091"><ele>325.3</ele><time>2026-07-16T00:57:56Z</time></rtept><rtept lat="46.816044" lon="-89.760627"><ele>327.3</ele><time>2026-07-16T00:57:56Z</time></rtept><rtept lat="46.816022" lon="-89.760458"><ele>328.5</ele><time>2026-07-16T00:57:56Z</time></rtept><rtept lat="46.815902" lon="-89.760332"><ele>330.6</ele><time>2026-07-16T00:57:56Z</time></rtept><rtept lat="46.815696" lon="-89.760157"><ele>333.4</ele><time>2026-07-16T00:57:56Z</time></rtept><rtept lat="46.815436" lon="-89.75986"><ele>337.3</ele><time>2026-07-16T00:57:56Z</time></rtept><rtept lat="46.815248" lon="-89.759621"><ele>339.7</ele><time>2026-07-16T00:57:56Z</time></rtept><rtept lat="46.81519" lon="-89.75936"><ele>340.9</ele><time>2026-07-16T00:57:56Z</time></rtept><rtept lat="46.815006" lon="-89.759044"><ele>339.8</ele><time>2026-07-16T00:57:56Z</time></rtept><rtept lat="46.814786" lon="-89.75873"><ele>336.9</ele><time>2026-07-16T00:57:56Z</time></rtept><rtept lat="46.814705" lon="-89.758494"><ele>335.3</ele><time>2026-07-16T00:57:56Z</time></rtept><rtept lat="46.814453" lon="-89.758223"><ele>333.6</ele><time>2026-07-16T00:57:56Z</time></rtept><rtept lat="46.814321" lon="-89.757913"><ele>332.5</ele><time>2026-07-16T00:57:56Z</time></rtept><rtept lat="46.814165" lon="-89.757628"><ele>331.5</ele><time>2026-07-16T00:57:56Z</time></rtept><rtept lat="46.813967" lon="-89.757328"><ele>330.6</ele><time>2026-07-16T00:57:56Z</time></rtept><rtept lat="46.813815" lon="-89.756874"><ele>329.9</ele><time>2026-07-16T00:57:56Z</time></rtept><rtept lat="46.813593" lon="-89.756467"><ele>330.7</ele><time>2026-07-16T00:57:56Z</time></rtept><rtept lat="46.813437" lon="-89.756276"><ele>331.3</ele><time>2026-07-16T00:57:56Z</time></rtept><rtept lat="46.813268" lon="-89.756021"><ele>332.5</ele><time>2026-07-16T00:57:56Z</time></rtept><rtept lat="46.813142" lon="-89.755778"><ele>333.4</ele><time>2026-07-16T00:57:56Z</time></rtept><rtept lat="46.812884" lon="-89.755603"><ele>335.2</ele><time>2026-07-16T00:57:56Z</time></rtept><rtept lat="46.812594" lon="-89.75549"><ele>337.3</ele><time>2026-07-16T00:57:56Z</time></rtept><rtept lat="46.812203" lon="-89.755289"><ele>340.1</ele><time>2026-07-16T00:57:56Z</time></rtept><rtept lat="46.811948" lon="-89.755184"><ele>342.3</ele><time>2026-07-16T00:57:56Z</time></rtept><rtept lat="46.811766" lon="-89.755117"><ele>343.8</ele><time>2026-07-16T00:57:56Z</time></rtept></rte></gpx>