<?xml version="1.0" ?><gpx xmlns="http://www.topografix.com/GPX/1/1" creator="GaiaGPS" version="1.1" xmlns:xsi="http://www.w3.org/2001/XMLSchema-instance" xsi:schemaLocation="http://www.topografix.com/GPX/1/1 http://www.topografix.com/GPX/1/1/gpx.xsd"><rte><name>Teton Crest 2025</name><desc></desc><extensions><line xmlns="http://www.topografix.com/GPX/gpx_style/0/2"><color>0479FF</color></line></extensions><rtept lat="43.507528" lon="-110.926744"><ele>2395.1</ele><time>2025-09-22T03:40:52Z</time></rtept><rtept lat="43.507583" lon="-110.926709"><ele>2396.6</ele><time>2025-09-22T03:40:52Z</time></rtept><rtept lat="43.507711" lon="-110.926637"><ele>2400.4</ele><time>2025-09-22T03:40:52Z</time></rtept><rtept lat="43.507768" lon="-110.926579"><ele>2402.3</ele><time>2025-09-22T03:40:52Z</time></rtept><rtept lat="43.507813" lon="-110.926525"><ele>2403.3</ele><time>2025-09-22T03:40:52Z</time></rtept><rtept lat="43.507863" lon="-110.926456"><ele>2404.3</ele><time>2025-09-22T03:40:52Z</time></rtept><rtept lat="43.50797" lon="-110.926392"><ele>2406.8</ele><time>2025-09-22T03:40:52Z</time></rtept><rtept lat="43.508114" lon="-110.926318"><ele>2408.8</ele><time>2025-09-22T03:40:52Z</time></rtept><rtept lat="43.508235" lon="-110.926271"><ele>2409.6</ele><time>2025-09-22T03:40:52Z</time></rtept><rtept lat="43.508364" lon="-110.926259"><ele>2411.0</ele><time>2025-09-22T03:40:52Z</time></rtept><rtept lat="43.508469" lon="-110.926238"><ele>2412.4</ele><time>2025-09-22T03:40:52Z</time></rtept><rtept lat="43.508578" lon="-110.926239"><ele>2413.9</ele><time>2025-09-22T03:40:52Z</time></rtept><rtept lat="43.508732" lon="-110.926208"><ele>2416.2</ele><time>2025-09-22T03:40:52Z</time></rtept><rtept lat="43.50881" lon="-110.926174"><ele>2417.0</ele><time>2025-09-22T03:40:52Z</time></rtept><rtept lat="43.508874" lon="-110.926108"><ele>2416.8</ele><time>2025-09-22T03:40:52Z</time></rtept><rtept lat="43.509118" lon="-110.925835"><ele>2419.0</ele><time>2025-09-22T03:40:52Z</time></rtept><rtept lat="43.509267" lon="-110.925507"><ele>2421.1</ele><time>2025-09-22T03:40:52Z</time></rtept><rtept lat="43.509345" lon="-110.925244"><ele>2422.3</ele><time>2025-09-22T03:40:52Z</time></rtept><rtept lat="43.509488" lon="-110.9249"><ele>2424.4</ele><time>2025-09-22T03:40:52Z</time></rtept><rtept lat="43.509492" lon="-110.924376"><ele>2422.7</ele><time>2025-09-22T03:40:52Z</time></rtept><rtept lat="43.509494" lon="-110.924238"><ele>2422.7</ele><time>2025-09-22T03:40:52Z</time></rtept><rtept lat="43.509515" lon="-110.924143"><ele>2423.4</ele><time>2025-09-22T03:40:52Z</time></rtept><rtept lat="43.509522" lon="-110.923991"><ele>2424.6</ele><time>2025-09-22T03:40:52Z</time></rtept><rtept lat="43.509551" lon="-110.923779"><ele>2427.1</ele><time>2025-09-22T03:40:52Z</time></rtept><rtept lat="43.509576" lon="-110.923655"><ele>2428.9</ele><time>2025-09-22T03:40:52Z</time></rtept><rtept lat="43.509581" lon="-110.923539"><ele>2430.0</ele><time>2025-09-22T03:40:52Z</time></rtept><rtept lat="43.509533" lon="-110.923342"><ele>2429.8</ele><time>2025-09-22T03:40:52Z</time></rtept><rtept lat="43.509477" lon="-110.923127"><ele>2428.7</ele><time>2025-09-22T03:40:52Z</time></rtept><rtept lat="43.509437" lon="-110.922976"><ele>2428.4</ele><time>2025-09-22T03:40:52Z</time></rtept><rtept lat="43.509429" lon="-110.922876"><ele>2429.0</ele><time>2025-09-22T03:40:52Z</time></rtept><rtept lat="43.509355" lon="-110.922625"><ele>2431.5</ele><time>2025-09-22T03:40:52Z</time></rtept><rtept lat="43.509322" lon="-110.92242"><ele>2435.1</ele><time>2025-09-22T03:40:52Z</time></rtept><rtept lat="43.509327" lon="-110.922249"><ele>2439.3</ele><time>2025-09-22T03:40:52Z</time></rtept><rtept lat="43.509348" lon="-110.922146"><ele>2441.3</ele><time>2025-09-22T03:40:52Z</time></rtept><rtept lat="43.509409" lon="-110.922005"><ele>2443.9</ele><time>2025-09-22T03:40:52Z</time></rtept><rtept lat="43.509455" lon="-110.92195"><ele>2445.1</ele><time>2025-09-22T03:40:52Z</time></rtept><rtept lat="43.509527" lon="-110.921877"><ele>2446.2</ele><time>2025-09-22T03:40:52Z</time></rtept><rtept lat="43.509594" lon="-110.921818"><ele>2447.0</ele><time>2025-09-22T03:40:52Z</time></rtept><rtept lat="43.509655" lon="-110.921785"><ele>2447.8</ele><time>2025-09-22T03:40:52Z</time></rtept><rtept lat="43.509909" lon="-110.921633"><ele>2449.7</ele><time>2025-09-22T03:40:52Z</time></rtept><rtept lat="43.510343" lon="-110.921347"><ele>2452.2</ele><time>2025-09-22T03:40:52Z</time></rtept><rtept lat="43.510443" lon="-110.92125"><ele>2452.0</ele><time>2025-09-22T03:40:52Z</time></rtept><rtept lat="43.510549" lon="-110.921127"><ele>2451.2</ele><time>2025-09-22T03:40:52Z</time></rtept><rtept lat="43.510642" lon="-110.921009"><ele>2451.5</ele><time>2025-09-22T03:40:52Z</time></rtept><rtept lat="43.510723" lon="-110.920869"><ele>2451.0</ele><time>2025-09-22T03:40:52Z</time></rtept><rtept lat="43.510873" lon="-110.920714"><ele>2451.0</ele><time>2025-09-22T03:40:52Z</time></rtept><rtept lat="43.511023" lon="-110.920484"><ele>2451.0</ele><time>2025-09-22T03:40:52Z</time></rtept><rtept lat="43.51115" lon="-110.920208"><ele>2449.6</ele><time>2025-09-22T03:40:52Z</time></rtept><rtept lat="43.511232" lon="-110.920106"><ele>2451.5</ele><time>2025-09-22T03:40:52Z</time></rtept><rtept lat="43.511291" lon="-110.919971"><ele>2452.2</ele><time>2025-09-22T03:40:52Z</time></rtept><rtept lat="43.511375" lon="-110.919781"><ele>2453.2</ele><time>2025-09-22T03:40:52Z</time></rtept><rtept lat="43.511432" lon="-110.919621"><ele>2453.8</ele><time>2025-09-22T03:40:52Z</time></rtept><rtept lat="43.511444" lon="-110.919426"><ele>2452.0</ele><time>2025-09-22T03:40:52Z</time></rtept><rtept lat="43.511543" lon="-110.919338"><ele>2454.5</ele><time>2025-09-22T03:40:52Z</time></rtept><rtept lat="43.511633" lon="-110.919241"><ele>2456.2</ele><time>2025-09-22T03:40:52Z</time></rtept><rtept lat="43.511706" lon="-110.91916"><ele>2457.2</ele><time>2025-09-22T03:40:52Z</time></rtept><rtept lat="43.511847" lon="-110.919098"><ele>2460.4</ele><time>2025-09-22T03:40:52Z</time></rtept><rtept lat="43.512" lon="-110.9191"><ele>2464.8</ele><time>2025-09-22T03:40:52Z</time></rtept><rtept lat="43.512234" lon="-110.919101"><ele>2470.0</ele><time>2025-09-22T03:40:52Z</time></rtept><rtept lat="43.512254" lon="-110.919111"><ele>2470.4</ele><time>2025-09-22T03:40:52Z</time></rtept><rtept lat="43.512373" lon="-110.91914"><ele>2472.3</ele><time>2025-09-22T03:40:52Z</time></rtept><rtept lat="43.512614" lon="-110.919038"><ele>2473.9</ele><time>2025-09-22T03:40:52Z</time></rtept><rtept lat="43.513004" lon="-110.918972"><ele>2476.3</ele><time>2025-09-22T03:40:52Z</time></rtept><rtept lat="43.513141" lon="-110.918946"><ele>2476.8</ele><time>2025-09-22T03:40:52Z</time></rtept><rtept lat="43.51339" lon="-110.918959"><ele>2480.2</ele><time>2025-09-22T03:40:52Z</time></rtept><rtept lat="43.513526" lon="-110.918977"><ele>2482.9</ele><time>2025-09-22T03:40:52Z</time></rtept><rtept lat="43.513696" lon="-110.919023"><ele>2487.1</ele><time>2025-09-22T03:40:52Z</time></rtept><rtept lat="43.513753" lon="-110.918995"><ele>2487.5</ele><time>2025-09-22T03:40:52Z</time></rtept><rtept lat="43.51386" lon="-110.918948"><ele>2488.7</ele><time>2025-09-22T03:40:52Z</time></rtept><rtept lat="43.5139" lon="-110.918941"><ele>2489.4</ele><time>2025-09-22T03:40:52Z</time></rtept><rtept lat="43.513877" lon="-110.918677"><ele>2485.4</ele><time>2025-09-22T03:40:52Z</time></rtept><rtept lat="43.513877" lon="-110.918611"><ele>2484.6</ele><time>2025-09-22T03:40:52Z</time></rtept><rtept lat="43.513883" lon="-110.918515"><ele>2484.4</ele><time>2025-09-22T03:40:52Z</time></rtept><rtept lat="43.513884" lon="-110.918441"><ele>2484.2</ele><time>2025-09-22T03:40:52Z</time></rtept><rtept lat="43.513912" lon="-110.918362"><ele>2485.0</ele><time>2025-09-22T03:40:52Z</time></rtept><rtept lat="43.513993" lon="-110.918196"><ele>2487.9</ele><time>2025-09-22T03:40:52Z</time></rtept><rtept lat="43.513999" lon="-110.918104"><ele>2488.0</ele><time>2025-09-22T03:40:52Z</time></rtept><rtept lat="43.51407" lon="-110.917987"><ele>2490.1</ele><time>2025-09-22T03:40:52Z</time></rtept><rtept lat="43.514075" lon="-110.917947"><ele>2490.1</ele><time>2025-09-22T03:40:52Z</time></rtept><rtept lat="43.514136" lon="-110.917842"><ele>2492.0</ele><time>2025-09-22T03:40:52Z</time></rtept><rtept lat="43.514189" lon="-110.917785"><ele>2493.7</ele><time>2025-09-22T03:40:52Z</time></rtept><rtept lat="43.514229" lon="-110.917734"><ele>2494.7</ele><time>2025-09-22T03:40:52Z</time></rtept><rtept lat="43.514347" lon="-110.917825"><ele>2498.5</ele><time>2025-09-22T03:40:52Z</time></rtept><rtept lat="43.514427" lon="-110.917787"><ele>2500.6</ele><time>2025-09-22T03:40:52Z</time></rtept><rtept lat="43.514496" lon="-110.917732"><ele>2502.3</ele><time>2025-09-22T03:40:52Z</time></rtept><rtept lat="43.514598" lon="-110.917786"><ele>2504.9</ele><time>2025-09-22T03:40:52Z</time></rtept><rtept lat="43.514708" lon="-110.91783"><ele>2507.7</ele><time>2025-09-22T03:40:52Z</time></rtept><rtept lat="43.514936" lon="-110.918053"><ele>2510.3</ele><time>2025-09-22T03:40:52Z</time></rtept><rtept lat="43.515005" lon="-110.918088"><ele>2511.2</ele><time>2025-09-22T03:40:52Z</time></rtept><rtept lat="43.515059" lon="-110.918118"><ele>2511.6</ele><time>2025-09-22T03:40:52Z</time></rtept><rtept lat="43.515186" lon="-110.918149"><ele>2511.9</ele><time>2025-09-22T03:40:52Z</time></rtept><rtept lat="43.515299" lon="-110.91816"><ele>2512.0</ele><time>2025-09-22T03:40:52Z</time></rtept><rtept lat="43.515404" lon="-110.918123"><ele>2511.7</ele><time>2025-09-22T03:40:52Z</time></rtept><rtept lat="43.515444" lon="-110.918113"><ele>2511.5</ele><time>2025-09-22T03:40:52Z</time></rtept><rtept lat="43.51553" lon="-110.918085"><ele>2511.2</ele><time>2025-09-22T03:40:52Z</time></rtept><rtept lat="43.515673" lon="-110.91804"><ele>2510.5</ele><time>2025-09-22T03:40:52Z</time></rtept><rtept lat="43.515916" lon="-110.918089"><ele>2509.1</ele><time>2025-09-22T03:40:52Z</time></rtept><rtept lat="43.516056" lon="-110.918084"><ele>2507.5</ele><time>2025-09-22T03:40:52Z</time></rtept><rtept lat="43.516178" lon="-110.918089"><ele>2505.5</ele><time>2025-09-22T03:40:52Z</time></rtept><rtept lat="43.51621" lon="-110.918101"><ele>2504.8</ele><time>2025-09-22T03:40:52Z</time></rtept><rtept lat="43.5163" lon="-110.9182"><ele>2502.8</ele><time>2025-09-22T03:40:52Z</time></rtept><rtept lat="43.516384" lon="-110.918265"><ele>-1000.0</ele><time>2025-09-22T03:40:52Z</time></rtept><rtept lat="43.516384" lon="-110.918265"><ele>2501.1</ele><time>2025-09-22T03:40:52Z</time></rtept><rtept lat="43.516426" lon="-110.918266"><ele>2500.6</ele><time>2025-09-22T03:40:52Z</time></rtept><rtept lat="43.516424" lon="-110.918264"><ele>2500.6</ele><time>2025-09-22T03:40:52Z</time></rtept><rtept lat="43.516498" lon="-110.918266"><ele>2499.8</ele><time>2025-09-22T03:40:52Z</time></rtept><rtept lat="43.516581" lon="-110.918325"><ele>2498.9</ele><time>2025-09-22T03:40:52Z</time></rtept><rtept lat="43.516855" lon="-110.918573"><ele>2499.3</ele><time>2025-09-22T03:40:52Z</time></rtept><rtept lat="43.517015" lon="-110.918738"><ele>2500.6</ele><time>2025-09-22T03:40:52Z</time></rtept><rtept lat="43.517128" lon="-110.918863"><ele>2502.5</ele><time>2025-09-22T03:40:52Z</time></rtept><rtept lat="43.517229" lon="-110.918838"><ele>2503.5</ele><time>2025-09-22T03:40:52Z</time></rtept><rtept lat="43.51727" lon="-110.918807"><ele>2503.3</ele><time>2025-09-22T03:40:52Z</time></rtept><rtept lat="43.517389" lon="-110.918795"><ele>2503.6</ele><time>2025-09-22T03:40:52Z</time></rtept><rtept lat="43.517461" lon="-110.918691"><ele>2502.7</ele><time>2025-09-22T03:40:52Z</time></rtept><rtept lat="43.517579" lon="-110.918544"><ele>2501.4</ele><time>2025-09-22T03:40:52Z</time></rtept><rtept lat="43.517687" lon="-110.918371"><ele>2500.7</ele><time>2025-09-22T03:40:52Z</time></rtept><rtept lat="43.517854" lon="-110.918168"><ele>2502.7</ele><time>2025-09-22T03:40:52Z</time></rtept><rtept lat="43.517928" lon="-110.918016"><ele>2504.0</ele><time>2025-09-22T03:40:52Z</time></rtept><rtept lat="43.51794" lon="-110.91794"><ele>2503.8</ele><time>2025-09-22T03:40:52Z</time></rtept><rtept lat="43.517945" lon="-110.917866"><ele>2503.3</ele><time>2025-09-22T03:40:52Z</time></rtept><rtept lat="43.51791" lon="-110.917815"><ele>2502.1</ele><time>2025-09-22T03:40:52Z</time></rtept><rtept lat="43.517857" lon="-110.917724"><ele>2500.4</ele><time>2025-09-22T03:40:52Z</time></rtept><rtept lat="43.517801" lon="-110.917571"><ele>2498.6</ele><time>2025-09-22T03:40:52Z</time></rtept><rtept lat="43.517855" lon="-110.917455"><ele>2498.9</ele><time>2025-09-22T03:40:52Z</time></rtept><rtept lat="43.518116" lon="-110.917407"><ele>2502.6</ele><time>2025-09-22T03:40:52Z</time></rtept><rtept lat="43.518282" lon="-110.917399"><ele>2505.1</ele><time>2025-09-22T03:40:52Z</time></rtept><rtept lat="43.518522" lon="-110.917377"><ele>2507.0</ele><time>2025-09-22T03:40:52Z</time></rtept><rtept lat="43.518667" lon="-110.917331"><ele>2507.6</ele><time>2025-09-22T03:40:52Z</time></rtept><rtept lat="43.518744" lon="-110.91728"><ele>2507.6</ele><time>2025-09-22T03:40:52Z</time></rtept><rtept lat="43.518781" lon="-110.917311"><ele>2508.2</ele><time>2025-09-22T03:40:52Z</time></rtept><rtept lat="43.518871" lon="-110.917363"><ele>2509.4</ele><time>2025-09-22T03:40:52Z</time></rtept><rtept lat="43.519008" lon="-110.91733"><ele>2510.0</ele><time>2025-09-22T03:40:52Z</time></rtept><rtept lat="43.519399" lon="-110.917278"><ele>2512.3</ele><time>2025-09-22T03:40:52Z</time></rtept><rtept lat="43.519497" lon="-110.917193"><ele>2512.9</ele><time>2025-09-22T03:40:52Z</time></rtept><rtept lat="43.519613" lon="-110.917148"><ele>2514.9</ele><time>2025-09-22T03:40:52Z</time></rtept><rtept lat="43.519876" lon="-110.917149"><ele>2519.3</ele><time>2025-09-22T03:40:52Z</time></rtept><rtept lat="43.519993" lon="-110.917205"><ele>2521.7</ele><time>2025-09-22T03:40:52Z</time></rtept><rtept lat="43.520111" lon="-110.917219"><ele>2522.8</ele><time>2025-09-22T03:40:52Z</time></rtept><rtept lat="43.520159" lon="-110.917257"><ele>2523.5</ele><time>2025-09-22T03:40:52Z</time></rtept><rtept lat="43.520242" lon="-110.917277"><ele>2524.5</ele><time>2025-09-22T03:40:52Z</time></rtept><rtept lat="43.520371" lon="-110.917307"><ele>2526.6</ele><time>2025-09-22T03:40:52Z</time></rtept><rtept lat="43.520529" lon="-110.917328"><ele>2529.1</ele><time>2025-09-22T03:40:52Z</time></rtept><rtept lat="43.520876" lon="-110.917407"><ele>2533.0</ele><time>2025-09-22T03:40:52Z</time></rtept><rtept lat="43.52126" lon="-110.917501"><ele>2535.5</ele><time>2025-09-22T03:40:52Z</time></rtept><rtept lat="43.521493" lon="-110.91751"><ele>2536.0</ele><time>2025-09-22T03:40:52Z</time></rtept><rtept lat="43.521564" lon="-110.917485"><ele>2536.0</ele><time>2025-09-22T03:40:52Z</time></rtept><rtept lat="43.521753" lon="-110.917453"><ele>2535.7</ele><time>2025-09-22T03:40:52Z</time></rtept><rtept lat="43.5219" lon="-110.917453"><ele>2535.2</ele><time>2025-09-22T03:40:52Z</time></rtept><rtept lat="43.522024" lon="-110.917427"><ele>2534.9</ele><time>2025-09-22T03:40:52Z</time></rtept><rtept lat="43.522149" lon="-110.917384"><ele>2534.9</ele><time>2025-09-22T03:40:52Z</time></rtept><rtept lat="43.522511" lon="-110.917328"><ele>2533.5</ele><time>2025-09-22T03:40:52Z</time></rtept><rtept lat="43.522651" lon="-110.917333"><ele>2532.0</ele><time>2025-09-22T03:40:52Z</time></rtept><rtept lat="43.523025" lon="-110.91726"><ele>2530.1</ele><time>2025-09-22T03:40:52Z</time></rtept><rtept lat="43.52307" lon="-110.917252"><ele>2530.2</ele><time>2025-09-22T03:40:52Z</time></rtept><rtept lat="43.5231" lon="-110.917224"><ele>2530.5</ele><time>2025-09-22T03:40:52Z</time></rtept><rtept lat="43.523293" lon="-110.917225"><ele>2532.6</ele><time>2025-09-22T03:40:52Z</time></rtept><rtept lat="43.523424" lon="-110.917226"><ele>2535.0</ele><time>2025-09-22T03:40:52Z</time></rtept><rtept lat="43.523477" lon="-110.917196"><ele>2536.1</ele><time>2025-09-22T03:40:52Z</time></rtept><rtept lat="43.523609" lon="-110.91715"><ele>2538.7</ele><time>2025-09-22T03:40:52Z</time></rtept><rtept lat="43.523894" lon="-110.917062"><ele>2542.0</ele><time>2025-09-22T03:40:52Z</time></rtept><rtept lat="43.524028" lon="-110.917011"><ele>2542.7</ele><time>2025-09-22T03:40:52Z</time></rtept><rtept lat="43.524172" lon="-110.916972"><ele>2543.3</ele><time>2025-09-22T03:40:52Z</time></rtept><rtept lat="43.524391" lon="-110.916858"><ele>2545.7</ele><time>2025-09-22T03:40:52Z</time></rtept><rtept lat="43.524487" lon="-110.916735"><ele>2546.2</ele><time>2025-09-22T03:40:52Z</time></rtept><rtept lat="43.524629" lon="-110.916544"><ele>2547.9</ele><time>2025-09-22T03:40:52Z</time></rtept><rtept lat="43.524777" lon="-110.916333"><ele>2549.5</ele><time>2025-09-22T03:40:52Z</time></rtept><rtept lat="43.524916" lon="-110.916146"><ele>2550.0</ele><time>2025-09-22T03:40:52Z</time></rtept><rtept lat="43.525207" lon="-110.916003"><ele>2552.5</ele><time>2025-09-22T03:40:52Z</time></rtept><rtept lat="43.525337" lon="-110.916004"><ele>2554.0</ele><time>2025-09-22T03:40:52Z</time></rtept><rtept lat="43.525572" lon="-110.915922"><ele>2555.8</ele><time>2025-09-22T03:40:52Z</time></rtept><rtept lat="43.525717" lon="-110.915885"><ele>2556.6</ele><time>2025-09-22T03:40:52Z</time></rtept><rtept lat="43.525885" lon="-110.915859"><ele>2557.5</ele><time>2025-09-22T03:40:52Z</time></rtept><rtept lat="43.525966" lon="-110.915858"><ele>2557.7</ele><time>2025-09-22T03:40:52Z</time></rtept><rtept lat="43.526035" lon="-110.915866"><ele>2558.1</ele><time>2025-09-22T03:40:52Z</time></rtept><rtept lat="43.526179" lon="-110.915938"><ele>2559.1</ele><time>2025-09-22T03:40:52Z</time></rtept><rtept lat="43.5263" lon="-110.915986"><ele>2559.6</ele><time>2025-09-22T03:40:52Z</time></rtept><rtept lat="43.526458" lon="-110.916074"><ele>2560.3</ele><time>2025-09-22T03:40:52Z</time></rtept><rtept lat="43.526647" lon="-110.916112"><ele>2560.1</ele><time>2025-09-22T03:40:52Z</time></rtept><rtept lat="43.52682" lon="-110.916173"><ele>2560.2</ele><time>2025-09-22T03:40:52Z</time></rtept><rtept lat="43.52703" lon="-110.916201"><ele>2560.8</ele><time>2025-09-22T03:40:52Z</time></rtept><rtept lat="43.527195" lon="-110.916108"><ele>2561.7</ele><time>2025-09-22T03:40:52Z</time></rtept><rtept lat="43.527294" lon="-110.916022"><ele>2562.6</ele><time>2025-09-22T03:40:52Z</time></rtept><rtept lat="43.527413" lon="-110.915951"><ele>2563.8</ele><time>2025-09-22T03:40:52Z</time></rtept><rtept lat="43.527548" lon="-110.915877"><ele>2565.2</ele><time>2025-09-22T03:40:52Z</time></rtept><rtept lat="43.527671" lon="-110.915824"><ele>2566.9</ele><time>2025-09-22T03:40:52Z</time></rtept><rtept lat="43.527767" lon="-110.915793"><ele>2568.1</ele><time>2025-09-22T03:40:52Z</time></rtept><rtept lat="43.527907" lon="-110.91575"><ele>2568.9</ele><time>2025-09-22T03:40:52Z</time></rtept><rtept lat="43.528028" lon="-110.915702"><ele>2569.3</ele><time>2025-09-22T03:40:52Z</time></rtept><rtept lat="43.528066" lon="-110.915672"><ele>2569.2</ele><time>2025-09-22T03:40:52Z</time></rtept><rtept lat="43.528412" lon="-110.915517"><ele>2567.5</ele><time>2025-09-22T03:40:52Z</time></rtept><rtept lat="43.528522" lon="-110.915488"><ele>2565.9</ele><time>2025-09-22T03:40:52Z</time></rtept><rtept lat="43.528593" lon="-110.915496"><ele>2565.4</ele><time>2025-09-22T03:40:52Z</time></rtept><rtept lat="43.528768" lon="-110.915569"><ele>2561.7</ele><time>2025-09-22T03:40:52Z</time></rtept><rtept lat="43.528864" lon="-110.915653"><ele>2561.0</ele><time>2025-09-22T03:40:52Z</time></rtept><rtept lat="43.528958" lon="-110.915742"><ele>2561.5</ele><time>2025-09-22T03:40:52Z</time></rtept><rtept lat="43.529026" lon="-110.915814"><ele>2562.4</ele><time>2025-09-22T03:40:52Z</time></rtept><rtept lat="43.529105" lon="-110.915902"><ele>2563.6</ele><time>2025-09-22T03:40:52Z</time></rtept><rtept lat="43.529209" lon="-110.915993"><ele>2563.6</ele><time>2025-09-22T03:40:52Z</time></rtept><rtept lat="43.529421" lon="-110.916126"><ele>2560.5</ele><time>2025-09-22T03:40:52Z</time></rtept><rtept lat="43.529496" lon="-110.916178"><ele>2560.4</ele><time>2025-09-22T03:40:52Z</time></rtept><rtept lat="43.529619" lon="-110.916339"><ele>2563.8</ele><time>2025-09-22T03:40:52Z</time></rtept><rtept lat="43.529747" lon="-110.916417"><ele>2562.6</ele><time>2025-09-22T03:40:52Z</time></rtept><rtept lat="43.529838" lon="-110.916572"><ele>2562.3</ele><time>2025-09-22T03:40:52Z</time></rtept><rtept lat="43.529879" lon="-110.916579"><ele>2560.4</ele><time>2025-09-22T03:40:52Z</time></rtept><rtept lat="43.529937" lon="-110.91663"><ele>2558.6</ele><time>2025-09-22T03:40:52Z</time></rtept><rtept lat="43.529994" lon="-110.916661"><ele>-1000.0</ele><time>2025-09-22T03:40:52Z</time></rtept><rtept lat="43.529994" lon="-110.916661"><ele>2556.2</ele><time>2025-09-22T03:40:52Z</time></rtept><rtept lat="43.529996" lon="-110.916664"><ele>2556.2</ele><time>2025-09-22T03:40:52Z</time></rtept><rtept lat="43.53005" lon="-110.916694"><ele>2553.8</ele><time>2025-09-22T03:40:52Z</time></rtept><rtept lat="43.530202" lon="-110.916839"><ele>2550.3</ele><time>2025-09-22T03:40:52Z</time></rtept><rtept lat="43.530244" lon="-110.916879"><ele>2549.9</ele><time>2025-09-22T03:40:52Z</time></rtept><rtept lat="43.530283" lon="-110.916884"><ele>2548.6</ele><time>2025-09-22T03:40:52Z</time></rtept><rtept lat="43.530389" lon="-110.916932"><ele>2546.1</ele><time>2025-09-22T03:40:52Z</time></rtept><rtept lat="43.530505" lon="-110.916925"><ele>2541.2</ele><time>2025-09-22T03:40:52Z</time></rtept><rtept lat="43.530558" lon="-110.916946"><ele>2540.0</ele><time>2025-09-22T03:40:52Z</time></rtept><rtept lat="43.530615" lon="-110.916987"><ele>2540.7</ele><time>2025-09-22T03:40:52Z</time></rtept><rtept lat="43.530642" lon="-110.916961"><ele>2539.3</ele><time>2025-09-22T03:40:52Z</time></rtept><rtept lat="43.530765" lon="-110.916958"><ele>2537.4</ele><time>2025-09-22T03:40:52Z</time></rtept><rtept lat="43.530801" lon="-110.916939"><ele>2536.2</ele><time>2025-09-22T03:40:52Z</time></rtept><rtept lat="43.530859" lon="-110.916982"><ele>2537.2</ele><time>2025-09-22T03:40:52Z</time></rtept><rtept lat="43.53089" lon="-110.91692"><ele>2535.6</ele><time>2025-09-22T03:40:52Z</time></rtept><rtept lat="43.530887" lon="-110.916775"><ele>2529.4</ele><time>2025-09-22T03:40:52Z</time></rtept><rtept lat="43.530968" lon="-110.91664"><ele>2525.2</ele><time>2025-09-22T03:40:52Z</time></rtept><rtept lat="43.531121" lon="-110.916364"><ele>2520.6</ele><time>2025-09-22T03:40:52Z</time></rtept><rtept lat="43.531242" lon="-110.916172"><ele>2519.5</ele><time>2025-09-22T03:40:52Z</time></rtept><rtept lat="43.531274" lon="-110.916089"><ele>2518.4</ele><time>2025-09-22T03:40:52Z</time></rtept><rtept lat="43.53135" lon="-110.916025"><ele>2519.8</ele><time>2025-09-22T03:40:52Z</time></rtept><rtept lat="43.53139" lon="-110.915944"><ele>2519.4</ele><time>2025-09-22T03:40:52Z</time></rtept><rtept lat="43.531578" lon="-110.91568"><ele>2518.4</ele><time>2025-09-22T03:40:52Z</time></rtept><rtept lat="43.531657" lon="-110.915595"><ele>2518.7</ele><time>2025-09-22T03:40:52Z</time></rtept><rtept lat="43.531721" lon="-110.91545"><ele>2515.3</ele><time>2025-09-22T03:40:52Z</time></rtept><rtept lat="43.531777" lon="-110.915336"><ele>2512.2</ele><time>2025-09-22T03:40:52Z</time></rtept><rtept lat="43.53182" lon="-110.915312"><ele>2511.8</ele><time>2025-09-22T03:40:52Z</time></rtept><rtept lat="43.531889" lon="-110.915207"><ele>2509.5</ele><time>2025-09-22T03:40:52Z</time></rtept><rtept lat="43.531988" lon="-110.9151"><ele>2506.9</ele><time>2025-09-22T03:40:52Z</time></rtept><rtept lat="43.532119" lon="-110.914934"><ele>2501.9</ele><time>2025-09-22T03:40:52Z</time></rtept><rtept lat="43.532205" lon="-110.914896"><ele>2500.7</ele><time>2025-09-22T03:40:52Z</time></rtept><rtept lat="43.53231" lon="-110.914815"><ele>2497.8</ele><time>2025-09-22T03:40:52Z</time></rtept><rtept lat="43.53235" lon="-110.914787"><ele>2496.7</ele><time>2025-09-22T03:40:52Z</time></rtept><rtept lat="43.532363" lon="-110.914725"><ele>2494.6</ele><time>2025-09-22T03:40:52Z</time></rtept><rtept lat="43.532413" lon="-110.914725"><ele>2494.4</ele><time>2025-09-22T03:40:52Z</time></rtept><rtept lat="43.532503" lon="-110.914694"><ele>2493.0</ele><time>2025-09-22T03:40:52Z</time></rtept><rtept lat="43.532542" lon="-110.914727"><ele>2493.9</ele><time>2025-09-22T03:40:52Z</time></rtept><rtept lat="43.532659" lon="-110.914725"><ele>2493.0</ele><time>2025-09-22T03:40:52Z</time></rtept><rtept lat="43.532725" lon="-110.914704"><ele>2491.5</ele><time>2025-09-22T03:40:52Z</time></rtept><rtept lat="43.532807" lon="-110.914696"><ele>2490.4</ele><time>2025-09-22T03:40:52Z</time></rtept><rtept lat="43.532938" lon="-110.914732"><ele>2491.3</ele><time>2025-09-22T03:40:52Z</time></rtept><rtept lat="43.533183" lon="-110.914716"><ele>2485.5</ele><time>2025-09-22T03:40:52Z</time></rtept><rtept lat="43.533293" lon="-110.914696"><ele>2480.9</ele><time>2025-09-22T03:40:52Z</time></rtept><rtept lat="43.533415" lon="-110.914696"><ele>2479.6</ele><time>2025-09-22T03:40:52Z</time></rtept><rtept lat="43.533491" lon="-110.914663"><ele>2478.0</ele><time>2025-09-22T03:40:52Z</time></rtept><rtept lat="43.533619" lon="-110.914658"><ele>2478.1</ele><time>2025-09-22T03:40:52Z</time></rtept><rtept lat="43.533669" lon="-110.91462"><ele>2476.8</ele><time>2025-09-22T03:40:52Z</time></rtept><rtept lat="43.533789" lon="-110.914654"><ele>2479.7</ele><time>2025-09-22T03:40:52Z</time></rtept><rtept lat="43.533916" lon="-110.914629"><ele>2479.6</ele><time>2025-09-22T03:40:52Z</time></rtept><rtept lat="43.534049" lon="-110.914623"><ele>2479.2</ele><time>2025-09-22T03:40:52Z</time></rtept><rtept lat="43.53416" lon="-110.914585"><ele>2477.1</ele><time>2025-09-22T03:40:52Z</time></rtept><rtept lat="43.534252" lon="-110.914589"><ele>2476.8</ele><time>2025-09-22T03:40:52Z</time></rtept><rtept lat="43.534325" lon="-110.914554"><ele>2474.7</ele><time>2025-09-22T03:40:52Z</time></rtept><rtept lat="43.534418" lon="-110.914492"><ele>2471.3</ele><time>2025-09-22T03:40:52Z</time></rtept><rtept lat="43.534523" lon="-110.914435"><ele>2469.7</ele><time>2025-09-22T03:40:52Z</time></rtept><rtept lat="43.534592" lon="-110.914471"><ele>2472.3</ele><time>2025-09-22T03:40:52Z</time></rtept><rtept lat="43.534792" lon="-110.914461"><ele>2473.9</ele><time>2025-09-22T03:40:52Z</time></rtept><rtept lat="43.534897" lon="-110.914366"><ele>2471.2</ele><time>2025-09-22T03:40:52Z</time></rtept><rtept lat="43.534914" lon="-110.914341"><ele>2470.5</ele><time>2025-09-22T03:40:52Z</time></rtept><rtept lat="43.534888" lon="-110.914243"><ele>2467.2</ele><time>2025-09-22T03:40:52Z</time></rtept><rtept lat="43.534959" lon="-110.914193"><ele>2466.3</ele><time>2025-09-22T03:40:52Z</time></rtept><rtept lat="43.535155" lon="-110.914295"><ele>2470.6</ele><time>2025-09-22T03:40:52Z</time></rtept><rtept lat="43.535207" lon="-110.914404"><ele>2473.2</ele><time>2025-09-22T03:40:52Z</time></rtept><rtept lat="43.535339" lon="-110.914559"><ele>2475.0</ele><time>2025-09-22T03:40:52Z</time></rtept><rtept lat="43.535521" lon="-110.914719"><ele>2474.5</ele><time>2025-09-22T03:40:52Z</time></rtept><rtept lat="43.535853" lon="-110.914856"><ele>2466.5</ele><time>2025-09-22T03:40:52Z</time></rtept><rtept lat="43.536046" lon="-110.914967"><ele>2463.2</ele><time>2025-09-22T03:40:52Z</time></rtept><rtept lat="43.536149" lon="-110.915046"><ele>2462.5</ele><time>2025-09-22T03:40:52Z</time></rtept><rtept lat="43.536287" lon="-110.915119"><ele>2461.9</ele><time>2025-09-22T03:40:52Z</time></rtept><rtept lat="43.536564" lon="-110.915293"><ele>2459.7</ele><time>2025-09-22T03:40:52Z</time></rtept><rtept lat="43.536642" lon="-110.915371"><ele>2459.7</ele><time>2025-09-22T03:40:52Z</time></rtept><rtept lat="43.536743" lon="-110.915411"><ele>2459.5</ele><time>2025-09-22T03:40:52Z</time></rtept><rtept lat="43.536841" lon="-110.915511"><ele>2460.6</ele><time>2025-09-22T03:40:52Z</time></rtept><rtept lat="43.537012" lon="-110.915709"><ele>2466.8</ele><time>2025-09-22T03:40:52Z</time></rtept><rtept lat="43.537115" lon="-110.915872"><ele>2473.2</ele><time>2025-09-22T03:40:52Z</time></rtept><rtept lat="43.537189" lon="-110.915972"><ele>2477.1</ele><time>2025-09-22T03:40:52Z</time></rtept><rtept lat="43.537294" lon="-110.916122"><ele>2482.2</ele><time>2025-09-22T03:40:52Z</time></rtept><rtept lat="43.537403" lon="-110.9162"><ele>2484.9</ele><time>2025-09-22T03:40:52Z</time></rtept><rtept lat="43.537501" lon="-110.916286"><ele>2487.9</ele><time>2025-09-22T03:40:52Z</time></rtept><rtept lat="43.537718" lon="-110.916513"><ele>2492.5</ele><time>2025-09-22T03:40:52Z</time></rtept><rtept lat="43.537811" lon="-110.916561"><ele>2492.1</ele><time>2025-09-22T03:40:52Z</time></rtept><rtept lat="43.537916" lon="-110.916685"><ele>-1000.0</ele><time>2025-09-22T03:40:52Z</time></rtept><rtept lat="43.537916" lon="-110.916685"><ele>2492.6</ele><time>2025-09-22T03:40:52Z</time></rtept><rtept lat="43.538068" lon="-110.916858"><ele>2492.2</ele><time>2025-09-22T03:40:52Z</time></rtept><rtept lat="43.538068" lon="-110.916858"><ele>2492.2</ele><time>2025-09-22T03:40:52Z</time></rtept><rtept lat="43.538068" lon="-110.916856"><ele>2492.1</ele><time>2025-09-22T03:40:52Z</time></rtept><rtept lat="43.538242" lon="-110.916951"><ele>2489.8</ele><time>2025-09-22T03:40:52Z</time></rtept><rtept lat="43.538382" lon="-110.916986"><ele>2488.1</ele><time>2025-09-22T03:40:52Z</time></rtept><rtept lat="43.538498" lon="-110.916916"><ele>2487.7</ele><time>2025-09-22T03:40:52Z</time></rtept><rtept lat="43.538565" lon="-110.916902"><ele>2488.1</ele><time>2025-09-22T03:40:52Z</time></rtept><rtept lat="43.538624" lon="-110.916928"><ele>2489.1</ele><time>2025-09-22T03:40:52Z</time></rtept><rtept lat="43.538849" lon="-110.916985"><ele>2493.9</ele><time>2025-09-22T03:40:52Z</time></rtept><rtept lat="43.538901" lon="-110.91708"><ele>2496.2</ele><time>2025-09-22T03:40:52Z</time></rtept><rtept lat="43.538982" lon="-110.917139"><ele>2498.5</ele><time>2025-09-22T03:40:52Z</time></rtept><rtept lat="43.539027" lon="-110.917103"><ele>2498.8</ele><time>2025-09-22T03:40:52Z</time></rtept><rtept lat="43.539052" lon="-110.917002"><ele>2497.8</ele><time>2025-09-22T03:40:52Z</time></rtept><rtept lat="43.539249" lon="-110.916959"><ele>2502.1</ele><time>2025-09-22T03:40:52Z</time></rtept><rtept lat="43.539312" lon="-110.917106"><ele>2504.4</ele><time>2025-09-22T03:40:52Z</time></rtept><rtept lat="43.539487" lon="-110.917339"><ele>2506.8</ele><time>2025-09-22T03:40:52Z</time></rtept><rtept lat="43.539511" lon="-110.91769"><ele>2506.5</ele><time>2025-09-22T03:40:52Z</time></rtept><rtept lat="43.53954" lon="-110.91785"><ele>2507.4</ele><time>2025-09-22T03:40:52Z</time></rtept><rtept lat="43.539638" lon="-110.918113"><ele>2509.9</ele><time>2025-09-22T03:40:52Z</time></rtept><rtept lat="43.539724" lon="-110.918309"><ele>2511.0</ele><time>2025-09-22T03:40:52Z</time></rtept><rtept lat="43.539855" lon="-110.918605"><ele>2514.9</ele><time>2025-09-22T03:40:52Z</time></rtept><rtept lat="43.539938" lon="-110.918864"><ele>2518.5</ele><time>2025-09-22T03:40:52Z</time></rtept><rtept lat="43.540129" lon="-110.919365"><ele>2527.5</ele><time>2025-09-22T03:40:52Z</time></rtept><rtept lat="43.54014" lon="-110.91949"><ele>2528.4</ele><time>2025-09-22T03:40:52Z</time></rtept><rtept lat="43.540369" lon="-110.919985"><ele>2537.9</ele><time>2025-09-22T03:40:52Z</time></rtept><rtept lat="43.540672" lon="-110.920601"><ele>2547.4</ele><time>2025-09-22T03:40:52Z</time></rtept><rtept lat="43.540906" lon="-110.92102"><ele>2554.0</ele><time>2025-09-22T03:40:52Z</time></rtept><rtept lat="43.541311" lon="-110.9217"><ele>2556.3</ele><time>2025-09-22T03:40:52Z</time></rtept><rtept lat="43.541476" lon="-110.921945"><ele>2561.1</ele><time>2025-09-22T03:40:52Z</time></rtept><rtept lat="43.541777" lon="-110.922285"><ele>2571.4</ele><time>2025-09-22T03:40:52Z</time></rtept><rtept lat="43.541943" lon="-110.922546"><ele>2576.9</ele><time>2025-09-22T03:40:52Z</time></rtept><rtept lat="43.54235" lon="-110.923388"><ele>2590.6</ele><time>2025-09-22T03:40:52Z</time></rtept><rtept lat="43.542396" lon="-110.923483"><ele>2591.8</ele><time>2025-09-22T03:40:52Z</time></rtept><rtept lat="43.542418" lon="-110.923594"><ele>2592.4</ele><time>2025-09-22T03:40:52Z</time></rtept><rtept lat="43.542606" lon="-110.923925"><ele>2597.9</ele><time>2025-09-22T03:40:52Z</time></rtept><rtept lat="43.5427" lon="-110.924146"><ele>2601.5</ele><time>2025-09-22T03:40:52Z</time></rtept><rtept lat="43.542831" lon="-110.924495"><ele>2606.6</ele><time>2025-09-22T03:40:52Z</time></rtept><rtept lat="43.543051" lon="-110.92509"><ele>2611.6</ele><time>2025-09-22T03:40:52Z</time></rtept><rtept lat="43.543129" lon="-110.925255"><ele>2613.5</ele><time>2025-09-22T03:40:52Z</time></rtept><rtept lat="43.543153" lon="-110.925543"><ele>2614.2</ele><time>2025-09-22T03:40:52Z</time></rtept><rtept lat="43.543171" lon="-110.925694"><ele>2615.2</ele><time>2025-09-22T03:40:52Z</time></rtept><rtept lat="43.543198" lon="-110.926054"><ele>2617.0</ele><time>2025-09-22T03:40:52Z</time></rtept><rtept lat="43.543219" lon="-110.926623"><ele>2619.5</ele><time>2025-09-22T03:40:52Z</time></rtept><rtept lat="43.54322" lon="-110.927148"><ele>2617.6</ele><time>2025-09-22T03:40:52Z</time></rtept><rtept lat="43.543259" lon="-110.927672"><ele>2621.7</ele><time>2025-09-22T03:40:52Z</time></rtept><rtept lat="43.54327" lon="-110.927973"><ele>2623.7</ele><time>2025-09-22T03:40:52Z</time></rtept><rtept lat="43.543329" lon="-110.928379"><ele>2624.7</ele><time>2025-09-22T03:40:52Z</time></rtept><rtept lat="43.543429" lon="-110.92889"><ele>2627.1</ele><time>2025-09-22T03:40:52Z</time></rtept><rtept lat="43.54349" lon="-110.929092"><ele>2629.1</ele><time>2025-09-22T03:40:52Z</time></rtept><rtept lat="43.543663" lon="-110.929641"><ele>2632.2</ele><time>2025-09-22T03:40:52Z</time></rtept><rtept lat="43.5438" lon="-110.930014"><ele>2635.1</ele><time>2025-09-22T03:40:52Z</time></rtept><rtept lat="43.544135" lon="-110.930798"><ele>2647.0</ele><time>2025-09-22T03:40:52Z</time></rtept><rtept lat="43.544219" lon="-110.930948"><ele>2649.3</ele><time>2025-09-22T03:40:52Z</time></rtept><rtept lat="43.544407" lon="-110.931306"><ele>2654.2</ele><time>2025-09-22T03:40:52Z</time></rtept><rtept lat="43.544455" lon="-110.93132"><ele>2655.2</ele><time>2025-09-22T03:40:52Z</time></rtept><rtept lat="43.544543" lon="-110.931389"><ele>2656.4</ele><time>2025-09-22T03:40:52Z</time></rtept><rtept lat="43.544702" lon="-110.931463"><ele>2658.5</ele><time>2025-09-22T03:40:52Z</time></rtept><rtept lat="43.544827" lon="-110.931556"><ele>2660.3</ele><time>2025-09-22T03:40:52Z</time></rtept><rtept lat="43.544915" lon="-110.931653"><ele>2661.5</ele><time>2025-09-22T03:40:52Z</time></rtept><rtept lat="43.544999" lon="-110.931765"><ele>2663.7</ele><time>2025-09-22T03:40:52Z</time></rtept><rtept lat="43.545154" lon="-110.931865"><ele>2666.4</ele><time>2025-09-22T03:40:52Z</time></rtept><rtept lat="43.545215" lon="-110.931917"><ele>2667.3</ele><time>2025-09-22T03:40:52Z</time></rtept><rtept lat="43.545327" lon="-110.932051"><ele>2668.9</ele><time>2025-09-22T03:40:52Z</time></rtept><rtept lat="43.545377" lon="-110.932102"><ele>2669.6</ele><time>2025-09-22T03:40:52Z</time></rtept><rtept lat="43.545688" lon="-110.932066"><ele>2674.5</ele><time>2025-09-22T03:40:52Z</time></rtept><rtept lat="43.545831" lon="-110.931983"><ele>2677.2</ele><time>2025-09-22T03:40:52Z</time></rtept><rtept lat="43.545915" lon="-110.931884"><ele>2679.4</ele><time>2025-09-22T03:40:52Z</time></rtept><rtept lat="43.545998" lon="-110.93181"><ele>2681.9</ele><time>2025-09-22T03:40:52Z</time></rtept><rtept lat="43.546343" lon="-110.931465"><ele>2690.1</ele><time>2025-09-22T03:40:52Z</time></rtept><rtept lat="43.546534" lon="-110.931273"><ele>2693.2</ele><time>2025-09-22T03:40:52Z</time></rtept><rtept lat="43.546629" lon="-110.931206"><ele>2694.7</ele><time>2025-09-22T03:40:52Z</time></rtept><rtept lat="43.546778" lon="-110.931204"><ele>2697.3</ele><time>2025-09-22T03:40:52Z</time></rtept><rtept lat="43.546868" lon="-110.931116"><ele>-1000.0</ele><time>2025-09-22T03:40:52Z</time></rtept><rtept lat="43.546868" lon="-110.931116"><ele>2698.6</ele><time>2025-09-22T03:40:52Z</time></rtept><rtept lat="43.546959" lon="-110.931129"><ele>2700.5</ele><time>2025-09-22T03:40:52Z</time></rtept><rtept lat="43.54696" lon="-110.931128"><ele>2700.5</ele><time>2025-09-22T03:40:52Z</time></rtept><rtept lat="43.546985" lon="-110.931132"><ele>2701.2</ele><time>2025-09-22T03:40:52Z</time></rtept><rtept lat="43.547022" lon="-110.931103"><ele>2702.2</ele><time>2025-09-22T03:40:52Z</time></rtept><rtept lat="43.547076" lon="-110.931145"><ele>2703.9</ele><time>2025-09-22T03:40:52Z</time></rtept><rtept lat="43.547179" lon="-110.931268"><ele>2707.3</ele><time>2025-09-22T03:40:52Z</time></rtept><rtept lat="43.547275" lon="-110.931393"><ele>2709.8</ele><time>2025-09-22T03:40:52Z</time></rtept><rtept lat="43.54738" lon="-110.931486"><ele>2711.3</ele><time>2025-09-22T03:40:52Z</time></rtept><rtept lat="43.547504" lon="-110.931578"><ele>2713.0</ele><time>2025-09-22T03:40:52Z</time></rtept><rtept lat="43.54773" lon="-110.931712"><ele>2714.7</ele><time>2025-09-22T03:40:52Z</time></rtept><rtept lat="43.547961" lon="-110.931892"><ele>2716.3</ele><time>2025-09-22T03:40:52Z</time></rtept><rtept lat="43.548093" lon="-110.931983"><ele>2716.9</ele><time>2025-09-22T03:40:52Z</time></rtept><rtept lat="43.548207" lon="-110.931956"><ele>2717.0</ele><time>2025-09-22T03:40:52Z</time></rtept><rtept lat="43.548352" lon="-110.931802"><ele>2717.1</ele><time>2025-09-22T03:40:52Z</time></rtept><rtept lat="43.548435" lon="-110.93169"><ele>2718.0</ele><time>2025-09-22T03:40:52Z</time></rtept><rtept lat="43.548583" lon="-110.931556"><ele>2721.6</ele><time>2025-09-22T03:40:52Z</time></rtept><rtept lat="43.548779" lon="-110.931356"><ele>2727.3</ele><time>2025-09-22T03:40:52Z</time></rtept><rtept lat="43.548889" lon="-110.931233"><ele>2730.2</ele><time>2025-09-22T03:40:52Z</time></rtept><rtept lat="43.549059" lon="-110.931025"><ele>2731.0</ele><time>2025-09-22T03:40:52Z</time></rtept><rtept lat="43.549191" lon="-110.930864"><ele>2731.2</ele><time>2025-09-22T03:40:52Z</time></rtept><rtept lat="43.549339" lon="-110.930589"><ele>2730.2</ele><time>2025-09-22T03:40:52Z</time></rtept><rtept lat="43.549424" lon="-110.930472"><ele>2730.5</ele><time>2025-09-22T03:40:52Z</time></rtept><rtept lat="43.549507" lon="-110.930319"><ele>2731.5</ele><time>2025-09-22T03:40:52Z</time></rtept><rtept lat="43.549531" lon="-110.93022"><ele>2732.3</ele><time>2025-09-22T03:40:52Z</time></rtept><rtept lat="43.549685" lon="-110.929651"><ele>2737.2</ele><time>2025-09-22T03:40:52Z</time></rtept><rtept lat="43.549734" lon="-110.929508"><ele>2739.1</ele><time>2025-09-22T03:40:52Z</time></rtept><rtept lat="43.54984" lon="-110.929162"><ele>2742.7</ele><time>2025-09-22T03:40:52Z</time></rtept><rtept lat="43.549881" lon="-110.929013"><ele>2742.6</ele><time>2025-09-22T03:40:52Z</time></rtept><rtept lat="43.55" lon="-110.928708"><ele>2742.0</ele><time>2025-09-22T03:40:52Z</time></rtept><rtept lat="43.550055" lon="-110.928558"><ele>2741.7</ele><time>2025-09-22T03:40:52Z</time></rtept><rtept lat="43.550187" lon="-110.928213"><ele>2743.1</ele><time>2025-09-22T03:40:52Z</time></rtept><rtept lat="43.550238" lon="-110.928093"><ele>2743.7</ele><time>2025-09-22T03:40:52Z</time></rtept><rtept lat="43.550403" lon="-110.927782"><ele>2746.4</ele><time>2025-09-22T03:40:52Z</time></rtept><rtept lat="43.550482" lon="-110.927677"><ele>2747.9</ele><time>2025-09-22T03:40:52Z</time></rtept><rtept lat="43.550522" lon="-110.927606"><ele>2748.8</ele><time>2025-09-22T03:40:52Z</time></rtept><rtept lat="43.550639" lon="-110.927439"><ele>2751.4</ele><time>2025-09-22T03:40:52Z</time></rtept><rtept lat="43.550726" lon="-110.927322"><ele>2753.4</ele><time>2025-09-22T03:40:52Z</time></rtept><rtept lat="43.550864" lon="-110.927126"><ele>2756.3</ele><time>2025-09-22T03:40:52Z</time></rtept><rtept lat="43.550947" lon="-110.927082"><ele>2757.5</ele><time>2025-09-22T03:40:52Z</time></rtept><rtept lat="43.551068" lon="-110.927006"><ele>2759.2</ele><time>2025-09-22T03:40:52Z</time></rtept><rtept lat="43.551289" lon="-110.926938"><ele>2762.0</ele><time>2025-09-22T03:40:52Z</time></rtept><rtept lat="43.551425" lon="-110.926903"><ele>2763.8</ele><time>2025-09-22T03:40:52Z</time></rtept><rtept lat="43.551639" lon="-110.926885"><ele>2766.3</ele><time>2025-09-22T03:40:52Z</time></rtept><rtept lat="43.551803" lon="-110.926871"><ele>2768.4</ele><time>2025-09-22T03:40:52Z</time></rtept><rtept lat="43.551902" lon="-110.92685"><ele>2769.8</ele><time>2025-09-22T03:40:52Z</time></rtept><rtept lat="43.552047" lon="-110.926874"><ele>2771.8</ele><time>2025-09-22T03:40:52Z</time></rtept><rtept lat="43.552198" lon="-110.926877"><ele>2774.3</ele><time>2025-09-22T03:40:52Z</time></rtept><rtept lat="43.552461" lon="-110.926924"><ele>2778.6</ele><time>2025-09-22T03:40:52Z</time></rtept><rtept lat="43.552582" lon="-110.926929"><ele>2781.3</ele><time>2025-09-22T03:40:52Z</time></rtept><rtept lat="43.552837" lon="-110.926997"><ele>2787.3</ele><time>2025-09-22T03:40:52Z</time></rtept><rtept lat="43.552968" lon="-110.927029"><ele>2791.4</ele><time>2025-09-22T03:40:52Z</time></rtept><rtept lat="43.553348" lon="-110.927105"><ele>2802.0</ele><time>2025-09-22T03:40:52Z</time></rtept><rtept lat="43.553601" lon="-110.927173"><ele>2806.5</ele><time>2025-09-22T03:40:52Z</time></rtept><rtept lat="43.55372" lon="-110.927205"><ele>2809.4</ele><time>2025-09-22T03:40:52Z</time></rtept><rtept lat="43.553971" lon="-110.927234"><ele>2816.2</ele><time>2025-09-22T03:40:52Z</time></rtept><rtept lat="43.554115" lon="-110.927281"><ele>2819.8</ele><time>2025-09-22T03:40:52Z</time></rtept><rtept lat="43.554151" lon="-110.927304"><ele>2820.6</ele><time>2025-09-22T03:40:52Z</time></rtept><rtept lat="43.554262" lon="-110.92736"><ele>2823.3</ele><time>2025-09-22T03:40:52Z</time></rtept><rtept lat="43.554344" lon="-110.927375"><ele>2825.5</ele><time>2025-09-22T03:40:52Z</time></rtept><rtept lat="43.55448" lon="-110.927433"><ele>2828.7</ele><time>2025-09-22T03:40:52Z</time></rtept><rtept lat="43.554535" lon="-110.927445"><ele>2830.0</ele><time>2025-09-22T03:40:52Z</time></rtept><rtept lat="43.554701" lon="-110.927577"><ele>2832.6</ele><time>2025-09-22T03:40:52Z</time></rtept><rtept lat="43.554826" lon="-110.927627"><ele>2835.4</ele><time>2025-09-22T03:40:52Z</time></rtept><rtept lat="43.555155" lon="-110.927879"><ele>2844.6</ele><time>2025-09-22T03:40:52Z</time></rtept><rtept lat="43.555487" lon="-110.928128"><ele>2849.7</ele><time>2025-09-22T03:40:52Z</time></rtept><rtept lat="43.555818" lon="-110.928403"><ele>2855.8</ele><time>2025-09-22T03:40:52Z</time></rtept><rtept lat="43.556075" lon="-110.928588"><ele>2867.2</ele><time>2025-09-22T03:40:52Z</time></rtept><rtept lat="43.556173" lon="-110.928638"><ele>2870.2</ele><time>2025-09-22T03:40:52Z</time></rtept><rtept lat="43.55641" lon="-110.928816"><ele>2873.9</ele><time>2025-09-22T03:40:52Z</time></rtept><rtept lat="43.556495" lon="-110.928889"><ele>2875.8</ele><time>2025-09-22T03:40:52Z</time></rtept><rtept lat="43.556767" lon="-110.929015"><ele>2884.6</ele><time>2025-09-22T03:40:52Z</time></rtept><rtept lat="43.55686" lon="-110.929068"><ele>2888.6</ele><time>2025-09-22T03:40:52Z</time></rtept><rtept lat="43.556965" lon="-110.928997"><ele>2896.1</ele><time>2025-09-22T03:40:52Z</time></rtept><rtept lat="43.556922" lon="-110.928683"><ele>2901.2</ele><time>2025-09-22T03:40:52Z</time></rtept><rtept lat="43.556874" lon="-110.928499"><ele>2902.0</ele><time>2025-09-22T03:40:52Z</time></rtept><rtept lat="43.556925" lon="-110.928514"><ele>2904.4</ele><time>2025-09-22T03:40:52Z</time></rtept><rtept lat="43.557198" lon="-110.928898"><ele>2907.8</ele><time>2025-09-22T03:40:52Z</time></rtept><rtept lat="43.557485" lon="-110.92909"><ele>2909.6</ele><time>2025-09-22T03:40:52Z</time></rtept><rtept lat="43.557563" lon="-110.929019"><ele>2912.0</ele><time>2025-09-22T03:40:52Z</time></rtept><rtept lat="43.557769" lon="-110.928855"><ele>2918.1</ele><time>2025-09-22T03:40:52Z</time></rtept><rtept lat="43.55788" lon="-110.92865"><ele>2924.9</ele><time>2025-09-22T03:40:52Z</time></rtept><rtept lat="43.558081" lon="-110.928553"><ele>2925.8</ele><time>2025-09-22T03:40:52Z</time></rtept><rtept lat="43.558168" lon="-110.928435"><ele>2926.4</ele><time>2025-09-22T03:40:52Z</time></rtept><rtept lat="43.558285" lon="-110.928298"><ele>2926.4</ele><time>2025-09-22T03:40:52Z</time></rtept><rtept lat="43.558385" lon="-110.92821"><ele>2925.3</ele><time>2025-09-22T03:40:52Z</time></rtept><rtept lat="43.558478" lon="-110.928137"><ele>2924.3</ele><time>2025-09-22T03:40:52Z</time></rtept><rtept lat="43.55862" lon="-110.927987"><ele>2924.2</ele><time>2025-09-22T03:40:52Z</time></rtept><rtept lat="43.558699" lon="-110.927946"><ele>2922.8</ele><time>2025-09-22T03:40:52Z</time></rtept><rtept lat="43.558833" lon="-110.92787"><ele>2921.7</ele><time>2025-09-22T03:40:52Z</time></rtept><rtept lat="43.559047" lon="-110.927753"><ele>2920.3</ele><time>2025-09-22T03:40:52Z</time></rtept><rtept lat="43.559162" lon="-110.927659"><ele>2920.4</ele><time>2025-09-22T03:40:52Z</time></rtept><rtept lat="43.559446" lon="-110.927609"><ele>2921.3</ele><time>2025-09-22T03:40:52Z</time></rtept><rtept lat="43.559546" lon="-110.927583"><ele>2921.8</ele><time>2025-09-22T03:40:52Z</time></rtept><rtept lat="43.559797" lon="-110.927603"><ele>2920.6</ele><time>2025-09-22T03:40:52Z</time></rtept><rtept lat="43.559939" lon="-110.927609"><ele>2919.5</ele><time>2025-09-22T03:40:52Z</time></rtept><rtept lat="43.55999" lon="-110.927621"><ele>2918.7</ele><time>2025-09-22T03:40:52Z</time></rtept><rtept lat="43.560325" lon="-110.92763"><ele>2916.1</ele><time>2025-09-22T03:40:52Z</time></rtept><rtept lat="43.560438" lon="-110.927609"><ele>2915.0</ele><time>2025-09-22T03:40:52Z</time></rtept><rtept lat="43.56058" lon="-110.92758"><ele>2913.2</ele><time>2025-09-22T03:40:52Z</time></rtept><rtept lat="43.560693" lon="-110.927542"><ele>2911.8</ele><time>2025-09-22T03:40:52Z</time></rtept><rtept lat="43.560937" lon="-110.927386"><ele>2910.4</ele><time>2025-09-22T03:40:52Z</time></rtept><rtept lat="43.561047" lon="-110.927287"><ele>2910.6</ele><time>2025-09-22T03:40:52Z</time></rtept><rtept lat="43.561291" lon="-110.927161"><ele>2907.0</ele><time>2025-09-22T03:40:52Z</time></rtept><rtept lat="43.561406" lon="-110.927102"><ele>2905.1</ele><time>2025-09-22T03:40:52Z</time></rtept><rtept lat="43.561627" lon="-110.926959"><ele>2904.5</ele><time>2025-09-22T03:40:52Z</time></rtept><rtept lat="43.561752" lon="-110.926903"><ele>2904.6</ele><time>2025-09-22T03:40:52Z</time></rtept><rtept lat="43.561979" lon="-110.92673"><ele>2907.0</ele><time>2025-09-22T03:40:52Z</time></rtept><rtept lat="43.562102" lon="-110.926675"><ele>2906.5</ele><time>2025-09-22T03:40:52Z</time></rtept><rtept lat="43.562334" lon="-110.92651"><ele>2904.5</ele><time>2025-09-22T03:40:52Z</time></rtept><rtept lat="43.562457" lon="-110.926434"><ele>2902.7</ele><time>2025-09-22T03:40:52Z</time></rtept><rtept lat="43.562633" lon="-110.926308"><ele>2900.3</ele><time>2025-09-22T03:40:52Z</time></rtept><rtept lat="43.562807" lon="-110.926177"><ele>2896.6</ele><time>2025-09-22T03:40:52Z</time></rtept><rtept lat="43.562863" lon="-110.92613"><ele>2894.5</ele><time>2025-09-22T03:40:52Z</time></rtept><rtept lat="43.562981" lon="-110.925977"><ele>2890.1</ele><time>2025-09-22T03:40:52Z</time></rtept><rtept lat="43.563077" lon="-110.925845"><ele>2886.2</ele><time>2025-09-22T03:40:52Z</time></rtept><rtept lat="43.563211" lon="-110.925362"><ele>2874.5</ele><time>2025-09-22T03:40:52Z</time></rtept><rtept lat="43.563329" lon="-110.924838"><ele>2861.1</ele><time>2025-09-22T03:40:52Z</time></rtept><rtept lat="43.563383" lon="-110.924515"><ele>2854.5</ele><time>2025-09-22T03:40:52Z</time></rtept><rtept lat="43.563455" lon="-110.924354"><ele>2850.4</ele><time>2025-09-22T03:40:52Z</time></rtept><rtept lat="43.563484" lon="-110.924234"><ele>2848.6</ele><time>2025-09-22T03:40:52Z</time></rtept><rtept lat="43.563484" lon="-110.924234"><ele>-1000.0</ele><time>2025-09-22T03:40:52Z</time></rtept><rtept lat="43.563484" lon="-110.924234"><ele>2848.6</ele><time>2025-09-22T03:40:52Z</time></rtept><rtept lat="43.56348" lon="-110.92424"><ele>2848.8</ele><time>2025-09-22T03:40:52Z</time></rtept><rtept lat="43.563657" lon="-110.924217"><ele>2843.3</ele><time>2025-09-22T03:40:52Z</time></rtept><rtept lat="43.56378" lon="-110.924237"><ele>2840.4</ele><time>2025-09-22T03:40:52Z</time></rtept><rtept lat="43.563996" lon="-110.924272"><ele>2831.4</ele><time>2025-09-22T03:40:52Z</time></rtept><rtept lat="43.564052" lon="-110.924313"><ele>2827.4</ele><time>2025-09-22T03:40:52Z</time></rtept><rtept lat="43.564147" lon="-110.924366"><ele>2819.9</ele><time>2025-09-22T03:40:52Z</time></rtept><rtept lat="43.564364" lon="-110.924469"><ele>2809.1</ele><time>2025-09-22T03:40:52Z</time></rtept><rtept lat="43.56451" lon="-110.924562"><ele>2803.4</ele><time>2025-09-22T03:40:52Z</time></rtept><rtept lat="43.564735" lon="-110.924706"><ele>2796.3</ele><time>2025-09-22T03:40:52Z</time></rtept><rtept lat="43.564871" lon="-110.924772"><ele>2793.6</ele><time>2025-09-22T03:40:52Z</time></rtept><rtept lat="43.565012" lon="-110.924841"><ele>2790.5</ele><time>2025-09-22T03:40:52Z</time></rtept><rtept lat="43.565106" lon="-110.924869"><ele>2788.8</ele><time>2025-09-22T03:40:52Z</time></rtept><rtept lat="43.565321" lon="-110.924955"><ele>2784.3</ele><time>2025-09-22T03:40:52Z</time></rtept><rtept lat="43.565418" lon="-110.924989"><ele>2781.7</ele><time>2025-09-22T03:40:52Z</time></rtept><rtept lat="43.565495" lon="-110.925016"><ele>2779.7</ele><time>2025-09-22T03:40:52Z</time></rtept><rtept lat="43.565648" lon="-110.925087"><ele>2775.7</ele><time>2025-09-22T03:40:52Z</time></rtept><rtept lat="43.565722" lon="-110.925121"><ele>2774.1</ele><time>2025-09-22T03:40:52Z</time></rtept><rtept lat="43.565856" lon="-110.925165"><ele>2771.7</ele><time>2025-09-22T03:40:52Z</time></rtept><rtept lat="43.566" lon="-110.925203"><ele>2769.1</ele><time>2025-09-22T03:40:52Z</time></rtept><rtept lat="43.5662" lon="-110.925286"><ele>2764.8</ele><time>2025-09-22T03:40:52Z</time></rtept><rtept lat="43.566355" lon="-110.925349"><ele>2761.3</ele><time>2025-09-22T03:40:52Z</time></rtept><rtept lat="43.566596" lon="-110.925442"><ele>2754.2</ele><time>2025-09-22T03:40:52Z</time></rtept><rtept lat="43.56679" lon="-110.925508"><ele>2751.1</ele><time>2025-09-22T03:40:52Z</time></rtept><rtept lat="43.566969" lon="-110.925599"><ele>2748.4</ele><time>2025-09-22T03:40:52Z</time></rtept><rtept lat="43.567094" lon="-110.925663"><ele>2745.4</ele><time>2025-09-22T03:40:52Z</time></rtept><rtept lat="43.567189" lon="-110.925721"><ele>2742.9</ele><time>2025-09-22T03:40:52Z</time></rtept><rtept lat="43.567329" lon="-110.925776"><ele>2737.4</ele><time>2025-09-22T03:40:52Z</time></rtept><rtept lat="43.567498" lon="-110.925852"><ele>2729.3</ele><time>2025-09-22T03:40:52Z</time></rtept><rtept lat="43.56768" lon="-110.925942"><ele>2721.4</ele><time>2025-09-22T03:40:52Z</time></rtept><rtept lat="43.567801" lon="-110.926028"><ele>2716.8</ele><time>2025-09-22T03:40:52Z</time></rtept><rtept lat="43.56814" lon="-110.926247"><ele>2707.2</ele><time>2025-09-22T03:40:52Z</time></rtept><rtept lat="43.568383" lon="-110.926416"><ele>2700.9</ele><time>2025-09-22T03:40:52Z</time></rtept><rtept lat="43.56851" lon="-110.926497"><ele>2698.6</ele><time>2025-09-22T03:40:52Z</time></rtept><rtept lat="43.568714" lon="-110.926633"><ele>2696.8</ele><time>2025-09-22T03:40:52Z</time></rtept><rtept lat="43.568851" lon="-110.926716"><ele>2696.6</ele><time>2025-09-22T03:40:52Z</time></rtept><rtept lat="43.568997" lon="-110.926823"><ele>2696.4</ele><time>2025-09-22T03:40:52Z</time></rtept><rtept lat="43.569183" lon="-110.926938"><ele>2694.8</ele><time>2025-09-22T03:40:52Z</time></rtept><rtept lat="43.569388" lon="-110.927072"><ele>2690.0</ele><time>2025-09-22T03:40:52Z</time></rtept><rtept lat="43.569433" lon="-110.927092"><ele>2689.0</ele><time>2025-09-22T03:40:52Z</time></rtept><rtept lat="43.569786" lon="-110.927254"><ele>2685.7</ele><time>2025-09-22T03:40:52Z</time></rtept><rtept lat="43.570128" lon="-110.9274"><ele>2686.9</ele><time>2025-09-22T03:40:52Z</time></rtept><rtept lat="43.570628" lon="-110.927612"><ele>2682.2</ele><time>2025-09-22T03:40:52Z</time></rtept><rtept lat="43.570799" lon="-110.927687"><ele>2677.0</ele><time>2025-09-22T03:40:52Z</time></rtept><rtept lat="43.57102" lon="-110.927737"><ele>2674.1</ele><time>2025-09-22T03:40:52Z</time></rtept><rtept lat="43.571275" lon="-110.927784"><ele>2671.1</ele><time>2025-09-22T03:40:52Z</time></rtept><rtept lat="43.571399" lon="-110.927837"><ele>2668.8</ele><time>2025-09-22T03:40:52Z</time></rtept><rtept lat="43.571768" lon="-110.927865"><ele>2663.8</ele><time>2025-09-22T03:40:52Z</time></rtept><rtept lat="43.571989" lon="-110.927901"><ele>2661.3</ele><time>2025-09-22T03:40:52Z</time></rtept><rtept lat="43.572047" lon="-110.927916"><ele>2661.0</ele><time>2025-09-22T03:40:52Z</time></rtept><rtept lat="43.572279" lon="-110.927932"><ele>2660.1</ele><time>2025-09-22T03:40:52Z</time></rtept><rtept lat="43.572412" lon="-110.927917"><ele>2658.9</ele><time>2025-09-22T03:40:52Z</time></rtept><rtept lat="43.57279" lon="-110.927914"><ele>2654.9</ele><time>2025-09-22T03:40:52Z</time></rtept><rtept lat="43.572909" lon="-110.927914"><ele>2653.8</ele><time>2025-09-22T03:40:52Z</time></rtept><rtept lat="43.572963" lon="-110.92789"><ele>2653.6</ele><time>2025-09-22T03:40:52Z</time></rtept><rtept lat="43.573085" lon="-110.927957"><ele>2651.7</ele><time>2025-09-22T03:40:52Z</time></rtept><rtept lat="43.573121" lon="-110.928024"><ele>2650.6</ele><time>2025-09-22T03:40:52Z</time></rtept><rtept lat="43.57337" lon="-110.928366"><ele>2643.9</ele><time>2025-09-22T03:40:52Z</time></rtept><rtept lat="43.573437" lon="-110.928372"><ele>2642.6</ele><time>2025-09-22T03:40:52Z</time></rtept><rtept lat="43.573545" lon="-110.928312"><ele>2641.5</ele><time>2025-09-22T03:40:52Z</time></rtept><rtept lat="43.573673" lon="-110.928207"><ele>2640.9</ele><time>2025-09-22T03:40:52Z</time></rtept><rtept lat="43.573772" lon="-110.928109"><ele>2640.9</ele><time>2025-09-22T03:40:52Z</time></rtept><rtept lat="43.573864" lon="-110.927995"><ele>2641.2</ele><time>2025-09-22T03:40:52Z</time></rtept><rtept lat="43.573971" lon="-110.927886"><ele>2640.7</ele><time>2025-09-22T03:40:52Z</time></rtept><rtept lat="43.574192" lon="-110.927675"><ele>2640.4</ele><time>2025-09-22T03:40:52Z</time></rtept><rtept lat="43.574329" lon="-110.927515"><ele>2641.9</ele><time>2025-09-22T03:40:52Z</time></rtept><rtept lat="43.57449" lon="-110.92739"><ele>2642.2</ele><time>2025-09-22T03:40:52Z</time></rtept><rtept lat="43.574705" lon="-110.92719"><ele>2641.1</ele><time>2025-09-22T03:40:52Z</time></rtept><rtept lat="43.574856" lon="-110.927046"><ele>2640.6</ele><time>2025-09-22T03:40:52Z</time></rtept><rtept lat="43.5751" lon="-110.926791"><ele>2642.7</ele><time>2025-09-22T03:40:52Z</time></rtept><rtept lat="43.575273" lon="-110.926658"><ele>2643.3</ele><time>2025-09-22T03:40:52Z</time></rtept><rtept lat="43.575449" lon="-110.926512"><ele>2644.7</ele><time>2025-09-22T03:40:52Z</time></rtept><rtept lat="43.575654" lon="-110.92633"><ele>2646.1</ele><time>2025-09-22T03:40:52Z</time></rtept><rtept lat="43.57575" lon="-110.926225"><ele>2647.7</ele><time>2025-09-22T03:40:52Z</time></rtept><rtept lat="43.575948" lon="-110.926106"><ele>2648.9</ele><time>2025-09-22T03:40:52Z</time></rtept><rtept lat="43.576225" lon="-110.925913"><ele>2649.1</ele><time>2025-09-22T03:40:52Z</time></rtept><rtept lat="43.576748" lon="-110.925448"><ele>2645.2</ele><time>2025-09-22T03:40:52Z</time></rtept><rtept lat="43.576791" lon="-110.925416"><ele>2644.8</ele><time>2025-09-22T03:40:52Z</time></rtept><rtept lat="43.576838" lon="-110.925357"><ele>2644.5</ele><time>2025-09-22T03:40:52Z</time></rtept><rtept lat="43.576969" lon="-110.925304"><ele>2642.6</ele><time>2025-09-22T03:40:52Z</time></rtept><rtept lat="43.577013" lon="-110.925295"><ele>2642.4</ele><time>2025-09-22T03:40:52Z</time></rtept><rtept lat="43.577083" lon="-110.925298"><ele>2641.9</ele><time>2025-09-22T03:40:52Z</time></rtept><rtept lat="43.57716" lon="-110.925346"><ele>2641.1</ele><time>2025-09-22T03:40:52Z</time></rtept><rtept lat="43.57738" lon="-110.925458"><ele>2639.8</ele><time>2025-09-22T03:40:52Z</time></rtept><rtept lat="43.577582" lon="-110.925609"><ele>2638.2</ele><time>2025-09-22T03:40:52Z</time></rtept><rtept lat="43.577855" lon="-110.925453"><ele>2638.8</ele><time>2025-09-22T03:40:52Z</time></rtept><rtept lat="43.57802" lon="-110.925267"><ele>2639.9</ele><time>2025-09-22T03:40:52Z</time></rtept><rtept lat="43.578365" lon="-110.925165"><ele>2643.5</ele><time>2025-09-22T03:40:52Z</time></rtept><rtept lat="43.578533" lon="-110.924846"><ele>2647.6</ele><time>2025-09-22T03:40:52Z</time></rtept><rtept lat="43.578647" lon="-110.924794"><ele>2649.6</ele><time>2025-09-22T03:40:52Z</time></rtept><rtept lat="43.578749" lon="-110.924719"><ele>2652.6</ele><time>2025-09-22T03:40:52Z</time></rtept><rtept lat="43.578868" lon="-110.924578"><ele>2657.8</ele><time>2025-09-22T03:40:52Z</time></rtept><rtept lat="43.578963" lon="-110.924494"><ele>2659.9</ele><time>2025-09-22T03:40:52Z</time></rtept><rtept lat="43.579063" lon="-110.924414"><ele>2661.6</ele><time>2025-09-22T03:40:52Z</time></rtept><rtept lat="43.579158" lon="-110.924342"><ele>2663.2</ele><time>2025-09-22T03:40:52Z</time></rtept><rtept lat="43.579315" lon="-110.924264"><ele>2660.8</ele><time>2025-09-22T03:40:52Z</time></rtept><rtept lat="43.57949" lon="-110.92418"><ele>2657.8</ele><time>2025-09-22T03:40:52Z</time></rtept><rtept lat="43.579586" lon="-110.92413"><ele>2657.4</ele><time>2025-09-22T03:40:52Z</time></rtept><rtept lat="43.579667" lon="-110.924097"><ele>2657.3</ele><time>2025-09-22T03:40:52Z</time></rtept><rtept lat="43.579773" lon="-110.924008"><ele>2660.8</ele><time>2025-09-22T03:40:52Z</time></rtept><rtept lat="43.580152" lon="-110.923835"><ele>2669.0</ele><time>2025-09-22T03:40:52Z</time></rtept><rtept lat="43.580513" lon="-110.923683"><ele>2670.1</ele><time>2025-09-22T03:40:52Z</time></rtept><rtept lat="43.580762" lon="-110.923614"><ele>2670.4</ele><time>2025-09-22T03:40:52Z</time></rtept><rtept lat="43.58088" lon="-110.923592"><ele>2671.7</ele><time>2025-09-22T03:40:52Z</time></rtept><rtept lat="43.580918" lon="-110.923586"><ele>2672.7</ele><time>2025-09-22T03:40:52Z</time></rtept><rtept lat="43.581272" lon="-110.923515"><ele>2679.4</ele><time>2025-09-22T03:40:52Z</time></rtept><rtept lat="43.581518" lon="-110.923458"><ele>2681.2</ele><time>2025-09-22T03:40:52Z</time></rtept><rtept lat="43.581642" lon="-110.923433"><ele>2681.3</ele><time>2025-09-22T03:40:52Z</time></rtept><rtept lat="43.581767" lon="-110.923445"><ele>2679.7</ele><time>2025-09-22T03:40:52Z</time></rtept><rtept lat="43.582067" lon="-110.923465"><ele>2677.5</ele><time>2025-09-22T03:40:52Z</time></rtept><rtept lat="43.582651" lon="-110.92351"><ele>2678.3</ele><time>2025-09-22T03:40:52Z</time></rtept><rtept lat="43.582999" lon="-110.923515"><ele>2681.0</ele><time>2025-09-22T03:40:52Z</time></rtept><rtept lat="43.583079" lon="-110.923539"><ele>2680.4</ele><time>2025-09-22T03:40:52Z</time></rtept><rtept lat="43.583202" lon="-110.923539"><ele>2679.5</ele><time>2025-09-22T03:40:52Z</time></rtept><rtept lat="43.583466" lon="-110.92356"><ele>2677.4</ele><time>2025-09-22T03:40:52Z</time></rtept><rtept lat="43.583739" lon="-110.923604"><ele>2673.9</ele><time>2025-09-22T03:40:52Z</time></rtept><rtept lat="43.583844" lon="-110.92361"><ele>2672.5</ele><time>2025-09-22T03:40:52Z</time></rtept><rtept lat="43.583963" lon="-110.923617"><ele>2671.7</ele><time>2025-09-22T03:40:52Z</time></rtept><rtept lat="43.584356" lon="-110.923636"><ele>2674.2</ele><time>2025-09-22T03:40:52Z</time></rtept><rtept lat="43.584609" lon="-110.923628"><ele>2676.9</ele><time>2025-09-22T03:40:52Z</time></rtept><rtept lat="43.584873" lon="-110.92363"><ele>2675.7</ele><time>2025-09-22T03:40:52Z</time></rtept><rtept lat="43.585226" lon="-110.923621"><ele>2669.0</ele><time>2025-09-22T03:40:52Z</time></rtept><rtept lat="43.585328" lon="-110.923617"><ele>2667.5</ele><time>2025-09-22T03:40:52Z</time></rtept><rtept lat="43.585375" lon="-110.92361"><ele>-1000.0</ele><time>2025-09-22T03:40:52Z</time></rtept><rtept lat="43.585375" lon="-110.92361"><ele>2667.3</ele><time>2025-09-22T03:40:52Z</time></rtept><rtept lat="43.585376" lon="-110.923608"><ele>2667.4</ele><time>2025-09-22T03:40:52Z</time></rtept><rtept lat="43.585501" lon="-110.923591"><ele>2667.0</ele><time>2025-09-22T03:40:52Z</time></rtept><rtept lat="43.585582" lon="-110.92359"><ele>2666.0</ele><time>2025-09-22T03:40:52Z</time></rtept><rtept lat="43.585657" lon="-110.923586"><ele>2664.2</ele><time>2025-09-22T03:40:52Z</time></rtept><rtept lat="43.585959" lon="-110.923515"><ele>2659.3</ele><time>2025-09-22T03:40:52Z</time></rtept><rtept lat="43.586136" lon="-110.923475"><ele>2656.5</ele><time>2025-09-22T03:40:52Z</time></rtept><rtept lat="43.586508" lon="-110.92343"><ele>2655.2</ele><time>2025-09-22T03:40:52Z</time></rtept><rtept lat="43.586869" lon="-110.923451"><ele>2661.6</ele><time>2025-09-22T03:40:52Z</time></rtept><rtept lat="43.587165" lon="-110.923453"><ele>2663.7</ele><time>2025-09-22T03:40:52Z</time></rtept><rtept lat="43.587523" lon="-110.923476"><ele>2663.9</ele><time>2025-09-22T03:40:52Z</time></rtept><rtept lat="43.587664" lon="-110.923473"><ele>2664.3</ele><time>2025-09-22T03:40:52Z</time></rtept><rtept lat="43.587863" lon="-110.923517"><ele>2662.6</ele><time>2025-09-22T03:40:52Z</time></rtept><rtept lat="43.588038" lon="-110.923447"><ele>2664.9</ele><time>2025-09-22T03:40:52Z</time></rtept><rtept lat="43.588291" lon="-110.923469"><ele>2662.4</ele><time>2025-09-22T03:40:52Z</time></rtept><rtept lat="43.588536" lon="-110.923512"><ele>2656.8</ele><time>2025-09-22T03:40:52Z</time></rtept><rtept lat="43.588749" lon="-110.92355"><ele>2653.8</ele><time>2025-09-22T03:40:52Z</time></rtept><rtept lat="43.588949" lon="-110.923548"><ele>2654.4</ele><time>2025-09-22T03:40:52Z</time></rtept><rtept lat="43.589182" lon="-110.923527"><ele>2659.1</ele><time>2025-09-22T03:40:52Z</time></rtept><rtept lat="43.589382" lon="-110.923727"><ele>2656.7</ele><time>2025-09-22T03:40:52Z</time></rtept><rtept lat="43.58966" lon="-110.923606"><ele>2661.9</ele><time>2025-09-22T03:40:52Z</time></rtept><rtept lat="43.589951" lon="-110.923554"><ele>2666.2</ele><time>2025-09-22T03:40:52Z</time></rtept><rtept lat="43.590114" lon="-110.923449"><ele>2673.2</ele><time>2025-09-22T03:40:52Z</time></rtept><rtept lat="43.590247" lon="-110.923379"><ele>2679.3</ele><time>2025-09-22T03:40:52Z</time></rtept><rtept lat="43.590471" lon="-110.92331"><ele>2685.6</ele><time>2025-09-22T03:40:52Z</time></rtept><rtept lat="43.590614" lon="-110.923348"><ele>2686.5</ele><time>2025-09-22T03:40:52Z</time></rtept><rtept lat="43.590807" lon="-110.923342"><ele>2690.3</ele><time>2025-09-22T03:40:52Z</time></rtept><rtept lat="43.590926" lon="-110.923511"><ele>2689.1</ele><time>2025-09-22T03:40:52Z</time></rtept><rtept lat="43.591183" lon="-110.923578"><ele>2695.0</ele><time>2025-09-22T03:40:52Z</time></rtept><rtept lat="43.591358" lon="-110.92367"><ele>2696.1</ele><time>2025-09-22T03:40:52Z</time></rtept><rtept lat="43.591497" lon="-110.923783"><ele>2696.2</ele><time>2025-09-22T03:40:52Z</time></rtept><rtept lat="43.591667" lon="-110.923863"><ele>2698.9</ele><time>2025-09-22T03:40:52Z</time></rtept><rtept lat="43.59209" lon="-110.924157"><ele>2709.2</ele><time>2025-09-22T03:40:52Z</time></rtept><rtept lat="43.591809" lon="-110.923572"><ele>2715.8</ele><time>2025-09-22T03:40:52Z</time></rtept><rtept lat="43.591702" lon="-110.923199"><ele>2722.0</ele><time>2025-09-22T03:40:52Z</time></rtept><rtept lat="43.591981" lon="-110.923459"><ele>2727.5</ele><time>2025-09-22T03:40:52Z</time></rtept><rtept lat="43.592277" lon="-110.923763"><ele>2731.0</ele><time>2025-09-22T03:40:52Z</time></rtept><rtept lat="43.592517" lon="-110.924063"><ele>2734.0</ele><time>2025-09-22T03:40:52Z</time></rtept><rtept lat="43.592436" lon="-110.923653"><ele>2741.3</ele><time>2025-09-22T03:40:52Z</time></rtept><rtept lat="43.592244" lon="-110.923191"><ele>2746.4</ele><time>2025-09-22T03:40:52Z</time></rtept><rtept lat="43.592099" lon="-110.922798"><ele>2752.8</ele><time>2025-09-22T03:40:52Z</time></rtept><rtept lat="43.592091" lon="-110.922518"><ele>2761.6</ele><time>2025-09-22T03:40:52Z</time></rtept><rtept lat="43.591986" lon="-110.922422"><ele>2762.1</ele><time>2025-09-22T03:40:52Z</time></rtept><rtept lat="43.59177" lon="-110.922267"><ele>2761.2</ele><time>2025-09-22T03:40:52Z</time></rtept><rtept lat="43.591941" lon="-110.922261"><ele>2765.8</ele><time>2025-09-22T03:40:52Z</time></rtept><rtept lat="43.59217" lon="-110.922212"><ele>2771.3</ele><time>2025-09-22T03:40:52Z</time></rtept><rtept lat="43.592295" lon="-110.922164"><ele>2774.0</ele><time>2025-09-22T03:40:52Z</time></rtept><rtept lat="43.59238" lon="-110.922103"><ele>2776.2</ele><time>2025-09-22T03:40:52Z</time></rtept><rtept lat="43.592456" lon="-110.922049"><ele>2778.0</ele><time>2025-09-22T03:40:52Z</time></rtept><rtept lat="43.592677" lon="-110.921878"><ele>2781.2</ele><time>2025-09-22T03:40:52Z</time></rtept><rtept lat="43.592804" lon="-110.921646"><ele>2780.8</ele><time>2025-09-22T03:40:52Z</time></rtept><rtept lat="43.592897" lon="-110.921367"><ele>2778.5</ele><time>2025-09-22T03:40:52Z</time></rtept><rtept lat="43.59291" lon="-110.921328"><ele>2778.4</ele><time>2025-09-22T03:40:52Z</time></rtept><rtept lat="43.593025" lon="-110.921092"><ele>2777.2</ele><time>2025-09-22T03:40:52Z</time></rtept><rtept lat="43.593388" lon="-110.920523"><ele>-1000.0</ele><time>2025-09-22T03:40:52Z</time></rtept><rtept lat="43.593388" lon="-110.920523"><ele>2769.9</ele><time>2025-09-22T03:40:52Z</time></rtept><rtept lat="43.593388" lon="-110.92052"><ele>2769.8</ele><time>2025-09-22T03:40:52Z</time></rtept><rtept lat="43.593435" lon="-110.920446"><ele>2768.0</ele><time>2025-09-22T03:40:52Z</time></rtept><rtept lat="43.593549" lon="-110.920204"><ele>2762.1</ele><time>2025-09-22T03:40:52Z</time></rtept><rtept lat="43.593633" lon="-110.920064"><ele>2760.1</ele><time>2025-09-22T03:40:52Z</time></rtept><rtept lat="43.593752" lon="-110.919901"><ele>2762.0</ele><time>2025-09-22T03:40:52Z</time></rtept><rtept lat="43.593919" lon="-110.919775"><ele>2764.0</ele><time>2025-09-22T03:40:52Z</time></rtept><rtept lat="43.594056" lon="-110.919697"><ele>2762.5</ele><time>2025-09-22T03:40:52Z</time></rtept><rtept lat="43.594168" lon="-110.919698"><ele>2761.7</ele><time>2025-09-22T03:40:52Z</time></rtept><rtept lat="43.594403" lon="-110.919701"><ele>2756.0</ele><time>2025-09-22T03:40:52Z</time></rtept><rtept lat="43.594492" lon="-110.919708"><ele>2754.7</ele><time>2025-09-22T03:40:52Z</time></rtept><rtept lat="43.594722" lon="-110.919647"><ele>2753.5</ele><time>2025-09-22T03:40:52Z</time></rtept><rtept lat="43.595334" lon="-110.919321"><ele>2765.8</ele><time>2025-09-22T03:40:52Z</time></rtept><rtept lat="43.595675" lon="-110.91916"><ele>2768.0</ele><time>2025-09-22T03:40:52Z</time></rtept><rtept lat="43.59595" lon="-110.919158"><ele>2768.8</ele><time>2025-09-22T03:40:52Z</time></rtept><rtept lat="43.596093" lon="-110.919175"><ele>2769.9</ele><time>2025-09-22T03:40:52Z</time></rtept><rtept lat="43.596221" lon="-110.919173"><ele>2771.2</ele><time>2025-09-22T03:40:52Z</time></rtept><rtept lat="43.596478" lon="-110.919204"><ele>2772.4</ele><time>2025-09-22T03:40:52Z</time></rtept><rtept lat="43.596703" lon="-110.919174"><ele>2769.8</ele><time>2025-09-22T03:40:52Z</time></rtept><rtept lat="43.597103" lon="-110.919134"><ele>2767.5</ele><time>2025-09-22T03:40:52Z</time></rtept><rtept lat="43.597482" lon="-110.919078"><ele>2767.7</ele><time>2025-09-22T03:40:52Z</time></rtept><rtept lat="43.597755" lon="-110.919055"><ele>2767.6</ele><time>2025-09-22T03:40:52Z</time></rtept><rtept lat="43.597875" lon="-110.919018"><ele>2767.3</ele><time>2025-09-22T03:40:52Z</time></rtept><rtept lat="43.598121" lon="-110.919047"><ele>2766.4</ele><time>2025-09-22T03:40:52Z</time></rtept><rtept lat="43.598294" lon="-110.919089"><ele>2764.9</ele><time>2025-09-22T03:40:52Z</time></rtept><rtept lat="43.598442" lon="-110.919163"><ele>2762.2</ele><time>2025-09-22T03:40:52Z</time></rtept><rtept lat="43.598607" lon="-110.919257"><ele>2759.4</ele><time>2025-09-22T03:40:52Z</time></rtept><rtept lat="43.598761" lon="-110.919339"><ele>2756.0</ele><time>2025-09-22T03:40:52Z</time></rtept><rtept lat="43.598991" lon="-110.919502"><ele>2750.8</ele><time>2025-09-22T03:40:52Z</time></rtept><rtept lat="43.599204" lon="-110.919655"><ele>2746.3</ele><time>2025-09-22T03:40:52Z</time></rtept><rtept lat="43.599408" lon="-110.919834"><ele>2742.8</ele><time>2025-09-22T03:40:52Z</time></rtept><rtept lat="43.599516" lon="-110.919953"><ele>2742.3</ele><time>2025-09-22T03:40:52Z</time></rtept><rtept lat="43.599609" lon="-110.920034"><ele>2742.3</ele><time>2025-09-22T03:40:52Z</time></rtept><rtept lat="43.599801" lon="-110.920273"><ele>2741.4</ele><time>2025-09-22T03:40:52Z</time></rtept><rtept lat="43.599918" lon="-110.920379"><ele>2742.8</ele><time>2025-09-22T03:40:52Z</time></rtept><rtept lat="43.60012" lon="-110.920604"><ele>2743.5</ele><time>2025-09-22T03:40:52Z</time></rtept><rtept lat="43.600205" lon="-110.920692"><ele>2742.9</ele><time>2025-09-22T03:40:52Z</time></rtept><rtept lat="43.600424" lon="-110.920886"><ele>2741.5</ele><time>2025-09-22T03:40:52Z</time></rtept><rtept lat="43.600593" lon="-110.921008"><ele>2740.8</ele><time>2025-09-22T03:40:52Z</time></rtept><rtept lat="43.60076" lon="-110.921163"><ele>2742.6</ele><time>2025-09-22T03:40:52Z</time></rtept><rtept lat="43.600808" lon="-110.921204"><ele>-1000.0</ele><time>2025-09-22T03:40:52Z</time></rtept><rtept lat="43.600808" lon="-110.921204"><ele>2743.0</ele><time>2025-09-22T03:40:52Z</time></rtept><rtept lat="43.600808" lon="-110.921208"><ele>2743.0</ele><time>2025-09-22T03:40:52Z</time></rtept><rtept lat="43.600884" lon="-110.921274"><ele>2743.8</ele><time>2025-09-22T03:40:52Z</time></rtept><rtept lat="43.601103" lon="-110.921385"><ele>2745.0</ele><time>2025-09-22T03:40:52Z</time></rtept><rtept lat="43.601299" lon="-110.921379"><ele>2744.3</ele><time>2025-09-22T03:40:52Z</time></rtept><rtept lat="43.601525" lon="-110.921485"><ele>2745.4</ele><time>2025-09-22T03:40:52Z</time></rtept><rtept lat="43.601983" lon="-110.921826"><ele>2753.3</ele><time>2025-09-22T03:40:52Z</time></rtept><rtept lat="43.602352" lon="-110.922113"><ele>2756.6</ele><time>2025-09-22T03:40:52Z</time></rtept><rtept lat="43.60248" lon="-110.921977"><ele>2755.2</ele><time>2025-09-22T03:40:52Z</time></rtept><rtept lat="43.602627" lon="-110.921953"><ele>2750.0</ele><time>2025-09-22T03:40:52Z</time></rtept><rtept lat="43.60274" lon="-110.922029"><ele>2745.2</ele><time>2025-09-22T03:40:52Z</time></rtept><rtept lat="43.602814" lon="-110.92199"><ele>2742.3</ele><time>2025-09-22T03:40:52Z</time></rtept><rtept lat="43.602877" lon="-110.921914"><ele>2739.8</ele><time>2025-09-22T03:40:52Z</time></rtept><rtept lat="43.602979" lon="-110.92201"><ele>2735.1</ele><time>2025-09-22T03:40:52Z</time></rtept><rtept lat="43.603154" lon="-110.922274"><ele>2731.0</ele><time>2025-09-22T03:40:52Z</time></rtept><rtept lat="43.603579" lon="-110.922388"><ele>2732.8</ele><time>2025-09-22T03:40:52Z</time></rtept><rtept lat="43.604002" lon="-110.922592"><ele>2734.2</ele><time>2025-09-22T03:40:52Z</time></rtept><rtept lat="43.604284" lon="-110.922777"><ele>2734.1</ele><time>2025-09-22T03:40:52Z</time></rtept><rtept lat="43.604447" lon="-110.9229"><ele>2735.2</ele><time>2025-09-22T03:40:52Z</time></rtept><rtept lat="43.604746" lon="-110.922966"><ele>2734.8</ele><time>2025-09-22T03:40:52Z</time></rtept><rtept lat="43.605178" lon="-110.923139"><ele>2727.8</ele><time>2025-09-22T03:40:52Z</time></rtept><rtept lat="43.605684" lon="-110.923403"><ele>2718.8</ele><time>2025-09-22T03:40:52Z</time></rtept><rtept lat="43.606258" lon="-110.923577"><ele>2714.8</ele><time>2025-09-22T03:40:52Z</time></rtept><rtept lat="43.606355" lon="-110.92361"><ele>2714.9</ele><time>2025-09-22T03:40:52Z</time></rtept><rtept lat="43.606438" lon="-110.92364"><ele>2715.5</ele><time>2025-09-22T03:40:52Z</time></rtept><rtept lat="43.606611" lon="-110.923601"><ele>2717.4</ele><time>2025-09-22T03:40:52Z</time></rtept><rtept lat="43.606812" lon="-110.923458"><ele>2719.0</ele><time>2025-09-22T03:40:52Z</time></rtept><rtept lat="43.607084" lon="-110.923431"><ele>-1000.0</ele><time>2025-09-22T03:40:52Z</time></rtept><rtept lat="43.607084" lon="-110.923431"><ele>2722.2</ele><time>2025-09-22T03:40:52Z</time></rtept><rtept lat="43.607348" lon="-110.923375"><ele>2727.0</ele><time>2025-09-22T03:40:52Z</time></rtept><rtept lat="43.607348" lon="-110.923376"><ele>2727.0</ele><time>2025-09-22T03:40:52Z</time></rtept><rtept lat="43.607944" lon="-110.92325"><ele>2735.6</ele><time>2025-09-22T03:40:52Z</time></rtept><rtept lat="43.608169" lon="-110.923411"><ele>2737.4</ele><time>2025-09-22T03:40:52Z</time></rtept><rtept lat="43.608484" lon="-110.923725"><ele>2740.2</ele><time>2025-09-22T03:40:52Z</time></rtept><rtept lat="43.608681" lon="-110.923798"><ele>2744.7</ele><time>2025-09-22T03:40:52Z</time></rtept><rtept lat="43.608738" lon="-110.92364"><ele>2747.9</ele><time>2025-09-22T03:40:52Z</time></rtept><rtept lat="43.608739" lon="-110.923341"><ele>2749.6</ele><time>2025-09-22T03:40:52Z</time></rtept><rtept lat="43.608755" lon="-110.922999"><ele>2750.5</ele><time>2025-09-22T03:40:52Z</time></rtept><rtept lat="43.608998" lon="-110.92312"><ele>2755.9</ele><time>2025-09-22T03:40:52Z</time></rtept><rtept lat="43.609005" lon="-110.922977"><ele>2756.6</ele><time>2025-09-22T03:40:52Z</time></rtept><rtept lat="43.609081" lon="-110.922964"><ele>2758.7</ele><time>2025-09-22T03:40:52Z</time></rtept><rtept lat="43.609248" lon="-110.923118"><ele>2762.4</ele><time>2025-09-22T03:40:52Z</time></rtept><rtept lat="43.609358" lon="-110.923343"><ele>2764.1</ele><time>2025-09-22T03:40:52Z</time></rtept><rtept lat="43.6098" lon="-110.923669"><ele>2772.7</ele><time>2025-09-22T03:40:52Z</time></rtept><rtept lat="43.609985" lon="-110.923853"><ele>2775.9</ele><time>2025-09-22T03:40:52Z</time></rtept><rtept lat="43.610097" lon="-110.923953"><ele>2778.3</ele><time>2025-09-22T03:40:52Z</time></rtept><rtept lat="43.610236" lon="-110.924124"><ele>2780.4</ele><time>2025-09-22T03:40:52Z</time></rtept><rtept lat="43.610359" lon="-110.924298"><ele>2783.1</ele><time>2025-09-22T03:40:52Z</time></rtept><rtept lat="43.610732" lon="-110.924798"><ele>2797.4</ele><time>2025-09-22T03:40:52Z</time></rtept><rtept lat="43.610908" lon="-110.924892"><ele>2802.9</ele><time>2025-09-22T03:40:52Z</time></rtept><rtept lat="43.61102" lon="-110.925398"><ele>2807.4</ele><time>2025-09-22T03:40:52Z</time></rtept><rtept lat="43.611102" lon="-110.925579"><ele>2811.8</ele><time>2025-09-22T03:40:52Z</time></rtept><rtept lat="43.611234" lon="-110.926044"><ele>2819.5</ele><time>2025-09-22T03:40:52Z</time></rtept><rtept lat="43.611259" lon="-110.926288"><ele>2820.8</ele><time>2025-09-22T03:40:52Z</time></rtept><rtept lat="43.611523" lon="-110.926673"><ele>2827.3</ele><time>2025-09-22T03:40:52Z</time></rtept><rtept lat="43.611664" lon="-110.926884"><ele>2829.4</ele><time>2025-09-22T03:40:52Z</time></rtept><rtept lat="43.61173" lon="-110.926963"><ele>2829.9</ele><time>2025-09-22T03:40:52Z</time></rtept><rtept lat="43.611977" lon="-110.927161"><ele>2832.0</ele><time>2025-09-22T03:40:52Z</time></rtept><rtept lat="43.612234" lon="-110.927183"><ele>-1000.0</ele><time>2025-09-22T03:40:52Z</time></rtept><rtept lat="43.612234" lon="-110.927183"><ele>2834.7</ele><time>2025-09-22T03:40:52Z</time></rtept><rtept lat="43.612236" lon="-110.927184"><ele>2834.7</ele><time>2025-09-22T03:40:52Z</time></rtept><rtept lat="43.612271" lon="-110.927187"><ele>2835.0</ele><time>2025-09-22T03:40:52Z</time></rtept><rtept lat="43.61258" lon="-110.927378"><ele>2837.7</ele><time>2025-09-22T03:40:52Z</time></rtept><rtept lat="43.612976" lon="-110.927499"><ele>2839.3</ele><time>2025-09-22T03:40:52Z</time></rtept><rtept lat="43.613121" lon="-110.927604"><ele>2838.4</ele><time>2025-09-22T03:40:52Z</time></rtept><rtept lat="43.613502" lon="-110.927882"><ele>2836.6</ele><time>2025-09-22T03:40:52Z</time></rtept><rtept lat="43.613768" lon="-110.927982"><ele>2837.5</ele><time>2025-09-22T03:40:52Z</time></rtept><rtept lat="43.614001" lon="-110.928028"><ele>2838.3</ele><time>2025-09-22T03:40:52Z</time></rtept><rtept lat="43.614131" lon="-110.9281"><ele>2839.1</ele><time>2025-09-22T03:40:52Z</time></rtept><rtept lat="43.614241" lon="-110.928134"><ele>2837.3</ele><time>2025-09-22T03:40:52Z</time></rtept><rtept lat="43.61431" lon="-110.928322"><ele>2835.9</ele><time>2025-09-22T03:40:52Z</time></rtept><rtept lat="43.614541" lon="-110.928356"><ele>2827.6</ele><time>2025-09-22T03:40:52Z</time></rtept><rtept lat="43.614658" lon="-110.928265"><ele>2821.8</ele><time>2025-09-22T03:40:52Z</time></rtept><rtept lat="43.614746" lon="-110.928106"><ele>2817.7</ele><time>2025-09-22T03:40:52Z</time></rtept><rtept lat="43.61485" lon="-110.927999"><ele>2815.4</ele><time>2025-09-22T03:40:52Z</time></rtept><rtept lat="43.614922" lon="-110.927971"><ele>2814.0</ele><time>2025-09-22T03:40:52Z</time></rtept><rtept lat="43.614993" lon="-110.927993"><ele>2812.4</ele><time>2025-09-22T03:40:52Z</time></rtept><rtept lat="43.615072" lon="-110.928146"><ele>2809.8</ele><time>2025-09-22T03:40:52Z</time></rtept><rtept lat="43.615163" lon="-110.928172"><ele>2806.6</ele><time>2025-09-22T03:40:52Z</time></rtept><rtept lat="43.615278" lon="-110.928259"><ele>2802.3</ele><time>2025-09-22T03:40:52Z</time></rtept><rtept lat="43.615262" lon="-110.928483"><ele>2802.2</ele><time>2025-09-22T03:40:52Z</time></rtept><rtept lat="43.615326" lon="-110.928796"><ele>2801.2</ele><time>2025-09-22T03:40:52Z</time></rtept><rtept lat="43.61543" lon="-110.928951"><ele>2797.6</ele><time>2025-09-22T03:40:52Z</time></rtept><rtept lat="43.615504" lon="-110.928958"><ele>2793.3</ele><time>2025-09-22T03:40:52Z</time></rtept><rtept lat="43.615641" lon="-110.928723"><ele>2787.1</ele><time>2025-09-22T03:40:52Z</time></rtept><rtept lat="43.615785" lon="-110.9285"><ele>2783.6</ele><time>2025-09-22T03:40:52Z</time></rtept><rtept lat="43.615954" lon="-110.92851"><ele>2779.2</ele><time>2025-09-22T03:40:52Z</time></rtept><rtept lat="43.616186" lon="-110.928408"><ele>2775.7</ele><time>2025-09-22T03:40:52Z</time></rtept><rtept lat="43.616333" lon="-110.928376"><ele>2772.5</ele><time>2025-09-22T03:40:52Z</time></rtept><rtept lat="43.616746" lon="-110.928336"><ele>2767.2</ele><time>2025-09-22T03:40:52Z</time></rtept><rtept lat="43.616819" lon="-110.928464"><ele>2761.4</ele><time>2025-09-22T03:40:52Z</time></rtept><rtept lat="43.616934" lon="-110.928452"><ele>2756.7</ele><time>2025-09-22T03:40:52Z</time></rtept><rtept lat="43.617028" lon="-110.928588"><ele>2750.4</ele><time>2025-09-22T03:40:52Z</time></rtept><rtept lat="43.61719" lon="-110.928534"><ele>2743.1</ele><time>2025-09-22T03:40:52Z</time></rtept><rtept lat="43.617279" lon="-110.928722"><ele>-1000.0</ele><time>2025-09-22T03:40:52Z</time></rtept><rtept lat="43.617279" lon="-110.928722"><ele>2739.5</ele><time>2025-09-22T03:40:52Z</time></rtept><rtept lat="43.617408" lon="-110.928805"><ele>2737.1</ele><time>2025-09-22T03:40:52Z</time></rtept><rtept lat="43.617408" lon="-110.9288"><ele>2737.2</ele><time>2025-09-22T03:40:52Z</time></rtept><rtept lat="43.617414" lon="-110.928804"><ele>2737.1</ele><time>2025-09-22T03:40:52Z</time></rtept><rtept lat="43.617652" lon="-110.928977"><ele>2731.5</ele><time>2025-09-22T03:40:52Z</time></rtept><rtept lat="43.617886" lon="-110.929137"><ele>2729.1</ele><time>2025-09-22T03:40:52Z</time></rtept><rtept lat="43.617997" lon="-110.92924"><ele>2728.7</ele><time>2025-09-22T03:40:52Z</time></rtept><rtept lat="43.618109" lon="-110.929427"><ele>2727.7</ele><time>2025-09-22T03:40:52Z</time></rtept><rtept lat="43.618246" lon="-110.929705"><ele>2725.7</ele><time>2025-09-22T03:40:52Z</time></rtept><rtept lat="43.618276" lon="-110.930227"><ele>2722.0</ele><time>2025-09-22T03:40:52Z</time></rtept><rtept lat="43.618204" lon="-110.930524"><ele>2719.3</ele><time>2025-09-22T03:40:52Z</time></rtept><rtept lat="43.618205" lon="-110.930682"><ele>2719.0</ele><time>2025-09-22T03:40:52Z</time></rtept><rtept lat="43.618265" lon="-110.930749"><ele>2719.0</ele><time>2025-09-22T03:40:52Z</time></rtept><rtept lat="43.618361" lon="-110.930856"><ele>2719.9</ele><time>2025-09-22T03:40:52Z</time></rtept><rtept lat="43.618531" lon="-110.93104"><ele>2725.7</ele><time>2025-09-22T03:40:52Z</time></rtept><rtept lat="43.618613" lon="-110.931082"><ele>2727.7</ele><time>2025-09-22T03:40:52Z</time></rtept><rtept lat="43.618785" lon="-110.931067"><ele>2732.3</ele><time>2025-09-22T03:40:52Z</time></rtept><rtept lat="43.618964" lon="-110.930924"><ele>2733.3</ele><time>2025-09-22T03:40:52Z</time></rtept><rtept lat="43.619068" lon="-110.930923"><ele>2734.3</ele><time>2025-09-22T03:40:52Z</time></rtept><rtept lat="43.619092" lon="-110.931114"><ele>2739.0</ele><time>2025-09-22T03:40:52Z</time></rtept><rtept lat="43.619053" lon="-110.931335"><ele>2743.7</ele><time>2025-09-22T03:40:52Z</time></rtept><rtept lat="43.619099" lon="-110.931596"><ele>2751.0</ele><time>2025-09-22T03:40:52Z</time></rtept><rtept lat="43.619069" lon="-110.931797"><ele>2755.8</ele><time>2025-09-22T03:40:52Z</time></rtept><rtept lat="43.619039" lon="-110.931997"><ele>2760.5</ele><time>2025-09-22T03:40:52Z</time></rtept><rtept lat="43.619066" lon="-110.93211"><ele>2763.6</ele><time>2025-09-22T03:40:52Z</time></rtept><rtept lat="43.619275" lon="-110.932299"><ele>2768.3</ele><time>2025-09-22T03:40:52Z</time></rtept><rtept lat="43.619352" lon="-110.93251"><ele>2771.1</ele><time>2025-09-22T03:40:52Z</time></rtept><rtept lat="43.61942" lon="-110.932727"><ele>2773.4</ele><time>2025-09-22T03:40:52Z</time></rtept><rtept lat="43.619572" lon="-110.933061"><ele>2779.9</ele><time>2025-09-22T03:40:52Z</time></rtept><rtept lat="43.619784" lon="-110.933605"><ele>2786.5</ele><time>2025-09-22T03:40:52Z</time></rtept><rtept lat="43.619891" lon="-110.933614"><ele>2789.3</ele><time>2025-09-22T03:40:52Z</time></rtept><rtept lat="43.619953" lon="-110.933539"><ele>2790.5</ele><time>2025-09-22T03:40:52Z</time></rtept><rtept lat="43.620013" lon="-110.93338"><ele>2791.5</ele><time>2025-09-22T03:40:52Z</time></rtept><rtept lat="43.62019" lon="-110.932833"><ele>2793.4</ele><time>2025-09-22T03:40:52Z</time></rtept><rtept lat="43.620375" lon="-110.932332"><ele>2796.4</ele><time>2025-09-22T03:40:52Z</time></rtept><rtept lat="43.62098" lon="-110.931202"><ele>2811.8</ele><time>2025-09-22T03:40:52Z</time></rtept><rtept lat="43.621088" lon="-110.931141"><ele>2815.4</ele><time>2025-09-22T03:40:52Z</time></rtept><rtept lat="43.621255" lon="-110.931213"><ele>2817.8</ele><time>2025-09-22T03:40:52Z</time></rtept><rtept lat="43.621351" lon="-110.931372"><ele>2818.9</ele><time>2025-09-22T03:40:52Z</time></rtept><rtept lat="43.621425" lon="-110.931485"><ele>2820.0</ele><time>2025-09-22T03:40:52Z</time></rtept><rtept lat="43.621539" lon="-110.931455"><ele>2821.8</ele><time>2025-09-22T03:40:52Z</time></rtept><rtept lat="43.62162" lon="-110.931172"><ele>2820.9</ele><time>2025-09-22T03:40:52Z</time></rtept><rtept lat="43.621815" lon="-110.930901"><ele>2824.6</ele><time>2025-09-22T03:40:52Z</time></rtept><rtept lat="43.621969" lon="-110.930637"><ele>2828.4</ele><time>2025-09-22T03:40:52Z</time></rtept><rtept lat="43.622132" lon="-110.930542"><ele>2830.6</ele><time>2025-09-22T03:40:52Z</time></rtept><rtept lat="43.622226" lon="-110.930402"><ele>2830.9</ele><time>2025-09-22T03:40:52Z</time></rtept><rtept lat="43.622315" lon="-110.930289"><ele>2829.7</ele><time>2025-09-22T03:40:52Z</time></rtept><rtept lat="43.622316" lon="-110.930021"><ele>2828.1</ele><time>2025-09-22T03:40:52Z</time></rtept><rtept lat="43.62232" lon="-110.929585"><ele>2826.4</ele><time>2025-09-22T03:40:52Z</time></rtept><rtept lat="43.622329" lon="-110.9291"><ele>2828.8</ele><time>2025-09-22T03:40:52Z</time></rtept><rtept lat="43.622407" lon="-110.928998"><ele>2828.0</ele><time>2025-09-22T03:40:52Z</time></rtept><rtept lat="43.622643" lon="-110.929087"><ele>2825.3</ele><time>2025-09-22T03:40:52Z</time></rtept><rtept lat="43.622769" lon="-110.929016"><ele>2825.7</ele><time>2025-09-22T03:40:52Z</time></rtept><rtept lat="43.622977" lon="-110.928872"><ele>2826.5</ele><time>2025-09-22T03:40:52Z</time></rtept><rtept lat="43.622977" lon="-110.928872"><ele>2826.5</ele><time>2025-09-22T03:40:52Z</time></rtept><rtept lat="43.622977" lon="-110.928872"><ele>2826.5</ele><time>2025-09-22T03:40:52Z</time></rtept><rtept lat="43.623079" lon="-110.928801"><ele>2826.8</ele><time>2025-09-22T03:40:52Z</time></rtept><rtept lat="43.623256" lon="-110.928438"><ele>2827.0</ele><time>2025-09-22T03:40:52Z</time></rtept><rtept lat="43.6234" lon="-110.928028"><ele>2819.9</ele><time>2025-09-22T03:40:52Z</time></rtept><rtept lat="43.62359" lon="-110.927986"><ele>2818.6</ele><time>2025-09-22T03:40:52Z</time></rtept><rtept lat="43.623841" lon="-110.927807"><ele>2820.4</ele><time>2025-09-22T03:40:52Z</time></rtept><rtept lat="43.62391" lon="-110.927574"><ele>-1000.0</ele><time>2025-09-22T03:40:52Z</time></rtept><rtept lat="43.62391" lon="-110.927574"><ele>2819.0</ele><time>2025-09-22T03:40:52Z</time></rtept><rtept lat="43.623936" lon="-110.927547"><ele>2819.0</ele><time>2025-09-22T03:40:52Z</time></rtept><rtept lat="43.623936" lon="-110.927552"><ele>2819.0</ele><time>2025-09-22T03:40:52Z</time></rtept><rtept lat="43.624073" lon="-110.927408"><ele>2819.7</ele><time>2025-09-22T03:40:52Z</time></rtept><rtept lat="43.624181" lon="-110.927307"><ele>2820.4</ele><time>2025-09-22T03:40:52Z</time></rtept><rtept lat="43.624168" lon="-110.92715"><ele>2820.0</ele><time>2025-09-22T03:40:52Z</time></rtept><rtept lat="43.624135" lon="-110.92688"><ele>2819.9</ele><time>2025-09-22T03:40:52Z</time></rtept><rtept lat="43.624138" lon="-110.926667"><ele>2820.7</ele><time>2025-09-22T03:40:52Z</time></rtept><rtept lat="43.624201" lon="-110.926525"><ele>2822.3</ele><time>2025-09-22T03:40:52Z</time></rtept><rtept lat="43.624422" lon="-110.926445"><ele>2828.0</ele><time>2025-09-22T03:40:52Z</time></rtept><rtept lat="43.624512" lon="-110.926445"><ele>2830.7</ele><time>2025-09-22T03:40:52Z</time></rtept><rtept lat="43.62465" lon="-110.926422"><ele>2835.3</ele><time>2025-09-22T03:40:52Z</time></rtept><rtept lat="43.624809" lon="-110.926555"><ele>2838.5</ele><time>2025-09-22T03:40:52Z</time></rtept><rtept lat="43.625169" lon="-110.926552"><ele>2846.7</ele><time>2025-09-22T03:40:52Z</time></rtept><rtept lat="43.625533" lon="-110.926807"><ele>2854.3</ele><time>2025-09-22T03:40:52Z</time></rtept><rtept lat="43.625822" lon="-110.926745"><ele>2859.8</ele><time>2025-09-22T03:40:52Z</time></rtept><rtept lat="43.62634" lon="-110.926973"><ele>2867.3</ele><time>2025-09-22T03:40:52Z</time></rtept><rtept lat="43.626499" lon="-110.926985"><ele>2869.4</ele><time>2025-09-22T03:40:52Z</time></rtept><rtept lat="43.626912" lon="-110.926893"><ele>2874.9</ele><time>2025-09-22T03:40:52Z</time></rtept><rtept lat="43.627055" lon="-110.926839"><ele>2877.7</ele><time>2025-09-22T03:40:52Z</time></rtept><rtept lat="43.627247" lon="-110.926887"><ele>2883.6</ele><time>2025-09-22T03:40:52Z</time></rtept><rtept lat="43.627419" lon="-110.927053"><ele>2890.6</ele><time>2025-09-22T03:40:52Z</time></rtept><rtept lat="43.627574" lon="-110.927053"><ele>2894.8</ele><time>2025-09-22T03:40:52Z</time></rtept><rtept lat="43.627967" lon="-110.926962"><ele>2905.5</ele><time>2025-09-22T03:40:52Z</time></rtept><rtept lat="43.628165" lon="-110.926929"><ele>2910.4</ele><time>2025-09-22T03:40:52Z</time></rtept><rtept lat="43.628351" lon="-110.926957"><ele>2914.3</ele><time>2025-09-22T03:40:52Z</time></rtept><rtept lat="43.628482" lon="-110.927028"><ele>2916.0</ele><time>2025-09-22T03:40:52Z</time></rtept><rtept lat="43.628745" lon="-110.927017"><ele>2918.0</ele><time>2025-09-22T03:40:52Z</time></rtept><rtept lat="43.628969" lon="-110.926815"><ele>2920.7</ele><time>2025-09-22T03:40:52Z</time></rtept><rtept lat="43.62919" lon="-110.926613"><ele>2923.6</ele><time>2025-09-22T03:40:52Z</time></rtept><rtept lat="43.629336" lon="-110.926318"><ele>2927.5</ele><time>2025-09-22T03:40:52Z</time></rtept><rtept lat="43.629365" lon="-110.926249"><ele>-1000.0</ele><time>2025-09-22T03:40:52Z</time></rtept><rtept lat="43.629365" lon="-110.926249"><ele>2928.4</ele><time>2025-09-22T03:40:52Z</time></rtept><rtept lat="43.629364" lon="-110.926248"><ele>2928.5</ele><time>2025-09-22T03:40:52Z</time></rtept><rtept lat="43.62957" lon="-110.925758"><ele>2933.4</ele><time>2025-09-22T03:40:52Z</time></rtept><rtept lat="43.629764" lon="-110.925348"><ele>2935.6</ele><time>2025-09-22T03:40:52Z</time></rtept><rtept lat="43.629784" lon="-110.925052"><ele>2937.9</ele><time>2025-09-22T03:40:52Z</time></rtept><rtept lat="43.629826" lon="-110.924605"><ele>2940.8</ele><time>2025-09-22T03:40:52Z</time></rtept><rtept lat="43.629868" lon="-110.924301"><ele>2942.8</ele><time>2025-09-22T03:40:52Z</time></rtept><rtept lat="43.629887" lon="-110.92384"><ele>2946.8</ele><time>2025-09-22T03:40:52Z</time></rtept><rtept lat="43.629919" lon="-110.923591"><ele>2947.7</ele><time>2025-09-22T03:40:52Z</time></rtept><rtept lat="43.630014" lon="-110.923161"><ele>2948.5</ele><time>2025-09-22T03:40:52Z</time></rtept><rtept lat="43.630067" lon="-110.922931"><ele>2949.1</ele><time>2025-09-22T03:40:52Z</time></rtept><rtept lat="43.630164" lon="-110.922671"><ele>2950.2</ele><time>2025-09-22T03:40:52Z</time></rtept><rtept lat="43.63031" lon="-110.922368"><ele>2950.3</ele><time>2025-09-22T03:40:52Z</time></rtept><rtept lat="43.630394" lon="-110.922093"><ele>2949.7</ele><time>2025-09-22T03:40:52Z</time></rtept><rtept lat="43.630477" lon="-110.921823"><ele>2949.0</ele><time>2025-09-22T03:40:52Z</time></rtept><rtept lat="43.630573" lon="-110.921289"><ele>2946.6</ele><time>2025-09-22T03:40:52Z</time></rtept><rtept lat="43.630653" lon="-110.920975"><ele>2946.1</ele><time>2025-09-22T03:40:52Z</time></rtept><rtept lat="43.630715" lon="-110.92079"><ele>2946.7</ele><time>2025-09-22T03:40:52Z</time></rtept><rtept lat="43.63076" lon="-110.920611"><ele>2947.6</ele><time>2025-09-22T03:40:52Z</time></rtept><rtept lat="43.630836" lon="-110.920507"><ele>2947.7</ele><time>2025-09-22T03:40:52Z</time></rtept><rtept lat="43.630908" lon="-110.920326"><ele>2950.0</ele><time>2025-09-22T03:40:52Z</time></rtept><rtept lat="43.631044" lon="-110.9201"><ele>2953.3</ele><time>2025-09-22T03:40:52Z</time></rtept><rtept lat="43.631318" lon="-110.919718"><ele>2958.3</ele><time>2025-09-22T03:40:52Z</time></rtept><rtept lat="43.631694" lon="-110.919424"><ele>2951.0</ele><time>2025-09-22T03:40:52Z</time></rtept><rtept lat="43.631824" lon="-110.919282"><ele>2951.3</ele><time>2025-09-22T03:40:52Z</time></rtept><rtept lat="43.632112" lon="-110.91894"><ele>2950.7</ele><time>2025-09-22T03:40:52Z</time></rtept><rtept lat="43.632262" lon="-110.918913"><ele>2948.5</ele><time>2025-09-22T03:40:52Z</time></rtept><rtept lat="43.632387" lon="-110.918731"><ele>2948.4</ele><time>2025-09-22T03:40:52Z</time></rtept><rtept lat="43.632883" lon="-110.918473"><ele>2943.7</ele><time>2025-09-22T03:40:52Z</time></rtept><rtept lat="43.633047" lon="-110.918438"><ele>2942.0</ele><time>2025-09-22T03:40:52Z</time></rtept><rtept lat="43.633198" lon="-110.918424"><ele>2939.6</ele><time>2025-09-22T03:40:52Z</time></rtept><rtept lat="43.633392" lon="-110.918483"><ele>2936.7</ele><time>2025-09-22T03:40:52Z</time></rtept><rtept lat="43.63357" lon="-110.918539"><ele>2935.3</ele><time>2025-09-22T03:40:52Z</time></rtept><rtept lat="43.633744" lon="-110.918592"><ele>2934.3</ele><time>2025-09-22T03:40:52Z</time></rtept><rtept lat="43.634122" lon="-110.918704"><ele>2934.3</ele><time>2025-09-22T03:40:52Z</time></rtept><rtept lat="43.634363" lon="-110.918732"><ele>2935.6</ele><time>2025-09-22T03:40:52Z</time></rtept><rtept lat="43.634661" lon="-110.918746"><ele>2934.5</ele><time>2025-09-22T03:40:52Z</time></rtept><rtept lat="43.634854" lon="-110.918746"><ele>2932.4</ele><time>2025-09-22T03:40:52Z</time></rtept><rtept lat="43.635131" lon="-110.918631"><ele>2929.9</ele><time>2025-09-22T03:40:52Z</time></rtept><rtept lat="43.63536" lon="-110.918471"><ele>2929.7</ele><time>2025-09-22T03:40:52Z</time></rtept><rtept lat="43.63549" lon="-110.918432"><ele>-1000.0</ele><time>2025-09-22T03:40:52Z</time></rtept><rtept lat="43.63549" lon="-110.918432"><ele>2929.5</ele><time>2025-09-22T03:40:52Z</time></rtept><rtept lat="43.63576" lon="-110.918287"><ele>2930.3</ele><time>2025-09-22T03:40:52Z</time></rtept><rtept lat="43.63576" lon="-110.918288"><ele>2930.3</ele><time>2025-09-22T03:40:52Z</time></rtept><rtept lat="43.635907" lon="-110.918209"><ele>2930.6</ele><time>2025-09-22T03:40:52Z</time></rtept><rtept lat="43.636481" lon="-110.917997"><ele>2928.0</ele><time>2025-09-22T03:40:52Z</time></rtept><rtept lat="43.636559" lon="-110.917878"><ele>2928.3</ele><time>2025-09-22T03:40:52Z</time></rtept><rtept lat="43.636629" lon="-110.917785"><ele>2928.2</ele><time>2025-09-22T03:40:52Z</time></rtept><rtept lat="43.636798" lon="-110.917616"><ele>2929.8</ele><time>2025-09-22T03:40:52Z</time></rtept><rtept lat="43.637083" lon="-110.917348"><ele>2932.7</ele><time>2025-09-22T03:40:52Z</time></rtept><rtept lat="43.637387" lon="-110.917074"><ele>2934.3</ele><time>2025-09-22T03:40:52Z</time></rtept><rtept lat="43.637726" lon="-110.91663"><ele>2934.7</ele><time>2025-09-22T03:40:52Z</time></rtept><rtept lat="43.638017" lon="-110.916412"><ele>2935.0</ele><time>2025-09-22T03:40:52Z</time></rtept><rtept lat="43.638185" lon="-110.916223"><ele>2935.6</ele><time>2025-09-22T03:40:52Z</time></rtept><rtept lat="43.638385" lon="-110.916078"><ele>2935.7</ele><time>2025-09-22T03:40:52Z</time></rtept><rtept lat="43.638413" lon="-110.916065"><ele>-1000.0</ele><time>2025-09-22T03:40:52Z</time></rtept><rtept lat="43.638413" lon="-110.916065"><ele>2936.0</ele><time>2025-09-22T03:40:52Z</time></rtept><rtept lat="43.638412" lon="-110.916064"><ele>2936.0</ele><time>2025-09-22T03:40:52Z</time></rtept><rtept lat="43.638581" lon="-110.915982"><ele>2937.3</ele><time>2025-09-22T03:40:52Z</time></rtept><rtept lat="43.638754" lon="-110.915955"><ele>2937.3</ele><time>2025-09-22T03:40:52Z</time></rtept><rtept lat="43.638999" lon="-110.915924"><ele>2936.8</ele><time>2025-09-22T03:40:52Z</time></rtept><rtept lat="43.639264" lon="-110.915969"><ele>2934.8</ele><time>2025-09-22T03:40:52Z</time></rtept><rtept lat="43.639443" lon="-110.915612"><ele>2938.2</ele><time>2025-09-22T03:40:52Z</time></rtept><rtept lat="43.639637" lon="-110.915472"><ele>2935.9</ele><time>2025-09-22T03:40:52Z</time></rtept><rtept lat="43.63974" lon="-110.915251"><ele>2936.4</ele><time>2025-09-22T03:40:52Z</time></rtept><rtept lat="43.639854" lon="-110.915169"><ele>2933.4</ele><time>2025-09-22T03:40:52Z</time></rtept><rtept lat="43.640017" lon="-110.915097"><ele>2929.9</ele><time>2025-09-22T03:40:52Z</time></rtept><rtept lat="43.640206" lon="-110.914974"><ele>2925.9</ele><time>2025-09-22T03:40:52Z</time></rtept><rtept lat="43.640445" lon="-110.914922"><ele>-1000.0</ele><time>2025-09-22T03:40:52Z</time></rtept><rtept lat="43.640445" lon="-110.914922"><ele>2920.9</ele><time>2025-09-22T03:40:52Z</time></rtept><rtept lat="43.640527" lon="-110.914752"><ele>2920.4</ele><time>2025-09-22T03:40:52Z</time></rtept><rtept lat="43.640528" lon="-110.914752"><ele>2920.4</ele><time>2025-09-22T03:40:52Z</time></rtept><rtept lat="43.640558" lon="-110.91469"><ele>2920.1</ele><time>2025-09-22T03:40:52Z</time></rtept><rtept lat="43.640686" lon="-110.914409"><ele>2919.7</ele><time>2025-09-22T03:40:52Z</time></rtept><rtept lat="43.641023" lon="-110.913973"><ele>2917.1</ele><time>2025-09-22T03:40:52Z</time></rtept><rtept lat="43.641246" lon="-110.913556"><ele>2918.1</ele><time>2025-09-22T03:40:52Z</time></rtept><rtept lat="43.641462" lon="-110.913063"><ele>2915.7</ele><time>2025-09-22T03:40:52Z</time></rtept><rtept lat="43.641751" lon="-110.912558"><ele>2912.9</ele><time>2025-09-22T03:40:52Z</time></rtept><rtept lat="43.641812" lon="-110.912269"><ele>2914.1</ele><time>2025-09-22T03:40:52Z</time></rtept><rtept lat="43.641828" lon="-110.912026"><ele>2915.0</ele><time>2025-09-22T03:40:52Z</time></rtept><rtept lat="43.641904" lon="-110.911999"><ele>2914.2</ele><time>2025-09-22T03:40:52Z</time></rtept><rtept lat="43.64206" lon="-110.911957"><ele>2912.7</ele><time>2025-09-22T03:40:52Z</time></rtept><rtept lat="43.642642" lon="-110.91146"><ele>2911.2</ele><time>2025-09-22T03:40:52Z</time></rtept><rtept lat="43.643009" lon="-110.911197"><ele>2910.2</ele><time>2025-09-22T03:40:52Z</time></rtept><rtept lat="43.643356" lon="-110.91107"><ele>2907.8</ele><time>2025-09-22T03:40:52Z</time></rtept><rtept lat="43.643716" lon="-110.910829"><ele>2906.3</ele><time>2025-09-22T03:40:52Z</time></rtept><rtept lat="43.643788" lon="-110.910433"><ele>2906.6</ele><time>2025-09-22T03:40:52Z</time></rtept><rtept lat="43.643967" lon="-110.910427"><ele>2905.6</ele><time>2025-09-22T03:40:52Z</time></rtept><rtept lat="43.644134" lon="-110.910367"><ele>2904.0</ele><time>2025-09-22T03:40:52Z</time></rtept><rtept lat="43.644399" lon="-110.910425"><ele>2901.8</ele><time>2025-09-22T03:40:52Z</time></rtept><rtept lat="43.644525" lon="-110.910262"><ele>2902.9</ele><time>2025-09-22T03:40:52Z</time></rtept><rtept lat="43.644664" lon="-110.910058"><ele>2905.8</ele><time>2025-09-22T03:40:52Z</time></rtept><rtept lat="43.644828" lon="-110.909804"><ele>2908.9</ele><time>2025-09-22T03:40:52Z</time></rtept><rtept lat="43.64492" lon="-110.909641"><ele>2910.9</ele><time>2025-09-22T03:40:52Z</time></rtept><rtept lat="43.645037" lon="-110.90964"><ele>2912.6</ele><time>2025-09-22T03:40:52Z</time></rtept><rtept lat="43.64517" lon="-110.909583"><ele>2914.0</ele><time>2025-09-22T03:40:52Z</time></rtept><rtept lat="43.645302" lon="-110.909493"><ele>2915.7</ele><time>2025-09-22T03:40:52Z</time></rtept><rtept lat="43.645395" lon="-110.909549"><ele>2915.4</ele><time>2025-09-22T03:40:52Z</time></rtept><rtept lat="43.645488" lon="-110.909846"><ele>2915.1</ele><time>2025-09-22T03:40:52Z</time></rtept><rtept lat="43.645546" lon="-110.910013"><ele>-1000.0</ele><time>2025-09-22T03:40:52Z</time></rtept><rtept lat="43.645548" lon="-110.910016"><ele>2916.1</ele><time>2025-09-22T03:40:52Z</time></rtept><rtept lat="43.64558" lon="-110.910109"><ele>2916.8</ele><time>2025-09-22T03:40:52Z</time></rtept><rtept lat="43.645701" lon="-110.910126"><ele>2916.7</ele><time>2025-09-22T03:40:52Z</time></rtept><rtept lat="43.645896" lon="-110.910051"><ele>2915.8</ele><time>2025-09-22T03:40:52Z</time></rtept><rtept lat="43.646163" lon="-110.910078"><ele>2914.4</ele><time>2025-09-22T03:40:52Z</time></rtept><rtept lat="43.646444" lon="-110.910031"><ele>2913.6</ele><time>2025-09-22T03:40:52Z</time></rtept><rtept lat="43.646692" lon="-110.909972"><ele>2911.9</ele><time>2025-09-22T03:40:52Z</time></rtept><rtept lat="43.646929" lon="-110.909985"><ele>2912.8</ele><time>2025-09-22T03:40:52Z</time></rtept><rtept lat="43.646938" lon="-110.910162"><ele>2914.1</ele><time>2025-09-22T03:40:52Z</time></rtept><rtept lat="43.646991" lon="-110.910287"><ele>2915.1</ele><time>2025-09-22T03:40:52Z</time></rtept><rtept lat="43.647053" lon="-110.910341"><ele>2915.9</ele><time>2025-09-22T03:40:52Z</time></rtept><rtept lat="43.647103" lon="-110.910491"><ele>2918.2</ele><time>2025-09-22T03:40:52Z</time></rtept><rtept lat="43.647154" lon="-110.910593"><ele>2920.1</ele><time>2025-09-22T03:40:52Z</time></rtept><rtept lat="43.647235" lon="-110.910601"><ele>2921.2</ele><time>2025-09-22T03:40:52Z</time></rtept><rtept lat="43.647297" lon="-110.910601"><ele>2923.0</ele><time>2025-09-22T03:40:52Z</time></rtept><rtept lat="43.64737" lon="-110.910749"><ele>2927.7</ele><time>2025-09-22T03:40:52Z</time></rtept><rtept lat="43.647495" lon="-110.910835"><ele>2932.9</ele><time>2025-09-22T03:40:52Z</time></rtept><rtept lat="43.647602" lon="-110.910828"><ele>2935.5</ele><time>2025-09-22T03:40:52Z</time></rtept><rtept lat="43.647707" lon="-110.910711"><ele>2937.0</ele><time>2025-09-22T03:40:52Z</time></rtept><rtept lat="43.647819" lon="-110.91059"><ele>2939.3</ele><time>2025-09-22T03:40:52Z</time></rtept><rtept lat="43.647936" lon="-110.910507"><ele>2941.2</ele><time>2025-09-22T03:40:52Z</time></rtept><rtept lat="43.648031" lon="-110.910362"><ele>2941.5</ele><time>2025-09-22T03:40:52Z</time></rtept><rtept lat="43.648103" lon="-110.910239"><ele>2941.4</ele><time>2025-09-22T03:40:52Z</time></rtept><rtept lat="43.6482" lon="-110.910204"><ele>2943.0</ele><time>2025-09-22T03:40:52Z</time></rtept><rtept lat="43.648354" lon="-110.910098"><ele>2944.8</ele><time>2025-09-22T03:40:52Z</time></rtept><rtept lat="43.648457" lon="-110.910017"><ele>2946.3</ele><time>2025-09-22T03:40:52Z</time></rtept><rtept lat="43.648604" lon="-110.909904"><ele>2949.4</ele><time>2025-09-22T03:40:52Z</time></rtept><rtept lat="43.648681" lon="-110.909845"><ele>2951.6</ele><time>2025-09-22T03:40:52Z</time></rtept><rtept lat="43.6488" lon="-110.909713"><ele>2954.3</ele><time>2025-09-22T03:40:52Z</time></rtept><rtept lat="43.648969" lon="-110.909481"><ele>2958.0</ele><time>2025-09-22T03:40:52Z</time></rtept><rtept lat="43.649162" lon="-110.909252"><ele>2962.3</ele><time>2025-09-22T03:40:52Z</time></rtept><rtept lat="43.649271" lon="-110.909125"><ele>2964.8</ele><time>2025-09-22T03:40:52Z</time></rtept><rtept lat="43.649321" lon="-110.909018"><ele>2964.5</ele><time>2025-09-22T03:40:52Z</time></rtept><rtept lat="43.649399" lon="-110.908775"><ele>2962.8</ele><time>2025-09-22T03:40:52Z</time></rtept><rtept lat="43.649458" lon="-110.908474"><ele>2961.1</ele><time>2025-09-22T03:40:52Z</time></rtept><rtept lat="43.649463" lon="-110.908321"><ele>2959.6</ele><time>2025-09-22T03:40:52Z</time></rtept><rtept lat="43.649558" lon="-110.908164"><ele>2961.3</ele><time>2025-09-22T03:40:52Z</time></rtept><rtept lat="43.649518" lon="-110.907991"><ele>2958.1</ele><time>2025-09-22T03:40:52Z</time></rtept><rtept lat="43.649488" lon="-110.907895"><ele>2956.1</ele><time>2025-09-22T03:40:52Z</time></rtept><rtept lat="43.649541" lon="-110.907709"><ele>2956.0</ele><time>2025-09-22T03:40:52Z</time></rtept><rtept lat="43.649619" lon="-110.907495"><ele>2958.1</ele><time>2025-09-22T03:40:52Z</time></rtept><rtept lat="43.649846" lon="-110.907056"><ele>2961.4</ele><time>2025-09-22T03:40:52Z</time></rtept><rtept lat="43.649893" lon="-110.906692"><ele>2952.9</ele><time>2025-09-22T03:40:52Z</time></rtept><rtept lat="43.649851" lon="-110.906407"><ele>2947.3</ele><time>2025-09-22T03:40:52Z</time></rtept><rtept lat="43.649966" lon="-110.906129"><ele>2948.3</ele><time>2025-09-22T03:40:52Z</time></rtept><rtept lat="43.650042" lon="-110.905825"><ele>2944.9</ele><time>2025-09-22T03:40:52Z</time></rtept><rtept lat="43.650046" lon="-110.905479"><ele>2944.2</ele><time>2025-09-22T03:40:52Z</time></rtept><rtept lat="43.650066" lon="-110.905188"><ele>2944.7</ele><time>2025-09-22T03:40:52Z</time></rtept><rtept lat="43.650081" lon="-110.905097"><ele>2944.1</ele><time>2025-09-22T03:40:52Z</time></rtept><rtept lat="43.650216" lon="-110.904726"><ele>2936.6</ele><time>2025-09-22T03:40:52Z</time></rtept><rtept lat="43.650543" lon="-110.904178"><ele>2936.8</ele><time>2025-09-22T03:40:52Z</time></rtept><rtept lat="43.650912" lon="-110.903705"><ele>2936.9</ele><time>2025-09-22T03:40:52Z</time></rtept><rtept lat="43.651007" lon="-110.903491"><ele>2936.2</ele><time>2025-09-22T03:40:52Z</time></rtept><rtept lat="43.651482" lon="-110.902831"><ele>2934.0</ele><time>2025-09-22T03:40:52Z</time></rtept><rtept lat="43.651626" lon="-110.90265"><ele>2932.4</ele><time>2025-09-22T03:40:52Z</time></rtept><rtept lat="43.651693" lon="-110.902522"><ele>2932.3</ele><time>2025-09-22T03:40:52Z</time></rtept><rtept lat="43.651786" lon="-110.902395"><ele>2933.2</ele><time>2025-09-22T03:40:52Z</time></rtept><rtept lat="43.651925" lon="-110.902165"><ele>2935.9</ele><time>2025-09-22T03:40:52Z</time></rtept><rtept lat="43.652133" lon="-110.901938"><ele>2936.9</ele><time>2025-09-22T03:40:52Z</time></rtept><rtept lat="43.653462" lon="-110.900763"><ele>2926.1</ele><time>2025-09-22T03:40:52Z</time></rtept><rtept lat="43.653543" lon="-110.900649"><ele>2925.9</ele><time>2025-09-22T03:40:52Z</time></rtept><rtept lat="43.653719" lon="-110.900476"><ele>2924.4</ele><time>2025-09-22T03:40:52Z</time></rtept><rtept lat="43.653983" lon="-110.900331"><ele>2922.3</ele><time>2025-09-22T03:40:52Z</time></rtept><rtept lat="43.654094" lon="-110.900151"><ele>2920.2</ele><time>2025-09-22T03:40:52Z</time></rtept><rtept lat="43.654315" lon="-110.900146"><ele>2918.5</ele><time>2025-09-22T03:40:52Z</time></rtept><rtept lat="43.654608" lon="-110.900025"><ele>2912.2</ele><time>2025-09-22T03:40:52Z</time></rtept><rtept lat="43.654781" lon="-110.899926"><ele>2909.2</ele><time>2025-09-22T03:40:52Z</time></rtept><rtept lat="43.654855" lon="-110.899749"><ele>2907.3</ele><time>2025-09-22T03:40:52Z</time></rtept><rtept lat="43.655043" lon="-110.899711"><ele>2906.1</ele><time>2025-09-22T03:40:52Z</time></rtept><rtept lat="43.655296" lon="-110.899626"><ele>2900.4</ele><time>2025-09-22T03:40:52Z</time></rtept><rtept lat="43.655453" lon="-110.899439"><ele>2893.3</ele><time>2025-09-22T03:40:52Z</time></rtept><rtept lat="43.655635" lon="-110.899393"><ele>2889.0</ele><time>2025-09-22T03:40:52Z</time></rtept><rtept lat="43.65586" lon="-110.899232"><ele>2887.1</ele><time>2025-09-22T03:40:52Z</time></rtept><rtept lat="43.656166" lon="-110.899226"><ele>2889.2</ele><time>2025-09-22T03:40:52Z</time></rtept><rtept lat="43.65643" lon="-110.899116"><ele>2893.2</ele><time>2025-09-22T03:40:52Z</time></rtept><rtept lat="43.656899" lon="-110.89893"><ele>-1000.0</ele><time>2025-09-22T03:40:52Z</time></rtept><rtept lat="43.656896" lon="-110.898928"><ele>2897.9</ele><time>2025-09-22T03:40:52Z</time></rtept><rtept lat="43.656928" lon="-110.898915"><ele>2898.1</ele><time>2025-09-22T03:40:52Z</time></rtept><rtept lat="43.657106" lon="-110.898886"><ele>2900.3</ele><time>2025-09-22T03:40:52Z</time></rtept><rtept lat="43.657349" lon="-110.898739"><ele>2902.6</ele><time>2025-09-22T03:40:52Z</time></rtept><rtept lat="43.657939" lon="-110.898478"><ele>2900.1</ele><time>2025-09-22T03:40:52Z</time></rtept><rtept lat="43.658264" lon="-110.898164"><ele>2900.4</ele><time>2025-09-22T03:40:52Z</time></rtept><rtept lat="43.6586" lon="-110.897952"><ele>2905.0</ele><time>2025-09-22T03:40:52Z</time></rtept><rtept lat="43.659186" lon="-110.897565"><ele>2902.1</ele><time>2025-09-22T03:40:52Z</time></rtept><rtept lat="43.65978" lon="-110.897088"><ele>2903.1</ele><time>2025-09-22T03:40:52Z</time></rtept><rtept lat="43.660071" lon="-110.896955"><ele>2904.5</ele><time>2025-09-22T03:40:52Z</time></rtept><rtept lat="43.660819" lon="-110.896366"><ele>2903.6</ele><time>2025-09-22T03:40:52Z</time></rtept><rtept lat="43.660961" lon="-110.896188"><ele>2901.9</ele><time>2025-09-22T03:40:52Z</time></rtept><rtept lat="43.661376" lon="-110.895948"><ele>2898.7</ele><time>2025-09-22T03:40:52Z</time></rtept><rtept lat="43.66148" lon="-110.895789"><ele>2895.9</ele><time>2025-09-22T03:40:52Z</time></rtept><rtept lat="43.662133" lon="-110.895398"><ele>2892.9</ele><time>2025-09-22T03:40:52Z</time></rtept><rtept lat="43.662458" lon="-110.895297"><ele>2890.7</ele><time>2025-09-22T03:40:52Z</time></rtept><rtept lat="43.663015" lon="-110.894969"><ele>2884.4</ele><time>2025-09-22T03:40:52Z</time></rtept><rtept lat="43.663543" lon="-110.894861"><ele>2880.2</ele><time>2025-09-22T03:40:52Z</time></rtept><rtept lat="43.663969" lon="-110.894637"><ele>2881.9</ele><time>2025-09-22T03:40:52Z</time></rtept><rtept lat="43.664369" lon="-110.894366"><ele>2882.8</ele><time>2025-09-22T03:40:52Z</time></rtept><rtept lat="43.664537" lon="-110.894239"><ele>2881.6</ele><time>2025-09-22T03:40:52Z</time></rtept><rtept lat="43.665193" lon="-110.89385"><ele>2873.5</ele><time>2025-09-22T03:40:52Z</time></rtept><rtept lat="43.66547" lon="-110.893414"><ele>2871.8</ele><time>2025-09-22T03:40:52Z</time></rtept><rtept lat="43.66576" lon="-110.893129"><ele>2872.3</ele><time>2025-09-22T03:40:52Z</time></rtept><rtept lat="43.665931" lon="-110.893053"><ele>2872.3</ele><time>2025-09-22T03:40:52Z</time></rtept><rtept lat="43.666107" lon="-110.89292"><ele>2873.0</ele><time>2025-09-22T03:40:52Z</time></rtept><rtept lat="43.666138" lon="-110.892894"><ele>-1000.0</ele><time>2025-09-22T03:40:52Z</time></rtept><rtept lat="43.66614" lon="-110.892896"><ele>2873.4</ele><time>2025-09-22T03:40:52Z</time></rtept><rtept lat="43.666395" lon="-110.892682"><ele>2876.8</ele><time>2025-09-22T03:40:52Z</time></rtept><rtept lat="43.66653" lon="-110.892441"><ele>2879.3</ele><time>2025-09-22T03:40:52Z</time></rtept><rtept lat="43.666628" lon="-110.8923"><ele>2881.7</ele><time>2025-09-22T03:40:52Z</time></rtept><rtept lat="43.666711" lon="-110.892159"><ele>2882.5</ele><time>2025-09-22T03:40:52Z</time></rtept><rtept lat="43.666777" lon="-110.892035"><ele>2881.5</ele><time>2025-09-22T03:40:52Z</time></rtept><rtept lat="43.666987" lon="-110.891847"><ele>2880.3</ele><time>2025-09-22T03:40:52Z</time></rtept><rtept lat="43.667221" lon="-110.891686"><ele>2877.7</ele><time>2025-09-22T03:40:52Z</time></rtept><rtept lat="43.667652" lon="-110.891459"><ele>2879.2</ele><time>2025-09-22T03:40:52Z</time></rtept><rtept lat="43.668192" lon="-110.890932"><ele>2876.4</ele><time>2025-09-22T03:40:52Z</time></rtept><rtept lat="43.668356" lon="-110.890724"><ele>2876.4</ele><time>2025-09-22T03:40:52Z</time></rtept><rtept lat="43.66848" lon="-110.890617"><ele>2875.2</ele><time>2025-09-22T03:40:52Z</time></rtept><rtept lat="43.668629" lon="-110.890471"><ele>2875.1</ele><time>2025-09-22T03:40:52Z</time></rtept><rtept lat="43.668722" lon="-110.890371"><ele>2876.2</ele><time>2025-09-22T03:40:52Z</time></rtept><rtept lat="43.668913" lon="-110.8902"><ele>2879.5</ele><time>2025-09-22T03:40:52Z</time></rtept><rtept lat="43.669305" lon="-110.890009"><ele>2882.5</ele><time>2025-09-22T03:40:52Z</time></rtept><rtept lat="43.669467" lon="-110.889884"><ele>2882.2</ele><time>2025-09-22T03:40:52Z</time></rtept><rtept lat="43.669714" lon="-110.889829"><ele>2882.0</ele><time>2025-09-22T03:40:52Z</time></rtept><rtept lat="43.66985" lon="-110.889725"><ele>2882.0</ele><time>2025-09-22T03:40:52Z</time></rtept><rtept lat="43.670177" lon="-110.889548"><ele>2883.7</ele><time>2025-09-22T03:40:52Z</time></rtept><rtept lat="43.670582" lon="-110.889316"><ele>2887.0</ele><time>2025-09-22T03:40:52Z</time></rtept><rtept lat="43.671064" lon="-110.888899"><ele>2888.0</ele><time>2025-09-22T03:40:52Z</time></rtept><rtept lat="43.671282" lon="-110.888581"><ele>2891.8</ele><time>2025-09-22T03:40:52Z</time></rtept><rtept lat="43.671671" lon="-110.8881"><ele>2892.6</ele><time>2025-09-22T03:40:52Z</time></rtept><rtept lat="43.671953" lon="-110.88784"><ele>2893.3</ele><time>2025-09-22T03:40:52Z</time></rtept><rtept lat="43.672019" lon="-110.887708"><ele>2891.2</ele><time>2025-09-22T03:40:52Z</time></rtept><rtept lat="43.672285" lon="-110.887554"><ele>2893.7</ele><time>2025-09-22T03:40:52Z</time></rtept><rtept lat="43.672391" lon="-110.887532"><ele>2894.8</ele><time>2025-09-22T03:40:52Z</time></rtept><rtept lat="43.672483" lon="-110.887244"><ele>2891.8</ele><time>2025-09-22T03:40:52Z</time></rtept><rtept lat="43.672487" lon="-110.887188"><ele>2891.4</ele><time>2025-09-22T03:40:52Z</time></rtept><rtept lat="43.672553" lon="-110.887097"><ele>2892.3</ele><time>2025-09-22T03:40:52Z</time></rtept><rtept lat="43.672593" lon="-110.886991"><ele>2892.6</ele><time>2025-09-22T03:40:52Z</time></rtept><rtept lat="43.672717" lon="-110.886818"><ele>2895.1</ele><time>2025-09-22T03:40:52Z</time></rtept><rtept lat="43.67281" lon="-110.886651"><ele>2896.2</ele><time>2025-09-22T03:40:52Z</time></rtept><rtept lat="43.67295" lon="-110.886522"><ele>2897.2</ele><time>2025-09-22T03:40:52Z</time></rtept><rtept lat="43.673129" lon="-110.886378"><ele>2899.4</ele><time>2025-09-22T03:40:52Z</time></rtept><rtept lat="43.673239" lon="-110.88634"><ele>2901.5</ele><time>2025-09-22T03:40:52Z</time></rtept><rtept lat="43.673552" lon="-110.886"><ele>2905.9</ele><time>2025-09-22T03:40:52Z</time></rtept><rtept lat="43.673861" lon="-110.885781"><ele>2907.4</ele><time>2025-09-22T03:40:52Z</time></rtept><rtept lat="43.674103" lon="-110.885686"><ele>2905.8</ele><time>2025-09-22T03:40:52Z</time></rtept><rtept lat="43.674339" lon="-110.885473"><ele>2905.0</ele><time>2025-09-22T03:40:52Z</time></rtept><rtept lat="43.674462" lon="-110.885326"><ele>2904.6</ele><time>2025-09-22T03:40:52Z</time></rtept><rtept lat="43.674677" lon="-110.885189"><ele>2906.8</ele><time>2025-09-22T03:40:52Z</time></rtept><rtept lat="43.675008" lon="-110.885051"><ele>2911.3</ele><time>2025-09-22T03:40:52Z</time></rtept><rtept lat="43.675141" lon="-110.885045"><ele>2913.3</ele><time>2025-09-22T03:40:52Z</time></rtept><rtept lat="43.6753" lon="-110.884878"><ele>2916.3</ele><time>2025-09-22T03:40:52Z</time></rtept><rtept lat="43.675331" lon="-110.884631"><ele>2918.6</ele><time>2025-09-22T03:40:52Z</time></rtept><rtept lat="43.675373" lon="-110.884296"><ele>2921.1</ele><time>2025-09-22T03:40:52Z</time></rtept><rtept lat="43.675399" lon="-110.884218"><ele>2921.6</ele><time>2025-09-22T03:40:52Z</time></rtept><rtept lat="43.675441" lon="-110.884085"><ele>2922.0</ele><time>2025-09-22T03:40:52Z</time></rtept><rtept lat="43.675482" lon="-110.883999"><ele>2922.1</ele><time>2025-09-22T03:40:52Z</time></rtept><rtept lat="43.675569" lon="-110.883953"><ele>2922.7</ele><time>2025-09-22T03:40:52Z</time></rtept><rtept lat="43.675987" lon="-110.883803"><ele>2924.9</ele><time>2025-09-22T03:40:52Z</time></rtept><rtept lat="43.676225" lon="-110.883454"><ele>2920.6</ele><time>2025-09-22T03:40:52Z</time></rtept><rtept lat="43.676423" lon="-110.883178"><ele>2916.7</ele><time>2025-09-22T03:40:52Z</time></rtept><rtept lat="43.676625" lon="-110.88305"><ele>-1000.0</ele><time>2025-09-22T03:40:52Z</time></rtept><rtept lat="43.676624" lon="-110.883048"><ele>2914.2</ele><time>2025-09-22T03:40:52Z</time></rtept><rtept lat="43.676684" lon="-110.88301"><ele>2913.6</ele><time>2025-09-22T03:40:52Z</time></rtept><rtept lat="43.676892" lon="-110.88265"><ele>2911.3</ele><time>2025-09-22T03:40:52Z</time></rtept><rtept lat="43.677111" lon="-110.882474"><ele>2911.5</ele><time>2025-09-22T03:40:52Z</time></rtept><rtept lat="43.677518" lon="-110.88205"><ele>2910.3</ele><time>2025-09-22T03:40:52Z</time></rtept><rtept lat="43.677814" lon="-110.881818"><ele>2910.9</ele><time>2025-09-22T03:40:52Z</time></rtept><rtept lat="43.678074" lon="-110.881587"><ele>2911.6</ele><time>2025-09-22T03:40:52Z</time></rtept><rtept lat="43.678177" lon="-110.881426"><ele>2911.6</ele><time>2025-09-22T03:40:52Z</time></rtept><rtept lat="43.678276" lon="-110.881042"><ele>2911.5</ele><time>2025-09-22T03:40:52Z</time></rtept><rtept lat="43.678345" lon="-110.880912"><ele>2912.9</ele><time>2025-09-22T03:40:52Z</time></rtept><rtept lat="43.678458" lon="-110.88061"><ele>2914.4</ele><time>2025-09-22T03:40:52Z</time></rtept><rtept lat="43.678443" lon="-110.880479"><ele>2914.1</ele><time>2025-09-22T03:40:52Z</time></rtept><rtept lat="43.678471" lon="-110.880411"><ele>2914.5</ele><time>2025-09-22T03:40:52Z</time></rtept><rtept lat="43.678562" lon="-110.880371"><ele>2915.9</ele><time>2025-09-22T03:40:52Z</time></rtept><rtept lat="43.678661" lon="-110.880229"><ele>2920.0</ele><time>2025-09-22T03:40:52Z</time></rtept><rtept lat="43.678709" lon="-110.879861"><ele>2928.2</ele><time>2025-09-22T03:40:52Z</time></rtept><rtept lat="43.67874" lon="-110.879721"><ele>2931.7</ele><time>2025-09-22T03:40:52Z</time></rtept><rtept lat="43.678806" lon="-110.879703"><ele>2933.7</ele><time>2025-09-22T03:40:52Z</time></rtept><rtept lat="43.678865" lon="-110.879732"><ele>2935.2</ele><time>2025-09-22T03:40:52Z</time></rtept><rtept lat="43.678896" lon="-110.879622"><ele>2936.6</ele><time>2025-09-22T03:40:52Z</time></rtept><rtept lat="43.678843" lon="-110.879384"><ele>2936.1</ele><time>2025-09-22T03:40:52Z</time></rtept><rtept lat="43.678709" lon="-110.879306"><ele>2933.4</ele><time>2025-09-22T03:40:52Z</time></rtept><rtept lat="43.678612" lon="-110.879196"><ele>2931.1</ele><time>2025-09-22T03:40:52Z</time></rtept><rtept lat="43.678632" lon="-110.879119"><ele>2931.8</ele><time>2025-09-22T03:40:52Z</time></rtept><rtept lat="43.678731" lon="-110.87911"><ele>2933.7</ele><time>2025-09-22T03:40:52Z</time></rtept><rtept lat="43.678927" lon="-110.879067"><ele>2937.5</ele><time>2025-09-22T03:40:52Z</time></rtept><rtept lat="43.679067" lon="-110.878842"><ele>2939.3</ele><time>2025-09-22T03:40:52Z</time></rtept><rtept lat="43.679223" lon="-110.878709"><ele>2942.2</ele><time>2025-09-22T03:40:52Z</time></rtept><rtept lat="43.679464" lon="-110.878452"><ele>2945.7</ele><time>2025-09-22T03:40:52Z</time></rtept><rtept lat="43.679835" lon="-110.878005"><ele>2949.8</ele><time>2025-09-22T03:40:52Z</time></rtept><rtept lat="43.679916" lon="-110.877788"><ele>2950.4</ele><time>2025-09-22T03:40:52Z</time></rtept><rtept lat="43.680154" lon="-110.877589"><ele>2951.3</ele><time>2025-09-22T03:40:52Z</time></rtept><rtept lat="43.680278" lon="-110.877485"><ele>2951.1</ele><time>2025-09-22T03:40:52Z</time></rtept><rtept lat="43.680457" lon="-110.877294"><ele>2954.9</ele><time>2025-09-22T03:40:52Z</time></rtept><rtept lat="43.680724" lon="-110.877048"><ele>2957.3</ele><time>2025-09-22T03:40:52Z</time></rtept><rtept lat="43.680921" lon="-110.876827"><ele>2958.1</ele><time>2025-09-22T03:40:52Z</time></rtept><rtept lat="43.681165" lon="-110.876412"><ele>2954.6</ele><time>2025-09-22T03:40:52Z</time></rtept><rtept lat="43.681344" lon="-110.876253"><ele>2953.9</ele><time>2025-09-22T03:40:52Z</time></rtept><rtept lat="43.681752" lon="-110.875982"><ele>2957.7</ele><time>2025-09-22T03:40:52Z</time></rtept><rtept lat="43.681984" lon="-110.875818"><ele>2960.3</ele><time>2025-09-22T03:40:52Z</time></rtept><rtept lat="43.682231" lon="-110.87562"><ele>2962.0</ele><time>2025-09-22T03:40:52Z</time></rtept><rtept lat="43.682342" lon="-110.875557"><ele>2961.1</ele><time>2025-09-22T03:40:52Z</time></rtept><rtept lat="43.682492" lon="-110.87549"><ele>2960.3</ele><time>2025-09-22T03:40:52Z</time></rtept><rtept lat="43.682727" lon="-110.875475"><ele>2958.1</ele><time>2025-09-22T03:40:52Z</time></rtept><rtept lat="43.682814" lon="-110.87543"><ele>2957.7</ele><time>2025-09-22T03:40:52Z</time></rtept><rtept lat="43.682944" lon="-110.875367"><ele>2957.1</ele><time>2025-09-22T03:40:52Z</time></rtept><rtept lat="43.683112" lon="-110.875326"><ele>2956.2</ele><time>2025-09-22T03:40:52Z</time></rtept><rtept lat="43.683239" lon="-110.875254"><ele>2956.2</ele><time>2025-09-22T03:40:52Z</time></rtept><rtept lat="43.683424" lon="-110.875162"><ele>2958.7</ele><time>2025-09-22T03:40:52Z</time></rtept><rtept lat="43.683464" lon="-110.875114"><ele>2959.7</ele><time>2025-09-22T03:40:52Z</time></rtept><rtept lat="43.683547" lon="-110.875031"><ele>2961.7</ele><time>2025-09-22T03:40:52Z</time></rtept><rtept lat="43.683889" lon="-110.874793"><ele>2966.0</ele><time>2025-09-22T03:40:52Z</time></rtept><rtept lat="43.684063" lon="-110.874735"><ele>2967.2</ele><time>2025-09-22T03:40:52Z</time></rtept><rtept lat="43.684123" lon="-110.874716"><ele>2967.7</ele><time>2025-09-22T03:40:52Z</time></rtept><rtept lat="43.684306" lon="-110.874588"><ele>2971.0</ele><time>2025-09-22T03:40:52Z</time></rtept><rtept lat="43.684411" lon="-110.874522"><ele>2973.1</ele><time>2025-09-22T03:40:52Z</time></rtept><rtept lat="43.684578" lon="-110.874412"><ele>2971.9</ele><time>2025-09-22T03:40:52Z</time></rtept><rtept lat="43.68472" lon="-110.874301"><ele>2971.1</ele><time>2025-09-22T03:40:52Z</time></rtept><rtept lat="43.684818" lon="-110.874251"><ele>2970.2</ele><time>2025-09-22T03:40:52Z</time></rtept><rtept lat="43.685145" lon="-110.874351"><ele>2965.5</ele><time>2025-09-22T03:40:52Z</time></rtept><rtept lat="43.685431" lon="-110.874392"><ele>2964.8</ele><time>2025-09-22T03:40:52Z</time></rtept><rtept lat="43.68561" lon="-110.874368"><ele>2964.8</ele><time>2025-09-22T03:40:52Z</time></rtept><rtept lat="43.685758" lon="-110.874333"><ele>2963.8</ele><time>2025-09-22T03:40:52Z</time></rtept><rtept lat="43.685836" lon="-110.874311"><ele>2963.4</ele><time>2025-09-22T03:40:52Z</time></rtept><rtept lat="43.68587" lon="-110.874164"><ele>2965.6</ele><time>2025-09-22T03:40:52Z</time></rtept><rtept lat="43.685854" lon="-110.87408"><ele>2966.1</ele><time>2025-09-22T03:40:52Z</time></rtept><rtept lat="43.685873" lon="-110.873855"><ele>2966.9</ele><time>2025-09-22T03:40:52Z</time></rtept><rtept lat="43.685928" lon="-110.873773"><ele>2966.9</ele><time>2025-09-22T03:40:52Z</time></rtept><rtept lat="43.685992" lon="-110.873748"><ele>2966.7</ele><time>2025-09-22T03:40:52Z</time></rtept><rtept lat="43.686078" lon="-110.873747"><ele>2966.2</ele><time>2025-09-22T03:40:52Z</time></rtept><rtept lat="43.686119" lon="-110.873784"><ele>2965.7</ele><time>2025-09-22T03:40:52Z</time></rtept><rtept lat="43.68623" lon="-110.873819"><ele>2965.1</ele><time>2025-09-22T03:40:52Z</time></rtept><rtept lat="43.686355" lon="-110.873754"><ele>2965.1</ele><time>2025-09-22T03:40:52Z</time></rtept><rtept lat="43.68638" lon="-110.873693"><ele>2965.4</ele><time>2025-09-22T03:40:52Z</time></rtept><rtept lat="43.686372" lon="-110.873511"><ele>2966.4</ele><time>2025-09-22T03:40:52Z</time></rtept><rtept lat="43.686366" lon="-110.873467"><ele>2966.5</ele><time>2025-09-22T03:40:52Z</time></rtept><rtept lat="43.686408" lon="-110.873467"><ele>2966.3</ele><time>2025-09-22T03:40:52Z</time></rtept><rtept lat="43.686519" lon="-110.873534"><ele>2964.9</ele><time>2025-09-22T03:40:52Z</time></rtept><rtept lat="43.686605" lon="-110.873529"><ele>2964.0</ele><time>2025-09-22T03:40:52Z</time></rtept><rtept lat="43.686667" lon="-110.873469"><ele>2963.5</ele><time>2025-09-22T03:40:52Z</time></rtept><rtept lat="43.686702" lon="-110.873365"><ele>2963.1</ele><time>2025-09-22T03:40:52Z</time></rtept><rtept lat="43.686785" lon="-110.873234"><ele>2961.7</ele><time>2025-09-22T03:40:52Z</time></rtept><rtept lat="43.687" lon="-110.873035"><ele>2959.8</ele><time>2025-09-22T03:40:52Z</time></rtept><rtept lat="43.68716" lon="-110.872975"><ele>2959.5</ele><time>2025-09-22T03:40:52Z</time></rtept><rtept lat="43.687232" lon="-110.87289"><ele>2960.3</ele><time>2025-09-22T03:40:52Z</time></rtept><rtept lat="43.687306" lon="-110.872792"><ele>2961.2</ele><time>2025-09-22T03:40:52Z</time></rtept><rtept lat="43.687387" lon="-110.872745"><ele>2961.2</ele><time>2025-09-22T03:40:52Z</time></rtept><rtept lat="43.687508" lon="-110.872586"><ele>2962.0</ele><time>2025-09-22T03:40:52Z</time></rtept><rtept lat="43.687608" lon="-110.872354"><ele>2965.6</ele><time>2025-09-22T03:40:52Z</time></rtept><rtept lat="43.687739" lon="-110.87219"><ele>2969.0</ele><time>2025-09-22T03:40:52Z</time></rtept><rtept lat="43.688073" lon="-110.871911"><ele>2969.2</ele><time>2025-09-22T03:40:52Z</time></rtept><rtept lat="43.688234" lon="-110.871755"><ele>2968.2</ele><time>2025-09-22T03:40:52Z</time></rtept><rtept lat="43.688427" lon="-110.871644"><ele>2966.1</ele><time>2025-09-22T03:40:52Z</time></rtept><rtept lat="43.688559" lon="-110.871415"><ele>2964.9</ele><time>2025-09-22T03:40:52Z</time></rtept><rtept lat="43.68872" lon="-110.871227"><ele>2964.7</ele><time>2025-09-22T03:40:52Z</time></rtept><rtept lat="43.688869" lon="-110.870992"><ele>2966.4</ele><time>2025-09-22T03:40:52Z</time></rtept><rtept lat="43.689077" lon="-110.870607"><ele>2969.9</ele><time>2025-09-22T03:40:52Z</time></rtept><rtept lat="43.689121" lon="-110.87049"><ele>2970.1</ele><time>2025-09-22T03:40:52Z</time></rtept><rtept lat="43.689213" lon="-110.870372"><ele>2969.1</ele><time>2025-09-22T03:40:52Z</time></rtept><rtept lat="43.689389" lon="-110.870187"><ele>2968.2</ele><time>2025-09-22T03:40:52Z</time></rtept><rtept lat="43.689541" lon="-110.870043"><ele>2968.5</ele><time>2025-09-22T03:40:52Z</time></rtept><rtept lat="43.689664" lon="-110.870003"><ele>2968.2</ele><time>2025-09-22T03:40:52Z</time></rtept><rtept lat="43.689873" lon="-110.869893"><ele>2966.7</ele><time>2025-09-22T03:40:52Z</time></rtept><rtept lat="43.690181" lon="-110.869574"><ele>2966.7</ele><time>2025-09-22T03:40:52Z</time></rtept><rtept lat="43.690225" lon="-110.869527"><ele>2967.1</ele><time>2025-09-22T03:40:52Z</time></rtept><rtept lat="43.690268" lon="-110.869442"><ele>2967.9</ele><time>2025-09-22T03:40:52Z</time></rtept><rtept lat="43.69027" lon="-110.869377"><ele>2968.4</ele><time>2025-09-22T03:40:52Z</time></rtept><rtept lat="43.690234" lon="-110.869327"><ele>2968.7</ele><time>2025-09-22T03:40:52Z</time></rtept><rtept lat="43.690187" lon="-110.869283"><ele>2969.1</ele><time>2025-09-22T03:40:52Z</time></rtept><rtept lat="43.690156" lon="-110.869217"><ele>2969.8</ele><time>2025-09-22T03:40:52Z</time></rtept><rtept lat="43.690149" lon="-110.869157"><ele>2970.6</ele><time>2025-09-22T03:40:52Z</time></rtept><rtept lat="43.690187" lon="-110.869059"><ele>2971.4</ele><time>2025-09-22T03:40:52Z</time></rtept><rtept lat="43.690366" lon="-110.86892"><ele>2970.9</ele><time>2025-09-22T03:40:52Z</time></rtept><rtept lat="43.690557" lon="-110.868757"><ele>2969.4</ele><time>2025-09-22T03:40:52Z</time></rtept><rtept lat="43.690631" lon="-110.86875"><ele>-1000.0</ele><time>2025-09-22T03:40:52Z</time></rtept><rtept lat="43.690628" lon="-110.868671"><ele>2968.6</ele><time>2025-09-22T03:40:52Z</time></rtept><rtept lat="43.690828" lon="-110.868486"><ele>2966.5</ele><time>2025-09-22T03:40:52Z</time></rtept><rtept lat="43.69084" lon="-110.868728"><ele>2964.5</ele><time>2025-09-22T03:40:52Z</time></rtept><rtept lat="43.690911" lon="-110.868721"><ele>2962.0</ele><time>2025-09-22T03:40:52Z</time></rtept><rtept lat="43.690996" lon="-110.868642"><ele>2959.4</ele><time>2025-09-22T03:40:52Z</time></rtept><rtept lat="43.691021" lon="-110.868525"><ele>2959.3</ele><time>2025-09-22T03:40:52Z</time></rtept><rtept lat="43.691015" lon="-110.86846"><ele>2960.1</ele><time>2025-09-22T03:40:52Z</time></rtept><rtept lat="43.691081" lon="-110.868334"><ele>2959.0</ele><time>2025-09-22T03:40:52Z</time></rtept><rtept lat="43.691093" lon="-110.868293"><ele>2959.2</ele><time>2025-09-22T03:40:52Z</time></rtept><rtept lat="43.691093" lon="-110.868134"><ele>2961.5</ele><time>2025-09-22T03:40:52Z</time></rtept><rtept lat="43.691173" lon="-110.868004"><ele>2961.3</ele><time>2025-09-22T03:40:52Z</time></rtept><rtept lat="43.69127" lon="-110.867893"><ele>2961.0</ele><time>2025-09-22T03:40:52Z</time></rtept><rtept lat="43.691412" lon="-110.867788"><ele>2958.7</ele><time>2025-09-22T03:40:52Z</time></rtept><rtept lat="43.691493" lon="-110.867785"><ele>2955.3</ele><time>2025-09-22T03:40:52Z</time></rtept><rtept lat="43.691631" lon="-110.867729"><ele>2950.4</ele><time>2025-09-22T03:40:52Z</time></rtept><rtept lat="43.691728" lon="-110.867688"><ele>2947.3</ele><time>2025-09-22T03:40:52Z</time></rtept><rtept lat="43.691749" lon="-110.867659"><ele>2947.0</ele><time>2025-09-22T03:40:52Z</time></rtept><rtept lat="43.691788" lon="-110.867653"><ele>2945.9</ele><time>2025-09-22T03:40:52Z</time></rtept><rtept lat="43.691788" lon="-110.867705"><ele>2945.1</ele><time>2025-09-22T03:40:52Z</time></rtept><rtept lat="43.69172" lon="-110.867912"><ele>2944.2</ele><time>2025-09-22T03:40:52Z</time></rtept><rtept lat="43.691701" lon="-110.868037"><ele>2943.0</ele><time>2025-09-22T03:40:52Z</time></rtept><rtept lat="43.691603" lon="-110.868115"><ele>2945.1</ele><time>2025-09-22T03:40:52Z</time></rtept><rtept lat="43.691542" lon="-110.868187"><ele>2945.7</ele><time>2025-09-22T03:40:52Z</time></rtept><rtept lat="43.691615" lon="-110.868218"><ele>2943.5</ele><time>2025-09-22T03:40:52Z</time></rtept><rtept lat="43.691672" lon="-110.868297"><ele>2941.2</ele><time>2025-09-22T03:40:52Z</time></rtept><rtept lat="43.691838" lon="-110.868261"><ele>2936.5</ele><time>2025-09-22T03:40:52Z</time></rtept><rtept lat="43.691989" lon="-110.86809"><ele>2933.1</ele><time>2025-09-22T03:40:52Z</time></rtept><rtept lat="43.69204" lon="-110.867965"><ele>2933.5</ele><time>2025-09-22T03:40:52Z</time></rtept><rtept lat="43.692465" lon="-110.867931"><ele>2921.8</ele><time>2025-09-22T03:40:52Z</time></rtept><rtept lat="43.692457" lon="-110.867814"><ele>2921.0</ele><time>2025-09-22T03:40:52Z</time></rtept><rtept lat="43.692432" lon="-110.867637"><ele>2920.8</ele><time>2025-09-22T03:40:52Z</time></rtept><rtept lat="43.692385" lon="-110.867484"><ele>2923.1</ele><time>2025-09-22T03:40:52Z</time></rtept><rtept lat="43.692324" lon="-110.867244"><ele>2925.6</ele><time>2025-09-22T03:40:52Z</time></rtept><rtept lat="43.692299" lon="-110.866904"><ele>2922.7</ele><time>2025-09-22T03:40:52Z</time></rtept><rtept lat="43.692306" lon="-110.866751"><ele>2920.4</ele><time>2025-09-22T03:40:52Z</time></rtept><rtept lat="43.692349" lon="-110.866667"><ele>2915.6</ele><time>2025-09-22T03:40:52Z</time></rtept><rtept lat="43.692356" lon="-110.866549"><ele>2914.5</ele><time>2025-09-22T03:40:52Z</time></rtept><rtept lat="43.69234" lon="-110.866422"><ele>2915.3</ele><time>2025-09-22T03:40:52Z</time></rtept><rtept lat="43.692371" lon="-110.866402"><ele>2912.8</ele><time>2025-09-22T03:40:52Z</time></rtept><rtept lat="43.692431" lon="-110.866513"><ele>2908.2</ele><time>2025-09-22T03:40:52Z</time></rtept><rtept lat="43.692475" lon="-110.866648"><ele>2904.3</ele><time>2025-09-22T03:40:52Z</time></rtept><rtept lat="43.692519" lon="-110.866842"><ele>2903.1</ele><time>2025-09-22T03:40:52Z</time></rtept><rtept lat="43.692647" lon="-110.867004"><ele>2899.5</ele><time>2025-09-22T03:40:52Z</time></rtept><rtept lat="43.692711" lon="-110.867158"><ele>2899.0</ele><time>2025-09-22T03:40:52Z</time></rtept><rtept lat="43.692797" lon="-110.867265"><ele>2897.3</ele><time>2025-09-22T03:40:52Z</time></rtept><rtept lat="43.692869" lon="-110.86737"><ele>2897.0</ele><time>2025-09-22T03:40:52Z</time></rtept><rtept lat="43.692983" lon="-110.867472"><ele>2895.0</ele><time>2025-09-22T03:40:52Z</time></rtept><rtept lat="43.693335" lon="-110.867524"><ele>2883.2</ele><time>2025-09-22T03:40:52Z</time></rtept><rtept lat="43.693547" lon="-110.867551"><ele>2877.5</ele><time>2025-09-22T03:40:52Z</time></rtept><rtept lat="43.693753" lon="-110.867559"><ele>2873.2</ele><time>2025-09-22T03:40:52Z</time></rtept><rtept lat="43.693801" lon="-110.867523"><ele>2871.9</ele><time>2025-09-22T03:40:52Z</time></rtept><rtept lat="43.69379" lon="-110.867435"><ele>2870.2</ele><time>2025-09-22T03:40:52Z</time></rtept><rtept lat="43.693705" lon="-110.867294"><ele>2868.6</ele><time>2025-09-22T03:40:52Z</time></rtept><rtept lat="43.693618" lon="-110.867201"><ele>2868.2</ele><time>2025-09-22T03:40:52Z</time></rtept><rtept lat="43.693381" lon="-110.867085"><ele>2871.6</ele><time>2025-09-22T03:40:52Z</time></rtept><rtept lat="43.693497" lon="-110.867032"><ele>2866.6</ele><time>2025-09-22T03:40:52Z</time></rtept><rtept lat="43.693586" lon="-110.867062"><ele>2864.6</ele><time>2025-09-22T03:40:52Z</time></rtept><rtept lat="43.6937" lon="-110.867127"><ele>2863.9</ele><time>2025-09-22T03:40:52Z</time></rtept><rtept lat="43.693866" lon="-110.867218"><ele>2863.3</ele><time>2025-09-22T03:40:52Z</time></rtept><rtept lat="43.694007" lon="-110.867386"><ele>2860.9</ele><time>2025-09-22T03:40:52Z</time></rtept><rtept lat="43.694059" lon="-110.867465"><ele>2860.0</ele><time>2025-09-22T03:40:52Z</time></rtept><rtept lat="43.694157" lon="-110.867535"><ele>2856.5</ele><time>2025-09-22T03:40:52Z</time></rtept><rtept lat="43.694299" lon="-110.867717"><ele>2853.9</ele><time>2025-09-22T03:40:52Z</time></rtept><rtept lat="43.69432" lon="-110.867635"><ele>2850.9</ele><time>2025-09-22T03:40:52Z</time></rtept><rtept lat="43.694274" lon="-110.867506"><ele>2850.1</ele><time>2025-09-22T03:40:52Z</time></rtept><rtept lat="43.694218" lon="-110.867301"><ele>2848.7</ele><time>2025-09-22T03:40:52Z</time></rtept><rtept lat="43.69421" lon="-110.86711"><ele>2845.5</ele><time>2025-09-22T03:40:52Z</time></rtept><rtept lat="43.69415" lon="-110.86691"><ele>2843.6</ele><time>2025-09-22T03:40:52Z</time></rtept><rtept lat="43.694061" lon="-110.86669"><ele>2844.7</ele><time>2025-09-22T03:40:52Z</time></rtept><rtept lat="43.694078" lon="-110.866593"><ele>2844.3</ele><time>2025-09-22T03:40:52Z</time></rtept><rtept lat="43.694075" lon="-110.866478"><ele>2844.3</ele><time>2025-09-22T03:40:52Z</time></rtept><rtept lat="43.694074" lon="-110.86644"><ele>2844.3</ele><time>2025-09-22T03:40:52Z</time></rtept><rtept lat="43.694061" lon="-110.866264"><ele>2844.7</ele><time>2025-09-22T03:40:52Z</time></rtept><rtept lat="43.694029" lon="-110.866117"><ele>2845.5</ele><time>2025-09-22T03:40:52Z</time></rtept><rtept lat="43.693985" lon="-110.865941"><ele>2846.9</ele><time>2025-09-22T03:40:52Z</time></rtept><rtept lat="43.69397" lon="-110.865873"><ele>2847.4</ele><time>2025-09-22T03:40:52Z</time></rtept><rtept lat="43.693955" lon="-110.865594"><ele>2848.2</ele><time>2025-09-22T03:40:52Z</time></rtept><rtept lat="43.694" lon="-110.865189"><ele>2849.9</ele><time>2025-09-22T03:40:52Z</time></rtept><rtept lat="43.694057" lon="-110.865019"><ele>2850.5</ele><time>2025-09-22T03:40:52Z</time></rtept><rtept lat="43.694119" lon="-110.864899"><ele>2850.8</ele><time>2025-09-22T03:40:52Z</time></rtept><rtept lat="43.694152" lon="-110.864722"><ele>2852.3</ele><time>2025-09-22T03:40:52Z</time></rtept><rtept lat="43.694108" lon="-110.864402"><ele>2854.4</ele><time>2025-09-22T03:40:52Z</time></rtept><rtept lat="43.694076" lon="-110.864144"><ele>2853.1</ele><time>2025-09-22T03:40:52Z</time></rtept><rtept lat="43.694036" lon="-110.863906"><ele>2852.9</ele><time>2025-09-22T03:40:52Z</time></rtept><rtept lat="43.694031" lon="-110.863528"><ele>2855.2</ele><time>2025-09-22T03:40:52Z</time></rtept><rtept lat="43.693989" lon="-110.863325"><ele>2857.9</ele><time>2025-09-22T03:40:52Z</time></rtept><rtept lat="43.693887" lon="-110.86304"><ele>2863.0</ele><time>2025-09-22T03:40:52Z</time></rtept><rtept lat="43.6938" lon="-110.86267"><ele>2862.9</ele><time>2025-09-22T03:40:52Z</time></rtept><rtept lat="43.693732" lon="-110.862406"><ele>2861.9</ele><time>2025-09-22T03:40:52Z</time></rtept><rtept lat="43.693669" lon="-110.862212"><ele>2863.1</ele><time>2025-09-22T03:40:52Z</time></rtept><rtept lat="43.693552" lon="-110.861848"><ele>2866.9</ele><time>2025-09-22T03:40:52Z</time></rtept><rtept lat="43.693494" lon="-110.861569"><ele>2867.9</ele><time>2025-09-22T03:40:52Z</time></rtept><rtept lat="43.693452" lon="-110.861376"><ele>2868.1</ele><time>2025-09-22T03:40:52Z</time></rtept><rtept lat="43.693424" lon="-110.861261"><ele>2868.4</ele><time>2025-09-22T03:40:52Z</time></rtept><rtept lat="43.693422" lon="-110.861158"><ele>2868.0</ele><time>2025-09-22T03:40:52Z</time></rtept><rtept lat="43.693359" lon="-110.860918"><ele>2868.7</ele><time>2025-09-22T03:40:52Z</time></rtept><rtept lat="43.693352" lon="-110.860791"><ele>2868.5</ele><time>2025-09-22T03:40:52Z</time></rtept><rtept lat="43.693216" lon="-110.86036"><ele>2871.5</ele><time>2025-09-22T03:40:52Z</time></rtept><rtept lat="43.693174" lon="-110.860213"><ele>2872.5</ele><time>2025-09-22T03:40:52Z</time></rtept><rtept lat="43.693097" lon="-110.859943"><ele>2873.8</ele><time>2025-09-22T03:40:52Z</time></rtept><rtept lat="43.693237" lon="-110.859789"><ele>2873.3</ele><time>2025-09-22T03:40:52Z</time></rtept><rtept lat="43.693291" lon="-110.859714"><ele>2873.4</ele><time>2025-09-22T03:40:52Z</time></rtept><rtept lat="43.693346" lon="-110.8596"><ele>2874.3</ele><time>2025-09-22T03:40:52Z</time></rtept><rtept lat="43.693344" lon="-110.859417"><ele>2876.1</ele><time>2025-09-22T03:40:52Z</time></rtept><rtept lat="43.693384" lon="-110.859285"><ele>2876.9</ele><time>2025-09-22T03:40:52Z</time></rtept><rtept lat="43.693405" lon="-110.859197"><ele>2877.5</ele><time>2025-09-22T03:40:52Z</time></rtept><rtept lat="43.693401" lon="-110.859057"><ele>2878.2</ele><time>2025-09-22T03:40:52Z</time></rtept><rtept lat="43.69338" lon="-110.858961"><ele>2878.6</ele><time>2025-09-22T03:40:52Z</time></rtept><rtept lat="43.693291" lon="-110.858665"><ele>2878.9</ele><time>2025-09-22T03:40:52Z</time></rtept><rtept lat="43.693322" lon="-110.85853"><ele>2879.8</ele><time>2025-09-22T03:40:52Z</time></rtept><rtept lat="43.693419" lon="-110.858348"><ele>2882.1</ele><time>2025-09-22T03:40:52Z</time></rtept><rtept lat="43.693373" lon="-110.858269"><ele>2882.8</ele><time>2025-09-22T03:40:52Z</time></rtept><rtept lat="43.693291" lon="-110.858205"><ele>2883.2</ele><time>2025-09-22T03:40:52Z</time></rtept><rtept lat="43.693231" lon="-110.858122"><ele>2883.6</ele><time>2025-09-22T03:40:52Z</time></rtept><rtept lat="43.693228" lon="-110.857981"><ele>2884.7</ele><time>2025-09-22T03:40:52Z</time></rtept><rtept lat="43.693301" lon="-110.857925"><ele>2885.3</ele><time>2025-09-22T03:40:52Z</time></rtept><rtept lat="43.693785" lon="-110.857948"><ele>2886.1</ele><time>2025-09-22T03:40:52Z</time></rtept><rtept lat="43.693868" lon="-110.857849"><ele>2886.1</ele><time>2025-09-22T03:40:52Z</time></rtept><rtept lat="43.693949" lon="-110.857547"><ele>2886.0</ele><time>2025-09-22T03:40:52Z</time></rtept><rtept lat="43.694046" lon="-110.857388"><ele>2886.2</ele><time>2025-09-22T03:40:52Z</time></rtept><rtept lat="43.694176" lon="-110.857321"><ele>2886.6</ele><time>2025-09-22T03:40:52Z</time></rtept><rtept lat="43.694193" lon="-110.857131"><ele>2887.9</ele><time>2025-09-22T03:40:52Z</time></rtept><rtept lat="43.694227" lon="-110.856986"><ele>2889.1</ele><time>2025-09-22T03:40:52Z</time></rtept><rtept lat="43.694244" lon="-110.856828"><ele>2890.4</ele><time>2025-09-22T03:40:52Z</time></rtept><rtept lat="43.694322" lon="-110.856666"><ele>2891.4</ele><time>2025-09-22T03:40:52Z</time></rtept><rtept lat="43.694397" lon="-110.856517"><ele>2892.7</ele><time>2025-09-22T03:40:52Z</time></rtept><rtept lat="43.694399" lon="-110.856352"><ele>2894.4</ele><time>2025-09-22T03:40:52Z</time></rtept><rtept lat="43.694373" lon="-110.856199"><ele>2896.1</ele><time>2025-09-22T03:40:52Z</time></rtept><rtept lat="43.694358" lon="-110.856026"><ele>2897.6</ele><time>2025-09-22T03:40:52Z</time></rtept><rtept lat="43.694388" lon="-110.855662"><ele>2899.3</ele><time>2025-09-22T03:40:52Z</time></rtept><rtept lat="43.694371" lon="-110.855512"><ele>2899.5</ele><time>2025-09-22T03:40:52Z</time></rtept><rtept lat="43.694375" lon="-110.85536"><ele>2899.5</ele><time>2025-09-22T03:40:52Z</time></rtept><rtept lat="43.694457" lon="-110.855213"><ele>2898.6</ele><time>2025-09-22T03:40:52Z</time></rtept><rtept lat="43.694562" lon="-110.855116"><ele>2897.0</ele><time>2025-09-22T03:40:52Z</time></rtept><rtept lat="43.694649" lon="-110.854687"><ele>2896.1</ele><time>2025-09-22T03:40:52Z</time></rtept><rtept lat="43.694859" lon="-110.854305"><ele>2894.8</ele><time>2025-09-22T03:40:52Z</time></rtept><rtept lat="43.695025" lon="-110.853901"><ele>2898.9</ele><time>2025-09-22T03:40:52Z</time></rtept><rtept lat="43.695135" lon="-110.85368"><ele>2901.4</ele><time>2025-09-22T03:40:52Z</time></rtept><rtept lat="43.695124" lon="-110.853298"><ele>2904.3</ele><time>2025-09-22T03:40:52Z</time></rtept><rtept lat="43.695155" lon="-110.853151"><ele>2906.0</ele><time>2025-09-22T03:40:52Z</time></rtept><rtept lat="43.695354" lon="-110.852943"><ele>2908.2</ele><time>2025-09-22T03:40:52Z</time></rtept><rtept lat="43.695358" lon="-110.852741"><ele>2910.9</ele><time>2025-09-22T03:40:52Z</time></rtept><rtept lat="43.695358" lon="-110.852741"><ele>-1000.0</ele><time>2025-09-22T03:40:52Z</time></rtept><rtept lat="43.69536" lon="-110.852744"><ele>2910.9</ele><time>2025-09-22T03:40:52Z</time></rtept><rtept lat="43.69536" lon="-110.852744"><ele>2910.9</ele><time>2025-09-22T03:40:52Z</time></rtept><rtept lat="43.695422" lon="-110.852653"><ele>2911.5</ele><time>2025-09-22T03:40:52Z</time></rtept><rtept lat="43.695715" lon="-110.852163"><ele>2912.5</ele><time>2025-09-22T03:40:52Z</time></rtept><rtept lat="43.695867" lon="-110.851969"><ele>2912.2</ele><time>2025-09-22T03:40:52Z</time></rtept><rtept lat="43.696031" lon="-110.851954"><ele>2909.4</ele><time>2025-09-22T03:40:52Z</time></rtept><rtept lat="43.69609" lon="-110.851933"><ele>2908.5</ele><time>2025-09-22T03:40:52Z</time></rtept><rtept lat="43.69612" lon="-110.851869"><ele>2908.3</ele><time>2025-09-22T03:40:52Z</time></rtept><rtept lat="43.696241" lon="-110.851778"><ele>2905.6</ele><time>2025-09-22T03:40:52Z</time></rtept><rtept lat="43.696326" lon="-110.851757"><ele>2903.4</ele><time>2025-09-22T03:40:52Z</time></rtept><rtept lat="43.696421" lon="-110.851751"><ele>2901.4</ele><time>2025-09-22T03:40:52Z</time></rtept><rtept lat="43.696626" lon="-110.851652"><ele>2899.5</ele><time>2025-09-22T03:40:52Z</time></rtept><rtept lat="43.696767" lon="-110.851576"><ele>2899.3</ele><time>2025-09-22T03:40:52Z</time></rtept><rtept lat="43.69695" lon="-110.85159"><ele>2898.5</ele><time>2025-09-22T03:40:52Z</time></rtept><rtept lat="43.697107" lon="-110.851552"><ele>2897.7</ele><time>2025-09-22T03:40:52Z</time></rtept><rtept lat="43.697234" lon="-110.85147"><ele>2897.3</ele><time>2025-09-22T03:40:52Z</time></rtept><rtept lat="43.697471" lon="-110.851345"><ele>2896.7</ele><time>2025-09-22T03:40:52Z</time></rtept><rtept lat="43.697682" lon="-110.851169"><ele>2897.9</ele><time>2025-09-22T03:40:52Z</time></rtept><rtept lat="43.697859" lon="-110.850997"><ele>2898.3</ele><time>2025-09-22T03:40:52Z</time></rtept><rtept lat="43.698014" lon="-110.850823"><ele>2898.2</ele><time>2025-09-22T03:40:52Z</time></rtept><rtept lat="43.698098" lon="-110.850747"><ele>2898.3</ele><time>2025-09-22T03:40:52Z</time></rtept><rtept lat="43.698191" lon="-110.850698"><ele>2898.5</ele><time>2025-09-22T03:40:52Z</time></rtept><rtept lat="43.698311" lon="-110.850626"><ele>2898.7</ele><time>2025-09-22T03:40:52Z</time></rtept><rtept lat="43.698483" lon="-110.85057"><ele>2898.4</ele><time>2025-09-22T03:40:52Z</time></rtept><rtept lat="43.698543" lon="-110.85057"><ele>2898.2</ele><time>2025-09-22T03:40:52Z</time></rtept><rtept lat="43.698606" lon="-110.850592"><ele>2897.9</ele><time>2025-09-22T03:40:52Z</time></rtept><rtept lat="43.698699" lon="-110.850749"><ele>2896.7</ele><time>2025-09-22T03:40:52Z</time></rtept><rtept lat="43.698735" lon="-110.850693"><ele>2896.6</ele><time>2025-09-22T03:40:52Z</time></rtept><rtept lat="43.698841" lon="-110.850647"><ele>2896.0</ele><time>2025-09-22T03:40:52Z</time></rtept><rtept lat="43.698845" lon="-110.850649"><ele>2896.0</ele><time>2025-09-22T03:40:52Z</time></rtept><rtept lat="43.698966" lon="-110.850723"><ele>2895.5</ele><time>2025-09-22T03:40:52Z</time></rtept><rtept lat="43.699089" lon="-110.850766"><ele>2895.4</ele><time>2025-09-22T03:40:52Z</time></rtept><rtept lat="43.699182" lon="-110.850865"><ele>2895.3</ele><time>2025-09-22T03:40:52Z</time></rtept><rtept lat="43.699502" lon="-110.851544"><ele>2896.5</ele><time>2025-09-22T03:40:52Z</time></rtept><rtept lat="43.69957" lon="-110.851645"><ele>2897.0</ele><time>2025-09-22T03:40:52Z</time></rtept><rtept lat="43.699588" lon="-110.851677"><ele>2897.0</ele><time>2025-09-22T03:40:52Z</time></rtept><rtept lat="43.699604" lon="-110.851705"><ele>2897.1</ele><time>2025-09-22T03:40:52Z</time></rtept><rtept lat="43.699615" lon="-110.851724"><ele>2897.2</ele><time>2025-09-22T03:40:52Z</time></rtept><rtept lat="43.699712" lon="-110.85186"><ele>2897.5</ele><time>2025-09-22T03:40:52Z</time></rtept><rtept lat="43.699807" lon="-110.852002"><ele>2898.2</ele><time>2025-09-22T03:40:52Z</time></rtept><rtept lat="43.699894" lon="-110.852122"><ele>2898.8</ele><time>2025-09-22T03:40:52Z</time></rtept><rtept lat="43.699973" lon="-110.852169"><ele>2900.0</ele><time>2025-09-22T03:40:52Z</time></rtept><rtept lat="43.700081" lon="-110.852239"><ele>2901.1</ele><time>2025-09-22T03:40:52Z</time></rtept><rtept lat="43.700156" lon="-110.852337"><ele>2900.5</ele><time>2025-09-22T03:40:52Z</time></rtept><rtept lat="43.700233" lon="-110.852447"><ele>2899.5</ele><time>2025-09-22T03:40:52Z</time></rtept><rtept lat="43.700274" lon="-110.852462"><ele>2899.8</ele><time>2025-09-22T03:40:52Z</time></rtept><rtept lat="43.7004" lon="-110.85258"><ele>2898.0</ele><time>2025-09-22T03:40:52Z</time></rtept><rtept lat="43.700607" lon="-110.852738"><ele>2896.1</ele><time>2025-09-22T03:40:52Z</time></rtept><rtept lat="43.700697" lon="-110.852823"><ele>2896.2</ele><time>2025-09-22T03:40:52Z</time></rtept><rtept lat="43.700733" lon="-110.852814"><ele>2897.1</ele><time>2025-09-22T03:40:52Z</time></rtept><rtept lat="43.700786" lon="-110.852897"><ele>2896.2</ele><time>2025-09-22T03:40:52Z</time></rtept><rtept lat="43.70085" lon="-110.852891"><ele>2897.5</ele><time>2025-09-22T03:40:52Z</time></rtept><rtept lat="43.700843" lon="-110.852723"><ele>2901.8</ele><time>2025-09-22T03:40:52Z</time></rtept><rtept lat="43.700847" lon="-110.852562"><ele>2906.5</ele><time>2025-09-22T03:40:52Z</time></rtept><rtept lat="43.700871" lon="-110.852497"><ele>2908.8</ele><time>2025-09-22T03:40:52Z</time></rtept><rtept lat="43.700807" lon="-110.852421"><ele>2909.4</ele><time>2025-09-22T03:40:52Z</time></rtept><rtept lat="43.700776" lon="-110.852237"><ele>2913.6</ele><time>2025-09-22T03:40:52Z</time></rtept><rtept lat="43.700805" lon="-110.852074"><ele>2920.2</ele><time>2025-09-22T03:40:52Z</time></rtept><rtept lat="43.700858" lon="-110.852083"><ele>2921.2</ele><time>2025-09-22T03:40:52Z</time></rtept><rtept lat="43.700864" lon="-110.851995"><ele>2924.8</ele><time>2025-09-22T03:40:52Z</time></rtept><rtept lat="43.701026" lon="-110.852099"><ele>2925.1</ele><time>2025-09-22T03:40:52Z</time></rtept><rtept lat="43.701171" lon="-110.852232"><ele>2925.0</ele><time>2025-09-22T03:40:52Z</time></rtept><rtept lat="43.701387" lon="-110.852337"><ele>2929.0</ele><time>2025-09-22T03:40:52Z</time></rtept><rtept lat="43.701641" lon="-110.852398"><ele>2940.6</ele><time>2025-09-22T03:40:52Z</time></rtept><rtept lat="43.701783" lon="-110.852471"><ele>2943.8</ele><time>2025-09-22T03:40:52Z</time></rtept><rtept lat="43.701995" lon="-110.852639"><ele>2944.7</ele><time>2025-09-22T03:40:52Z</time></rtept><rtept lat="43.702091" lon="-110.852753"><ele>2943.9</ele><time>2025-09-22T03:40:52Z</time></rtept><rtept lat="43.702212" lon="-110.85285"><ele>2946.2</ele><time>2025-09-22T03:40:52Z</time></rtept><rtept lat="43.702157" lon="-110.852703"><ele>2949.0</ele><time>2025-09-22T03:40:52Z</time></rtept><rtept lat="43.70218" lon="-110.852662"><ele>2951.7</ele><time>2025-09-22T03:40:52Z</time></rtept><rtept lat="43.702282" lon="-110.852809"><ele>2950.3</ele><time>2025-09-22T03:40:52Z</time></rtept><rtept lat="43.702365" lon="-110.852949"><ele>2948.8</ele><time>2025-09-22T03:40:52Z</time></rtept><rtept lat="43.702431" lon="-110.852935"><ele>2951.7</ele><time>2025-09-22T03:40:52Z</time></rtept><rtept lat="43.702429" lon="-110.852864"><ele>2954.2</ele><time>2025-09-22T03:40:52Z</time></rtept><rtept lat="43.702365" lon="-110.852756"><ele>2955.5</ele><time>2025-09-22T03:40:52Z</time></rtept><rtept lat="43.702333" lon="-110.852621"><ele>2959.4</ele><time>2025-09-22T03:40:52Z</time></rtept><rtept lat="43.702384" lon="-110.852626"><ele>2961.1</ele><time>2025-09-22T03:40:52Z</time></rtept><rtept lat="43.702461" lon="-110.852714"><ele>2960.8</ele><time>2025-09-22T03:40:52Z</time></rtept><rtept lat="43.702537" lon="-110.852844"><ele>2958.8</ele><time>2025-09-22T03:40:52Z</time></rtept><rtept lat="43.702615" lon="-110.85292"><ele>2958.8</ele><time>2025-09-22T03:40:52Z</time></rtept><rtept lat="43.702657" lon="-110.852957"><ele>2959.0</ele><time>2025-09-22T03:40:52Z</time></rtept><rtept lat="43.702705" lon="-110.853013"><ele>2958.8</ele><time>2025-09-22T03:40:52Z</time></rtept><rtept lat="43.702736" lon="-110.853049"><ele>2958.7</ele><time>2025-09-22T03:40:52Z</time></rtept><rtept lat="43.702765" lon="-110.853195"><ele>2955.5</ele><time>2025-09-22T03:40:52Z</time></rtept><rtept lat="43.702838" lon="-110.853237"><ele>2957.3</ele><time>2025-09-22T03:40:52Z</time></rtept><rtept lat="43.702942" lon="-110.853243"><ele>2961.5</ele><time>2025-09-22T03:40:52Z</time></rtept><rtept lat="43.703137" lon="-110.853276"><ele>2968.6</ele><time>2025-09-22T03:40:52Z</time></rtept><rtept lat="43.703199" lon="-110.853346"><ele>2969.4</ele><time>2025-09-22T03:40:52Z</time></rtept><rtept lat="43.703265" lon="-110.85346"><ele>2969.3</ele><time>2025-09-22T03:40:52Z</time></rtept><rtept lat="43.703307" lon="-110.853601"><ele>2967.4</ele><time>2025-09-22T03:40:52Z</time></rtept><rtept lat="43.703312" lon="-110.853719"><ele>2965.8</ele><time>2025-09-22T03:40:52Z</time></rtept><rtept lat="43.703358" lon="-110.853813"><ele>2966.1</ele><time>2025-09-22T03:40:52Z</time></rtept><rtept lat="43.703454" lon="-110.853851"><ele>2969.4</ele><time>2025-09-22T03:40:52Z</time></rtept><rtept lat="43.703575" lon="-110.853772"><ele>2975.6</ele><time>2025-09-22T03:40:52Z</time></rtept><rtept lat="43.703633" lon="-110.853722"><ele>2978.7</ele><time>2025-09-22T03:40:52Z</time></rtept><rtept lat="43.703633" lon="-110.853651"><ele>2980.0</ele><time>2025-09-22T03:40:52Z</time></rtept><rtept lat="43.703579" lon="-110.853509"><ele>2980.5</ele><time>2025-09-22T03:40:52Z</time></rtept><rtept lat="43.703554" lon="-110.853366"><ele>2982.3</ele><time>2025-09-22T03:40:52Z</time></rtept><rtept lat="43.703626" lon="-110.853406"><ele>2984.1</ele><time>2025-09-22T03:40:52Z</time></rtept><rtept lat="43.703874" lon="-110.853617"><ele>-1000.0</ele><time>2025-09-22T03:40:52Z</time></rtept><rtept lat="43.703872" lon="-110.853616"><ele>2988.3</ele><time>2025-09-22T03:40:52Z</time></rtept><rtept lat="43.703919" lon="-110.853656"><ele>2988.2</ele><time>2025-09-22T03:40:52Z</time></rtept><rtept lat="43.704039" lon="-110.853883"><ele>2984.3</ele><time>2025-09-22T03:40:52Z</time></rtept><rtept lat="43.704295" lon="-110.853929"><ele>2987.0</ele><time>2025-09-22T03:40:52Z</time></rtept><rtept lat="43.704454" lon="-110.853979"><ele>2988.7</ele><time>2025-09-22T03:40:52Z</time></rtept><rtept lat="43.704623" lon="-110.854158"><ele>2990.3</ele><time>2025-09-22T03:40:52Z</time></rtept><rtept lat="43.704891" lon="-110.854402"><ele>2992.5</ele><time>2025-09-22T03:40:52Z</time></rtept><rtept lat="43.705059" lon="-110.854578"><ele>2992.6</ele><time>2025-09-22T03:40:52Z</time></rtept><rtept lat="43.705067" lon="-110.854717"><ele>2990.6</ele><time>2025-09-22T03:40:52Z</time></rtept><rtept lat="43.705142" lon="-110.854973"><ele>2987.9</ele><time>2025-09-22T03:40:52Z</time></rtept><rtept lat="43.705291" lon="-110.855246"><ele>2983.9</ele><time>2025-09-22T03:40:52Z</time></rtept><rtept lat="43.705815" lon="-110.855339"><ele>2995.9</ele><time>2025-09-22T03:40:52Z</time></rtept><rtept lat="43.70587" lon="-110.855415"><ele>2996.8</ele><time>2025-09-22T03:40:52Z</time></rtept><rtept lat="43.705895" lon="-110.855487"><ele>2997.1</ele><time>2025-09-22T03:40:52Z</time></rtept><rtept lat="43.705934" lon="-110.85556"><ele>2997.3</ele><time>2025-09-22T03:40:52Z</time></rtept><rtept lat="43.705989" lon="-110.855687"><ele>2996.6</ele><time>2025-09-22T03:40:52Z</time></rtept><rtept lat="43.706057" lon="-110.85569"><ele>2996.8</ele><time>2025-09-22T03:40:52Z</time></rtept><rtept lat="43.706126" lon="-110.855597"><ele>2997.7</ele><time>2025-09-22T03:40:52Z</time></rtept><rtept lat="43.70609" lon="-110.855503"><ele>2998.1</ele><time>2025-09-22T03:40:52Z</time></rtept><rtept lat="43.706107" lon="-110.855548"><ele>2998.0</ele><time>2025-09-22T03:40:52Z</time></rtept><rtept lat="43.70609" lon="-110.855503"><ele>2998.1</ele><time>2025-09-22T03:40:52Z</time></rtept><rtept lat="43.706126" lon="-110.855597"><ele>2997.7</ele><time>2025-09-22T03:40:52Z</time></rtept><rtept lat="43.706221" lon="-110.855631"><ele>2997.1</ele><time>2025-09-22T03:40:52Z</time></rtept><rtept lat="43.706376" lon="-110.855749"><ele>2994.6</ele><time>2025-09-22T03:40:52Z</time></rtept><rtept lat="43.706613" lon="-110.855833"><ele>2989.0</ele><time>2025-09-22T03:40:52Z</time></rtept><rtept lat="43.706824" lon="-110.855843"><ele>2986.2</ele><time>2025-09-22T03:40:52Z</time></rtept><rtept lat="43.706996" lon="-110.855751"><ele>2984.5</ele><time>2025-09-22T03:40:52Z</time></rtept><rtept lat="43.707093" lon="-110.855719"><ele>2980.9</ele><time>2025-09-22T03:40:52Z</time></rtept><rtept lat="43.707174" lon="-110.855684"><ele>2977.6</ele><time>2025-09-22T03:40:52Z</time></rtept><rtept lat="43.707163" lon="-110.855769"><ele>2978.0</ele><time>2025-09-22T03:40:52Z</time></rtept><rtept lat="43.707088" lon="-110.855913"><ele>2980.4</ele><time>2025-09-22T03:40:52Z</time></rtept><rtept lat="43.707028" lon="-110.856114"><ele>2981.1</ele><time>2025-09-22T03:40:52Z</time></rtept><rtept lat="43.707014" lon="-110.856304"><ele>2981.2</ele><time>2025-09-22T03:40:52Z</time></rtept><rtept lat="43.706957" lon="-110.85652"><ele>2980.4</ele><time>2025-09-22T03:40:52Z</time></rtept><rtept lat="43.706894" lon="-110.856654"><ele>2979.0</ele><time>2025-09-22T03:40:52Z</time></rtept><rtept lat="43.706963" lon="-110.85678"><ele>2977.2</ele><time>2025-09-22T03:40:52Z</time></rtept><rtept lat="43.707078" lon="-110.856824"><ele>2975.3</ele><time>2025-09-22T03:40:52Z</time></rtept><rtept lat="43.707197" lon="-110.856769"><ele>2974.8</ele><time>2025-09-22T03:40:52Z</time></rtept><rtept lat="43.707456" lon="-110.85677"><ele>2969.5</ele><time>2025-09-22T03:40:52Z</time></rtept><rtept lat="43.707656" lon="-110.856703"><ele>2963.5</ele><time>2025-09-22T03:40:52Z</time></rtept><rtept lat="43.707965" lon="-110.85656"><ele>2954.2</ele><time>2025-09-22T03:40:52Z</time></rtept><rtept lat="43.708118" lon="-110.856403"><ele>2954.7</ele><time>2025-09-22T03:40:52Z</time></rtept><rtept lat="43.708298" lon="-110.85631"><ele>2959.2</ele><time>2025-09-22T03:40:52Z</time></rtept><rtept lat="43.708394" lon="-110.856309"><ele>2960.2</ele><time>2025-09-22T03:40:52Z</time></rtept><rtept lat="43.708545" lon="-110.856333"><ele>2960.7</ele><time>2025-09-22T03:40:52Z</time></rtept><rtept lat="43.708687" lon="-110.856323"><ele>2960.6</ele><time>2025-09-22T03:40:52Z</time></rtept><rtept lat="43.708802" lon="-110.856318"><ele>2959.5</ele><time>2025-09-22T03:40:52Z</time></rtept><rtept lat="43.708922" lon="-110.856253"><ele>2959.4</ele><time>2025-09-22T03:40:52Z</time></rtept><rtept lat="43.708981" lon="-110.856213"><ele>2959.4</ele><time>2025-09-22T03:40:52Z</time></rtept><rtept lat="43.709177" lon="-110.856196"><ele>2956.7</ele><time>2025-09-22T03:40:52Z</time></rtept><rtept lat="43.709302" lon="-110.856303"><ele>2953.4</ele><time>2025-09-22T03:40:52Z</time></rtept><rtept lat="43.70931" lon="-110.856527"><ele>2951.0</ele><time>2025-09-22T03:40:52Z</time></rtept><rtept lat="43.709431" lon="-110.856743"><ele>2950.1</ele><time>2025-09-22T03:40:52Z</time></rtept><rtept lat="43.709621" lon="-110.856875"><ele>2945.9</ele><time>2025-09-22T03:40:52Z</time></rtept><rtept lat="43.709804" lon="-110.85697"><ele>2943.1</ele><time>2025-09-22T03:40:52Z</time></rtept><rtept lat="43.709958" lon="-110.857028"><ele>2941.6</ele><time>2025-09-22T03:40:52Z</time></rtept><rtept lat="43.710062" lon="-110.857058"><ele>2941.0</ele><time>2025-09-22T03:40:52Z</time></rtept><rtept lat="43.71024" lon="-110.857076"><ele>2940.2</ele><time>2025-09-22T03:40:52Z</time></rtept><rtept lat="43.710414" lon="-110.856981"><ele>2939.8</ele><time>2025-09-22T03:40:52Z</time></rtept><rtept lat="43.710599" lon="-110.856906"><ele>2938.9</ele><time>2025-09-22T03:40:52Z</time></rtept><rtept lat="43.71062" lon="-110.856893"><ele>-1000.0</ele><time>2025-09-22T03:40:52Z</time></rtept><rtept lat="43.71062" lon="-110.856888"><ele>2938.8</ele><time>2025-09-22T03:40:52Z</time></rtept><rtept lat="43.710858" lon="-110.856747"><ele>2938.8</ele><time>2025-09-22T03:40:52Z</time></rtept><rtept lat="43.71128" lon="-110.856533"><ele>2941.0</ele><time>2025-09-22T03:40:52Z</time></rtept><rtept lat="43.711483" lon="-110.856496"><ele>2944.1</ele><time>2025-09-22T03:40:52Z</time></rtept><rtept lat="43.711564" lon="-110.856513"><ele>2945.6</ele><time>2025-09-22T03:40:52Z</time></rtept><rtept lat="43.711668" lon="-110.856545"><ele>2947.6</ele><time>2025-09-22T03:40:52Z</time></rtept><rtept lat="43.711766" lon="-110.856576"><ele>2947.9</ele><time>2025-09-22T03:40:52Z</time></rtept><rtept lat="43.711924" lon="-110.856572"><ele>2948.3</ele><time>2025-09-22T03:40:52Z</time></rtept><rtept lat="43.712011" lon="-110.856503"><ele>2948.6</ele><time>2025-09-22T03:40:52Z</time></rtept><rtept lat="43.712153" lon="-110.856207"><ele>2950.3</ele><time>2025-09-22T03:40:52Z</time></rtept><rtept lat="43.712188" lon="-110.856055"><ele>2951.6</ele><time>2025-09-22T03:40:52Z</time></rtept><rtept lat="43.712216" lon="-110.855929"><ele>2953.0</ele><time>2025-09-22T03:40:52Z</time></rtept><rtept lat="43.712258" lon="-110.855834"><ele>2953.6</ele><time>2025-09-22T03:40:52Z</time></rtept><rtept lat="43.712452" lon="-110.855526"><ele>2953.7</ele><time>2025-09-22T03:40:52Z</time></rtept><rtept lat="43.712474" lon="-110.855495"><ele>2953.7</ele><time>2025-09-22T03:40:52Z</time></rtept><rtept lat="43.712592" lon="-110.85535"><ele>2954.8</ele><time>2025-09-22T03:40:52Z</time></rtept><rtept lat="43.712709" lon="-110.85524"><ele>2956.0</ele><time>2025-09-22T03:40:52Z</time></rtept><rtept lat="43.712775" lon="-110.855172"><ele>-1000.0</ele><time>2025-09-22T03:40:52Z</time></rtept><rtept lat="43.712776" lon="-110.855176"><ele>2956.7</ele><time>2025-09-22T03:40:52Z</time></rtept><rtept lat="43.712918" lon="-110.855029"><ele>2959.4</ele><time>2025-09-22T03:40:52Z</time></rtept><rtept lat="43.71315" lon="-110.854862"><ele>2963.4</ele><time>2025-09-22T03:40:52Z</time></rtept><rtept lat="43.713222" lon="-110.854812"><ele>2964.8</ele><time>2025-09-22T03:40:52Z</time></rtept><rtept lat="43.713254" lon="-110.854747"><ele>2965.7</ele><time>2025-09-22T03:40:52Z</time></rtept><rtept lat="43.713462" lon="-110.854592"><ele>2969.5</ele><time>2025-09-22T03:40:52Z</time></rtept><rtept lat="43.713523" lon="-110.854579"><ele>2970.6</ele><time>2025-09-22T03:40:52Z</time></rtept><rtept lat="43.713585" lon="-110.854617"><ele>2971.3</ele><time>2025-09-22T03:40:52Z</time></rtept><rtept lat="43.713671" lon="-110.854688"><ele>2971.9</ele><time>2025-09-22T03:40:52Z</time></rtept><rtept lat="43.713732" lon="-110.854738"><ele>2972.2</ele><time>2025-09-22T03:40:52Z</time></rtept><rtept lat="43.713811" lon="-110.854791"><ele>2972.7</ele><time>2025-09-22T03:40:52Z</time></rtept><rtept lat="43.713885" lon="-110.854834"><ele>2973.2</ele><time>2025-09-22T03:40:52Z</time></rtept><rtept lat="43.713954" lon="-110.854924"><ele>2973.1</ele><time>2025-09-22T03:40:52Z</time></rtept><rtept lat="43.714141" lon="-110.854924"><ele>2974.6</ele><time>2025-09-22T03:40:52Z</time></rtept><rtept lat="43.714245" lon="-110.85495"><ele>2975.7</ele><time>2025-09-22T03:40:52Z</time></rtept><rtept lat="43.714322" lon="-110.85503"><ele>2975.9</ele><time>2025-09-22T03:40:52Z</time></rtept><rtept lat="43.714359" lon="-110.855098"><ele>2975.7</ele><time>2025-09-22T03:40:52Z</time></rtept><rtept lat="43.714463" lon="-110.855119"><ele>2977.0</ele><time>2025-09-22T03:40:52Z</time></rtept><rtept lat="43.714543" lon="-110.85515"><ele>2977.6</ele><time>2025-09-22T03:40:52Z</time></rtept><rtept lat="43.714634" lon="-110.855129"><ele>2979.0</ele><time>2025-09-22T03:40:52Z</time></rtept><rtept lat="43.714709" lon="-110.855095"><ele>2980.5</ele><time>2025-09-22T03:40:52Z</time></rtept><rtept lat="43.714808" lon="-110.854914"><ele>2984.6</ele><time>2025-09-22T03:40:52Z</time></rtept><rtept lat="43.714904" lon="-110.854744"><ele>2989.2</ele><time>2025-09-22T03:40:52Z</time></rtept><rtept lat="43.715082" lon="-110.854424"><ele>2996.6</ele><time>2025-09-22T03:40:52Z</time></rtept><rtept lat="43.715174" lon="-110.854321"><ele>-1000.0</ele><time>2025-09-22T03:40:52Z</time></rtept><rtept lat="43.715176" lon="-110.85432"><ele>2998.4</ele><time>2025-09-22T03:40:52Z</time></rtept><rtept lat="43.715282" lon="-110.854202"><ele>3000.5</ele><time>2025-09-22T03:40:52Z</time></rtept><rtept lat="43.715317" lon="-110.854146"><ele>3001.4</ele><time>2025-09-22T03:40:52Z</time></rtept><rtept lat="43.715363" lon="-110.854126"><ele>3001.7</ele><time>2025-09-22T03:40:52Z</time></rtept><rtept lat="43.715395" lon="-110.854088"><ele>3002.3</ele><time>2025-09-22T03:40:52Z</time></rtept><rtept lat="43.715424" lon="-110.854012"><ele>3003.2</ele><time>2025-09-22T03:40:52Z</time></rtept><rtept lat="43.715567" lon="-110.853796"><ele>3006.8</ele><time>2025-09-22T03:40:52Z</time></rtept><rtept lat="43.715626" lon="-110.853709"><ele>3009.1</ele><time>2025-09-22T03:40:52Z</time></rtept><rtept lat="43.715678" lon="-110.853642"><ele>3010.8</ele><time>2025-09-22T03:40:52Z</time></rtept><rtept lat="43.715717" lon="-110.853481"><ele>3013.1</ele><time>2025-09-22T03:40:52Z</time></rtept><rtept lat="43.715754" lon="-110.853469"><ele>3013.7</ele><time>2025-09-22T03:40:52Z</time></rtept><rtept lat="43.715771" lon="-110.853463"><ele>3013.9</ele><time>2025-09-22T03:40:52Z</time></rtept><rtept lat="43.715821" lon="-110.853507"><ele>3014.0</ele><time>2025-09-22T03:40:52Z</time></rtept><rtept lat="43.715891" lon="-110.853663"><ele>3013.7</ele><time>2025-09-22T03:40:52Z</time></rtept><rtept lat="43.715936" lon="-110.853824"><ele>3012.8</ele><time>2025-09-22T03:40:52Z</time></rtept><rtept lat="43.715976" lon="-110.853948"><ele>3012.5</ele><time>2025-09-22T03:40:52Z</time></rtept><rtept lat="43.716072" lon="-110.854062"><ele>3014.0</ele><time>2025-09-22T03:40:52Z</time></rtept><rtept lat="43.716308" lon="-110.854075"><ele>3020.9</ele><time>2025-09-22T03:40:52Z</time></rtept><rtept lat="43.716359" lon="-110.854119"><ele>3021.8</ele><time>2025-09-22T03:40:52Z</time></rtept><rtept lat="43.716397" lon="-110.854195"><ele>3022.1</ele><time>2025-09-22T03:40:52Z</time></rtept><rtept lat="43.716411" lon="-110.854262"><ele>3022.0</ele><time>2025-09-22T03:40:52Z</time></rtept><rtept lat="43.716503" lon="-110.854448"><ele>3023.7</ele><time>2025-09-22T03:40:52Z</time></rtept><rtept lat="43.716503" lon="-110.85465"><ele>3023.9</ele><time>2025-09-22T03:40:52Z</time></rtept><rtept lat="43.716535" lon="-110.854768"><ele>3025.5</ele><time>2025-09-22T03:40:52Z</time></rtept><rtept lat="43.716568" lon="-110.854924"><ele>3027.3</ele><time>2025-09-22T03:40:52Z</time></rtept><rtept lat="43.716559" lon="-110.855032"><ele>3027.0</ele><time>2025-09-22T03:40:52Z</time></rtept><rtept lat="43.716583" lon="-110.85519"><ele>3027.3</ele><time>2025-09-22T03:40:52Z</time></rtept><rtept lat="43.716625" lon="-110.855232"><ele>3028.7</ele><time>2025-09-22T03:40:52Z</time></rtept><rtept lat="43.716958" lon="-110.855565"><ele>3040.7</ele><time>2025-09-22T03:40:52Z</time></rtept><rtept lat="43.717093" lon="-110.856273"><ele>3048.3</ele><time>2025-09-22T03:40:52Z</time></rtept><rtept lat="43.717076" lon="-110.85649"><ele>3047.0</ele><time>2025-09-22T03:40:52Z</time></rtept><rtept lat="43.716993" lon="-110.85666"><ele>3043.8</ele><time>2025-09-22T03:40:52Z</time></rtept><rtept lat="43.71709" lon="-110.856618"><ele>3047.3</ele><time>2025-09-22T03:40:52Z</time></rtept><rtept lat="43.717177" lon="-110.856577"><ele>3050.6</ele><time>2025-09-22T03:40:52Z</time></rtept><rtept lat="43.717345" lon="-110.856239"><ele>3058.4</ele><time>2025-09-22T03:40:52Z</time></rtept><rtept lat="43.71741" lon="-110.856153"><ele>3061.3</ele><time>2025-09-22T03:40:52Z</time></rtept><rtept lat="43.717475" lon="-110.856132"><ele>3063.9</ele><time>2025-09-22T03:40:52Z</time></rtept><rtept lat="43.717551" lon="-110.856147"><ele>3066.9</ele><time>2025-09-22T03:40:52Z</time></rtept><rtept lat="43.717582" lon="-110.856432"><ele>3067.0</ele><time>2025-09-22T03:40:52Z</time></rtept><rtept lat="43.717668" lon="-110.856641"><ele>3069.9</ele><time>2025-09-22T03:40:52Z</time></rtept><rtept lat="43.717719" lon="-110.856809"><ele>3071.8</ele><time>2025-09-22T03:40:52Z</time></rtept><rtept lat="43.71784" lon="-110.857211"><ele>3076.0</ele><time>2025-09-22T03:40:52Z</time></rtept><rtept lat="43.717881" lon="-110.857329"><ele>3076.9</ele><time>2025-09-22T03:40:52Z</time></rtept><rtept lat="43.717944" lon="-110.857528"><ele>3077.9</ele><time>2025-09-22T03:40:52Z</time></rtept><rtept lat="43.718033" lon="-110.857621"><ele>3080.7</ele><time>2025-09-22T03:40:52Z</time></rtept><rtept lat="43.718042" lon="-110.857847"><ele>3078.2</ele><time>2025-09-22T03:40:52Z</time></rtept><rtept lat="43.718087" lon="-110.857856"><ele>3079.9</ele><time>2025-09-22T03:40:52Z</time></rtept><rtept lat="43.718132" lon="-110.85773"><ele>3083.6</ele><time>2025-09-22T03:40:52Z</time></rtept><rtept lat="43.718167" lon="-110.857636"><ele>3086.1</ele><time>2025-09-22T03:40:52Z</time></rtept><rtept lat="43.718201" lon="-110.857793"><ele>3085.5</ele><time>2025-09-22T03:40:52Z</time></rtept><rtept lat="43.718235" lon="-110.857685"><ele>3088.3</ele><time>2025-09-22T03:40:52Z</time></rtept><rtept lat="43.718251" lon="-110.857569"><ele>3090.5</ele><time>2025-09-22T03:40:52Z</time></rtept><rtept lat="43.718288" lon="-110.857698"><ele>3090.3</ele><time>2025-09-22T03:40:52Z</time></rtept><rtept lat="43.718269" lon="-110.857852"><ele>3087.3</ele><time>2025-09-22T03:40:52Z</time></rtept><rtept lat="43.718332" lon="-110.857772"><ele>3091.0</ele><time>2025-09-22T03:40:52Z</time></rtept><rtept lat="43.718415" lon="-110.857526"><ele>3097.3</ele><time>2025-09-22T03:40:52Z</time></rtept><rtept lat="43.718435" lon="-110.857396"><ele>3099.7</ele><time>2025-09-22T03:40:52Z</time></rtept><rtept lat="43.71837" lon="-110.857322"><ele>3098.7</ele><time>2025-09-22T03:40:52Z</time></rtept><rtept lat="43.718332" lon="-110.857328"><ele>3097.4</ele><time>2025-09-22T03:40:52Z</time></rtept><rtept lat="43.718297" lon="-110.857293"><ele>3096.3</ele><time>2025-09-22T03:40:52Z</time></rtept><rtept lat="43.718247" lon="-110.857225"><ele>3094.9</ele><time>2025-09-22T03:40:52Z</time></rtept><rtept lat="43.718341" lon="-110.857231"><ele>3099.1</ele><time>2025-09-22T03:40:52Z</time></rtept><rtept lat="43.718463" lon="-110.857203"><ele>3103.1</ele><time>2025-09-22T03:40:52Z</time></rtept><rtept lat="43.718612" lon="-110.85705"><ele>3110.7</ele><time>2025-09-22T03:40:52Z</time></rtept><rtept lat="43.718723" lon="-110.856874"><ele>3116.0</ele><time>2025-09-22T03:40:52Z</time></rtept><rtept lat="43.71883" lon="-110.856752"><ele>3119.8</ele><time>2025-09-22T03:40:52Z</time></rtept><rtept lat="43.71898" lon="-110.856581"><ele>3122.9</ele><time>2025-09-22T03:40:52Z</time></rtept><rtept lat="43.719035" lon="-110.856438"><ele>3124.2</ele><time>2025-09-22T03:40:52Z</time></rtept><rtept lat="43.719081" lon="-110.856273"><ele>3126.7</ele><time>2025-09-22T03:40:52Z</time></rtept><rtept lat="43.719117" lon="-110.856082"><ele>3130.8</ele><time>2025-09-22T03:40:52Z</time></rtept><rtept lat="43.719172" lon="-110.855887"><ele>3136.7</ele><time>2025-09-22T03:40:52Z</time></rtept><rtept lat="43.719327" lon="-110.855628"><ele>3144.1</ele><time>2025-09-22T03:40:52Z</time></rtept><rtept lat="43.719416" lon="-110.855523"><ele>3147.9</ele><time>2025-09-22T03:40:52Z</time></rtept><rtept lat="43.719472" lon="-110.855491"><ele>3149.0</ele><time>2025-09-22T03:40:52Z</time></rtept><rtept lat="43.719519" lon="-110.855439"><ele>3149.8</ele><time>2025-09-22T03:40:52Z</time></rtept><rtept lat="43.719747" lon="-110.855293"><ele>3152.7</ele><time>2025-09-22T03:40:52Z</time></rtept><rtept lat="43.720061" lon="-110.855015"><ele>3157.7</ele><time>2025-09-22T03:40:52Z</time></rtept><rtept lat="43.720226" lon="-110.854956"><ele>3160.8</ele><time>2025-09-22T03:40:52Z</time></rtept><rtept lat="43.720419" lon="-110.854997"><ele>3163.1</ele><time>2025-09-22T03:40:52Z</time></rtept><rtept lat="43.720482" lon="-110.855026"><ele>3163.6</ele><time>2025-09-22T03:40:52Z</time></rtept><rtept lat="43.720584" lon="-110.855106"><ele>3164.2</ele><time>2025-09-22T03:40:52Z</time></rtept><rtept lat="43.720681" lon="-110.855081"><ele>3165.5</ele><time>2025-09-22T03:40:52Z</time></rtept><rtept lat="43.720744" lon="-110.855005"><ele>3167.0</ele><time>2025-09-22T03:40:52Z</time></rtept><rtept lat="43.72088" lon="-110.854899"><ele>3169.0</ele><time>2025-09-22T03:40:52Z</time></rtept><rtept lat="43.721011" lon="-110.854792"><ele>3170.6</ele><time>2025-09-22T03:40:52Z</time></rtept><rtept lat="43.721152" lon="-110.854647"><ele>3172.5</ele><time>2025-09-22T03:40:52Z</time></rtept><rtept lat="43.721366" lon="-110.854329"><ele>3176.1</ele><time>2025-09-22T03:40:52Z</time></rtept><rtept lat="43.721458" lon="-110.854142"><ele>3178.2</ele><time>2025-09-22T03:40:52Z</time></rtept><rtept lat="43.721584" lon="-110.854004"><ele>3180.0</ele><time>2025-09-22T03:40:52Z</time></rtept><rtept lat="43.721941" lon="-110.853662"><ele>3182.6</ele><time>2025-09-22T03:40:52Z</time></rtept><rtept lat="43.722057" lon="-110.853488"><ele>3184.3</ele><time>2025-09-22T03:40:52Z</time></rtept><rtept lat="43.72216" lon="-110.853384"><ele>3185.5</ele><time>2025-09-22T03:40:52Z</time></rtept><rtept lat="43.722209" lon="-110.853308"><ele>3186.5</ele><time>2025-09-22T03:40:52Z</time></rtept><rtept lat="43.722462" lon="-110.852948"><ele>3190.0</ele><time>2025-09-22T03:40:52Z</time></rtept><rtept lat="43.722538" lon="-110.852798"><ele>3192.0</ele><time>2025-09-22T03:40:52Z</time></rtept><rtept lat="43.722692" lon="-110.852612"><ele>3194.6</ele><time>2025-09-22T03:40:52Z</time></rtept><rtept lat="43.722845" lon="-110.852301"><ele>3197.9</ele><time>2025-09-22T03:40:52Z</time></rtept><rtept lat="43.722935" lon="-110.852175"><ele>3200.2</ele><time>2025-09-22T03:40:52Z</time></rtept><rtept lat="43.723101" lon="-110.851971"><ele>3203.4</ele><time>2025-09-22T03:40:52Z</time></rtept><rtept lat="43.72318" lon="-110.851884"><ele>3204.7</ele><time>2025-09-22T03:40:52Z</time></rtept><rtept lat="43.723272" lon="-110.851872"><ele>3205.7</ele><time>2025-09-22T03:40:52Z</time></rtept><rtept lat="43.72352" lon="-110.851876"><ele>3207.6</ele><time>2025-09-22T03:40:52Z</time></rtept><rtept lat="43.723605" lon="-110.851878"><ele>3208.2</ele><time>2025-09-22T03:40:52Z</time></rtept><rtept lat="43.723778" lon="-110.851908"><ele>3209.3</ele><time>2025-09-22T03:40:52Z</time></rtept><rtept lat="43.724043" lon="-110.851722"><ele>3210.2</ele><time>2025-09-22T03:40:52Z</time></rtept><rtept lat="43.724255" lon="-110.851528"><ele>3210.3</ele><time>2025-09-22T03:40:52Z</time></rtept><rtept lat="43.724352" lon="-110.851454"><ele>3210.3</ele><time>2025-09-22T03:40:52Z</time></rtept><rtept lat="43.724418" lon="-110.85141"><ele>3210.1</ele><time>2025-09-22T03:40:52Z</time></rtept><rtept lat="43.724622" lon="-110.851326"><ele>3209.0</ele><time>2025-09-22T03:40:52Z</time></rtept><rtept lat="43.724657" lon="-110.851297"><ele>3208.7</ele><time>2025-09-22T03:40:52Z</time></rtept><rtept lat="43.724872" lon="-110.851149"><ele>3205.7</ele><time>2025-09-22T03:40:52Z</time></rtept><rtept lat="43.725014" lon="-110.851086"><ele>3203.6</ele><time>2025-09-22T03:40:52Z</time></rtept><rtept lat="43.725175" lon="-110.851057"><ele>3201.0</ele><time>2025-09-22T03:40:52Z</time></rtept><rtept lat="43.725387" lon="-110.851071"><ele>3197.9</ele><time>2025-09-22T03:40:52Z</time></rtept><rtept lat="43.725585" lon="-110.851068"><ele>3194.9</ele><time>2025-09-22T03:40:52Z</time></rtept><rtept lat="43.72593" lon="-110.850991"><ele>3189.2</ele><time>2025-09-22T03:40:52Z</time></rtept><rtept lat="43.726225" lon="-110.850977"><ele>3186.4</ele><time>2025-09-22T03:40:52Z</time></rtept><rtept lat="43.72647" lon="-110.851005"><ele>3183.1</ele><time>2025-09-22T03:40:52Z</time></rtept><rtept lat="43.726695" lon="-110.851036"><ele>3180.1</ele><time>2025-09-22T03:40:52Z</time></rtept><rtept lat="43.7269" lon="-110.851049"><ele>3179.3</ele><time>2025-09-22T03:40:52Z</time></rtept><rtept lat="43.727148" lon="-110.851041"><ele>3177.0</ele><time>2025-09-22T03:40:52Z</time></rtept><rtept lat="43.727266" lon="-110.850992"><ele>3174.7</ele><time>2025-09-22T03:40:52Z</time></rtept><rtept lat="43.727266" lon="-110.850992"><ele>3174.7</ele><time>2025-09-22T03:40:52Z</time></rtept><rtept lat="43.727266" lon="-110.850992"><ele>3174.7</ele><time>2025-09-22T03:40:52Z</time></rtept><rtept lat="43.727289" lon="-110.850982"><ele>3174.0</ele><time>2025-09-22T03:40:52Z</time></rtept><rtept lat="43.727631" lon="-110.850875"><ele>3163.4</ele><time>2025-09-22T03:40:52Z</time></rtept><rtept lat="43.72772" lon="-110.850833"><ele>3160.1</ele><time>2025-09-22T03:40:52Z</time></rtept><rtept lat="43.727843" lon="-110.850779"><ele>3156.7</ele><time>2025-09-22T03:40:52Z</time></rtept><rtept lat="43.728142" lon="-110.850651"><ele>3153.6</ele><time>2025-09-22T03:40:52Z</time></rtept><rtept lat="43.728142" lon="-110.850651"><ele>3153.6</ele><time>2025-09-22T03:40:52Z</time></rtept><rtept lat="43.728129" lon="-110.850559"><ele>3154.2</ele><time>2025-09-22T03:40:52Z</time></rtept><rtept lat="43.727868" lon="-110.850589"><ele>3156.1</ele><time>2025-09-22T03:40:52Z</time></rtept><rtept lat="43.727728" lon="-110.850581"><ele>3157.7</ele><time>2025-09-22T03:40:52Z</time></rtept><rtept lat="43.727541" lon="-110.850415"><ele>3154.2</ele><time>2025-09-22T03:40:52Z</time></rtept><rtept lat="43.72737" lon="-110.850308"><ele>3151.6</ele><time>2025-09-22T03:40:52Z</time></rtept><rtept lat="43.727277" lon="-110.850213"><ele>3148.6</ele><time>2025-09-22T03:40:52Z</time></rtept><rtept lat="43.727199" lon="-110.850175"><ele>3147.8</ele><time>2025-09-22T03:40:52Z</time></rtept><rtept lat="43.727151" lon="-110.850137"><ele>3146.7</ele><time>2025-09-22T03:40:52Z</time></rtept><rtept lat="43.727169" lon="-110.850094"><ele>3144.7</ele><time>2025-09-22T03:40:52Z</time></rtept><rtept lat="43.727268" lon="-110.850027"><ele>3140.5</ele><time>2025-09-22T03:40:52Z</time></rtept><rtept lat="43.727416" lon="-110.85002"><ele>3138.1</ele><time>2025-09-22T03:40:52Z</time></rtept><rtept lat="43.727597" lon="-110.849986"><ele>3135.0</ele><time>2025-09-22T03:40:52Z</time></rtept><rtept lat="43.727733" lon="-110.850053"><ele>3137.8</ele><time>2025-09-22T03:40:52Z</time></rtept><rtept lat="43.727845" lon="-110.850125"><ele>3142.1</ele><time>2025-09-22T03:40:52Z</time></rtept><rtept lat="43.72799" lon="-110.850068"><ele>3141.1</ele><time>2025-09-22T03:40:52Z</time></rtept><rtept lat="43.72812" lon="-110.850024"><ele>3141.2</ele><time>2025-09-22T03:40:52Z</time></rtept><rtept lat="43.728237" lon="-110.849983"><ele>3141.3</ele><time>2025-09-22T03:40:52Z</time></rtept><rtept lat="43.728331" lon="-110.849936"><ele>3140.3</ele><time>2025-09-22T03:40:52Z</time></rtept><rtept lat="43.728438" lon="-110.849914"><ele>3140.9</ele><time>2025-09-22T03:40:52Z</time></rtept><rtept lat="43.728471" lon="-110.849918"><ele>3141.7</ele><time>2025-09-22T03:40:52Z</time></rtept><rtept lat="43.728448" lon="-110.849892"><ele>3139.9</ele><time>2025-09-22T03:40:52Z</time></rtept><rtept lat="43.728318" lon="-110.849875"><ele>3136.5</ele><time>2025-09-22T03:40:52Z</time></rtept><rtept lat="43.728231" lon="-110.849842"><ele>3133.1</ele><time>2025-09-22T03:40:52Z</time></rtept><rtept lat="43.728111" lon="-110.849796"><ele>3128.2</ele><time>2025-09-22T03:40:52Z</time></rtept><rtept lat="43.727995" lon="-110.849785"><ele>3126.3</ele><time>2025-09-22T03:40:52Z</time></rtept><rtept lat="43.727993" lon="-110.84976"><ele>3124.9</ele><time>2025-09-22T03:40:52Z</time></rtept><rtept lat="43.728078" lon="-110.849719"><ele>3123.3</ele><time>2025-09-22T03:40:52Z</time></rtept><rtept lat="43.728212" lon="-110.84965"><ele>3122.3</ele><time>2025-09-22T03:40:52Z</time></rtept><rtept lat="43.728279" lon="-110.849643"><ele>3123.1</ele><time>2025-09-22T03:40:52Z</time></rtept><rtept lat="43.728402" lon="-110.849595"><ele>3123.0</ele><time>2025-09-22T03:40:52Z</time></rtept><rtept lat="43.728549" lon="-110.849531"><ele>3122.2</ele><time>2025-09-22T03:40:52Z</time></rtept><rtept lat="43.72865" lon="-110.84949"><ele>3121.7</ele><time>2025-09-22T03:40:52Z</time></rtept><rtept lat="43.728783" lon="-110.849458"><ele>3123.0</ele><time>2025-09-22T03:40:52Z</time></rtept><rtept lat="43.728896" lon="-110.849394"><ele>3121.9</ele><time>2025-09-22T03:40:52Z</time></rtept><rtept lat="43.728974" lon="-110.849345"><ele>3119.8</ele><time>2025-09-22T03:40:52Z</time></rtept><rtept lat="43.729032" lon="-110.849289"><ele>3116.6</ele><time>2025-09-22T03:40:52Z</time></rtept><rtept lat="43.729105" lon="-110.8492"><ele>3110.4</ele><time>2025-09-22T03:40:52Z</time></rtept><rtept lat="43.729198" lon="-110.849102"><ele>3104.3</ele><time>2025-09-22T03:40:52Z</time></rtept><rtept lat="43.729316" lon="-110.848972"><ele>3097.7</ele><time>2025-09-22T03:40:52Z</time></rtept><rtept lat="43.729396" lon="-110.848929"><ele>3096.0</ele><time>2025-09-22T03:40:52Z</time></rtept><rtept lat="43.729501" lon="-110.848805"><ele>3091.5</ele><time>2025-09-22T03:40:52Z</time></rtept><rtept lat="43.729547" lon="-110.848756"><ele>3090.3</ele><time>2025-09-22T03:40:52Z</time></rtept><rtept lat="43.729565" lon="-110.848745"><ele>3090.2</ele><time>2025-09-22T03:40:52Z</time></rtept><rtept lat="43.729564" lon="-110.848727"><ele>3089.3</ele><time>2025-09-22T03:40:52Z</time></rtept><rtept lat="43.729494" lon="-110.848729"><ele>3088.1</ele><time>2025-09-22T03:40:52Z</time></rtept><rtept lat="43.729361" lon="-110.848768"><ele>3087.7</ele><time>2025-09-22T03:40:52Z</time></rtept><rtept lat="43.729317" lon="-110.848738"><ele>3085.9</ele><time>2025-09-22T03:40:52Z</time></rtept><rtept lat="43.7293" lon="-110.848762"><ele>3086.7</ele><time>2025-09-22T03:40:52Z</time></rtept><rtept lat="43.729153" lon="-110.848836"><ele>3087.8</ele><time>2025-09-22T03:40:52Z</time></rtept><rtept lat="43.728926" lon="-110.848844"><ele>3087.2</ele><time>2025-09-22T03:40:52Z</time></rtept><rtept lat="43.728833" lon="-110.848756"><ele>3082.5</ele><time>2025-09-22T03:40:52Z</time></rtept><rtept lat="43.72872" lon="-110.848696"><ele>3079.1</ele><time>2025-09-22T03:40:52Z</time></rtept><rtept lat="43.728653" lon="-110.84865"><ele>3077.2</ele><time>2025-09-22T03:40:52Z</time></rtept><rtept lat="43.728556" lon="-110.848619"><ele>3076.6</ele><time>2025-09-22T03:40:52Z</time></rtept><rtept lat="43.728387" lon="-110.848555"><ele>3076.3</ele><time>2025-09-22T03:40:52Z</time></rtept><rtept lat="43.728252" lon="-110.848469"><ele>3074.9</ele><time>2025-09-22T03:40:52Z</time></rtept><rtept lat="43.728161" lon="-110.848407"><ele>3073.6</ele><time>2025-09-22T03:40:52Z</time></rtept><rtept lat="43.728084" lon="-110.848384"><ele>3073.3</ele><time>2025-09-22T03:40:52Z</time></rtept><rtept lat="43.728001" lon="-110.848324"><ele>3071.6</ele><time>2025-09-22T03:40:52Z</time></rtept><rtept lat="43.72793" lon="-110.848302"><ele>3070.9</ele><time>2025-09-22T03:40:52Z</time></rtept><rtept lat="43.72775" lon="-110.848331"><ele>3071.4</ele><time>2025-09-22T03:40:52Z</time></rtept><rtept lat="43.727648" lon="-110.848314"><ele>3072.5</ele><time>2025-09-22T03:40:52Z</time></rtept><rtept lat="43.727647" lon="-110.848273"><ele>3071.7</ele><time>2025-09-22T03:40:52Z</time></rtept><rtept lat="43.72775" lon="-110.848203"><ele>3069.0</ele><time>2025-09-22T03:40:52Z</time></rtept><rtept lat="43.727783" lon="-110.848141"><ele>3067.5</ele><time>2025-09-22T03:40:52Z</time></rtept><rtept lat="43.727833" lon="-110.848053"><ele>3065.8</ele><time>2025-09-22T03:40:52Z</time></rtept><rtept lat="43.727887" lon="-110.847993"><ele>3064.8</ele><time>2025-09-22T03:40:52Z</time></rtept><rtept lat="43.727942" lon="-110.84792"><ele>3063.4</ele><time>2025-09-22T03:40:52Z</time></rtept><rtept lat="43.727939" lon="-110.847884"><ele>3062.8</ele><time>2025-09-22T03:40:52Z</time></rtept><rtept lat="43.727859" lon="-110.847883"><ele>3063.5</ele><time>2025-09-22T03:40:52Z</time></rtept><rtept lat="43.727797" lon="-110.847829"><ele>3063.4</ele><time>2025-09-22T03:40:52Z</time></rtept><rtept lat="43.727763" lon="-110.84777"><ele>3062.9</ele><time>2025-09-22T03:40:52Z</time></rtept><rtept lat="43.727711" lon="-110.847604"><ele>3061.3</ele><time>2025-09-22T03:40:52Z</time></rtept><rtept lat="43.727741" lon="-110.847449"><ele>3059.5</ele><time>2025-09-22T03:40:52Z</time></rtept><rtept lat="43.727874" lon="-110.847214"><ele>3055.6</ele><time>2025-09-22T03:40:52Z</time></rtept><rtept lat="43.727989" lon="-110.846938"><ele>3052.7</ele><time>2025-09-22T03:40:52Z</time></rtept><rtept lat="43.728065" lon="-110.846794"><ele>3051.5</ele><time>2025-09-22T03:40:52Z</time></rtept><rtept lat="43.728148" lon="-110.846705"><ele>3051.1</ele><time>2025-09-22T03:40:52Z</time></rtept><rtept lat="43.728266" lon="-110.846534"><ele>3051.0</ele><time>2025-09-22T03:40:52Z</time></rtept><rtept lat="43.728414" lon="-110.846356"><ele>3051.4</ele><time>2025-09-22T03:40:52Z</time></rtept><rtept lat="43.728705" lon="-110.84602"><ele>3052.2</ele><time>2025-09-22T03:40:52Z</time></rtept><rtept lat="43.728884" lon="-110.845616"><ele>3050.4</ele><time>2025-09-22T03:40:52Z</time></rtept><rtept lat="43.729014" lon="-110.845317"><ele>3047.3</ele><time>2025-09-22T03:40:52Z</time></rtept><rtept lat="43.729099" lon="-110.845102"><ele>3046.9</ele><time>2025-09-22T03:40:52Z</time></rtept><rtept lat="43.729188" lon="-110.845015"><ele>3047.1</ele><time>2025-09-22T03:40:52Z</time></rtept><rtept lat="43.729218" lon="-110.84472"><ele>3047.0</ele><time>2025-09-22T03:40:52Z</time></rtept><rtept lat="43.72929" lon="-110.844631"><ele>3047.3</ele><time>2025-09-22T03:40:52Z</time></rtept><rtept lat="43.729366" lon="-110.844537"><ele>3047.7</ele><time>2025-09-22T03:40:52Z</time></rtept><rtept lat="43.729433" lon="-110.844427"><ele>3047.9</ele><time>2025-09-22T03:40:52Z</time></rtept><rtept lat="43.72947" lon="-110.844393"><ele>3047.7</ele><time>2025-09-22T03:40:52Z</time></rtept><rtept lat="43.729515" lon="-110.844353"><ele>3047.4</ele><time>2025-09-22T03:40:52Z</time></rtept><rtept lat="43.729582" lon="-110.844155"><ele>3046.4</ele><time>2025-09-22T03:40:52Z</time></rtept><rtept lat="43.729596" lon="-110.844126"><ele>-1000.0</ele><time>2025-09-22T03:40:52Z</time></rtept><rtept lat="43.729592" lon="-110.844128"><ele>3046.3</ele><time>2025-09-22T03:40:52Z</time></rtept><rtept lat="43.729631" lon="-110.844046"><ele>3045.6</ele><time>2025-09-22T03:40:52Z</time></rtept><rtept lat="43.729798" lon="-110.843938"><ele>3044.7</ele><time>2025-09-22T03:40:52Z</time></rtept><rtept lat="43.730094" lon="-110.843528"><ele>3039.7</ele><time>2025-09-22T03:40:52Z</time></rtept><rtept lat="43.730224" lon="-110.843404"><ele>3037.0</ele><time>2025-09-22T03:40:52Z</time></rtept><rtept lat="43.730259" lon="-110.843372"><ele>3036.2</ele><time>2025-09-22T03:40:52Z</time></rtept><rtept lat="43.730383" lon="-110.84322"><ele>3034.9</ele><time>2025-09-22T03:40:52Z</time></rtept><rtept lat="43.730487" lon="-110.843175"><ele>3036.1</ele><time>2025-09-22T03:40:52Z</time></rtept><rtept lat="43.730524" lon="-110.843159"><ele>3036.4</ele><time>2025-09-22T03:40:52Z</time></rtept><rtept lat="43.730596" lon="-110.843038"><ele>3034.1</ele><time>2025-09-22T03:40:52Z</time></rtept><rtept lat="43.73077" lon="-110.842746"><ele>3030.1</ele><time>2025-09-22T03:40:52Z</time></rtept><rtept lat="43.730733" lon="-110.842683"><ele>3026.3</ele><time>2025-09-22T03:40:52Z</time></rtept><rtept lat="43.730686" lon="-110.842612"><ele>3021.7</ele><time>2025-09-22T03:40:52Z</time></rtept><rtept lat="43.730648" lon="-110.842598"><ele>3019.5</ele><time>2025-09-22T03:40:52Z</time></rtept><rtept lat="43.730597" lon="-110.842657"><ele>3019.4</ele><time>2025-09-22T03:40:52Z</time></rtept><rtept lat="43.730546" lon="-110.842683"><ele>3018.5</ele><time>2025-09-22T03:40:52Z</time></rtept><rtept lat="43.730549" lon="-110.842614"><ele>3016.1</ele><time>2025-09-22T03:40:52Z</time></rtept><rtept lat="43.730589" lon="-110.842539"><ele>3014.8</ele><time>2025-09-22T03:40:52Z</time></rtept><rtept lat="43.73055" lon="-110.842511"><ele>3012.4</ele><time>2025-09-22T03:40:52Z</time></rtept><rtept lat="43.730501" lon="-110.842569"><ele>3014.3</ele><time>2025-09-22T03:40:52Z</time></rtept><rtept lat="43.730403" lon="-110.842648"><ele>3016.5</ele><time>2025-09-22T03:40:52Z</time></rtept><rtept lat="43.730307" lon="-110.842768"><ele>3019.1</ele><time>2025-09-22T03:40:52Z</time></rtept><rtept lat="43.7303" lon="-110.842768"><ele>3019.0</ele><time>2025-09-22T03:40:52Z</time></rtept><rtept lat="43.730217" lon="-110.842771"><ele>3019.9</ele><time>2025-09-22T03:40:52Z</time></rtept><rtept lat="43.730256" lon="-110.842707"><ele>3017.6</ele><time>2025-09-22T03:40:52Z</time></rtept><rtept lat="43.730314" lon="-110.842623"><ele>3015.3</ele><time>2025-09-22T03:40:52Z</time></rtept><rtept lat="43.730391" lon="-110.842496"><ele>3011.9</ele><time>2025-09-22T03:40:52Z</time></rtept><rtept lat="43.730427" lon="-110.842436"><ele>3009.6</ele><time>2025-09-22T03:40:52Z</time></rtept><rtept lat="43.730504" lon="-110.842355"><ele>3006.4</ele><time>2025-09-22T03:40:52Z</time></rtept><rtept lat="43.730612" lon="-110.842326"><ele>3007.4</ele><time>2025-09-22T03:40:52Z</time></rtept><rtept lat="43.730681" lon="-110.842272"><ele>3008.0</ele><time>2025-09-22T03:40:52Z</time></rtept><rtept lat="43.730697" lon="-110.842248"><ele>3007.7</ele><time>2025-09-22T03:40:52Z</time></rtept><rtept lat="43.730575" lon="-110.842253"><ele>3003.0</ele><time>2025-09-22T03:40:52Z</time></rtept><rtept lat="43.730485" lon="-110.842259"><ele>3002.7</ele><time>2025-09-22T03:40:52Z</time></rtept><rtept lat="43.730483" lon="-110.84226"><ele>3002.7</ele><time>2025-09-22T03:40:52Z</time></rtept><rtept lat="43.730411" lon="-110.842276"><ele>3003.5</ele><time>2025-09-22T03:40:52Z</time></rtept><rtept lat="43.730455" lon="-110.842214"><ele>3001.1</ele><time>2025-09-22T03:40:52Z</time></rtept><rtept lat="43.730513" lon="-110.842161"><ele>2998.9</ele><time>2025-09-22T03:40:52Z</time></rtept><rtept lat="43.730526" lon="-110.84215"><ele>2998.4</ele><time>2025-09-22T03:40:52Z</time></rtept><rtept lat="43.730655" lon="-110.842024"><ele>2996.6</ele><time>2025-09-22T03:40:52Z</time></rtept><rtept lat="43.730736" lon="-110.841972"><ele>2997.1</ele><time>2025-09-22T03:40:52Z</time></rtept><rtept lat="43.730807" lon="-110.841927"><ele>2997.5</ele><time>2025-09-22T03:40:52Z</time></rtept><rtept lat="43.730768" lon="-110.841914"><ele>2995.8</ele><time>2025-09-22T03:40:52Z</time></rtept><rtept lat="43.73069" lon="-110.841964"><ele>2995.2</ele><time>2025-09-22T03:40:52Z</time></rtept><rtept lat="43.730626" lon="-110.841981"><ele>2993.8</ele><time>2025-09-22T03:40:52Z</time></rtept><rtept lat="43.730637" lon="-110.841946"><ele>2992.7</ele><time>2025-09-22T03:40:52Z</time></rtept><rtept lat="43.730879" lon="-110.841673"><ele>2990.1</ele><time>2025-09-22T03:40:52Z</time></rtept><rtept lat="43.730948" lon="-110.841561"><ele>2988.6</ele><time>2025-09-22T03:40:52Z</time></rtept><rtept lat="43.731096" lon="-110.841396"><ele>2987.7</ele><time>2025-09-22T03:40:52Z</time></rtept><rtept lat="43.731164" lon="-110.841293"><ele>2985.6</ele><time>2025-09-22T03:40:52Z</time></rtept><rtept lat="43.731265" lon="-110.84121"><ele>2985.2</ele><time>2025-09-22T03:40:52Z</time></rtept><rtept lat="43.731365" lon="-110.841133"><ele>2985.1</ele><time>2025-09-22T03:40:52Z</time></rtept><rtept lat="43.731493" lon="-110.840992"><ele>2980.2</ele><time>2025-09-22T03:40:52Z</time></rtept><rtept lat="43.73157" lon="-110.840796"><ele>2971.3</ele><time>2025-09-22T03:40:52Z</time></rtept><rtept lat="43.73162" lon="-110.840724"><ele>2969.3</ele><time>2025-09-22T03:40:52Z</time></rtept><rtept lat="43.731725" lon="-110.840623"><ele>2967.6</ele><time>2025-09-22T03:40:52Z</time></rtept><rtept lat="43.731916" lon="-110.840323"><ele>2962.1</ele><time>2025-09-22T03:40:52Z</time></rtept><rtept lat="43.731993" lon="-110.840196"><ele>2959.7</ele><time>2025-09-22T03:40:52Z</time></rtept><rtept lat="43.732037" lon="-110.840117"><ele>2958.8</ele><time>2025-09-22T03:40:52Z</time></rtept><rtept lat="43.732032" lon="-110.840016"><ele>2956.9</ele><time>2025-09-22T03:40:52Z</time></rtept><rtept lat="43.731869" lon="-110.84002"><ele>2954.3</ele><time>2025-09-22T03:40:52Z</time></rtept><rtept lat="43.731722" lon="-110.840059"><ele>2952.9</ele><time>2025-09-22T03:40:52Z</time></rtept><rtept lat="43.7315" lon="-110.840089"><ele>2952.0</ele><time>2025-09-22T03:40:52Z</time></rtept><rtept lat="43.731355" lon="-110.840077"><ele>2951.7</ele><time>2025-09-22T03:40:52Z</time></rtept><rtept lat="43.731072" lon="-110.840022"><ele>2951.7</ele><time>2025-09-22T03:40:52Z</time></rtept><rtept lat="43.730959" lon="-110.839979"><ele>2953.0</ele><time>2025-09-22T03:40:52Z</time></rtept><rtept lat="43.730851" lon="-110.839936"><ele>2953.9</ele><time>2025-09-22T03:40:52Z</time></rtept><rtept lat="43.730901" lon="-110.839733"><ele>2950.9</ele><time>2025-09-22T03:40:52Z</time></rtept><rtept lat="43.731032" lon="-110.839621"><ele>2949.2</ele><time>2025-09-22T03:40:52Z</time></rtept><rtept lat="43.731099" lon="-110.839323"><ele>2946.6</ele><time>2025-09-22T03:40:52Z</time></rtept><rtept lat="43.731111" lon="-110.839222"><ele>2945.6</ele><time>2025-09-22T03:40:52Z</time></rtept><rtept lat="43.731119" lon="-110.839107"><ele>2944.6</ele><time>2025-09-22T03:40:52Z</time></rtept><rtept lat="43.731091" lon="-110.839012"><ele>2943.6</ele><time>2025-09-22T03:40:52Z</time></rtept><rtept lat="43.731117" lon="-110.839006"><ele>2943.9</ele><time>2025-09-22T03:40:52Z</time></rtept><rtept lat="43.73113" lon="-110.839003"><ele>2943.9</ele><time>2025-09-22T03:40:52Z</time></rtept><rtept lat="43.731484" lon="-110.838466"><ele>2938.7</ele><time>2025-09-22T03:40:52Z</time></rtept><rtept lat="43.731548" lon="-110.838366"><ele>2937.4</ele><time>2025-09-22T03:40:52Z</time></rtept><rtept lat="43.731507" lon="-110.838279"><ele>2936.6</ele><time>2025-09-22T03:40:52Z</time></rtept><rtept lat="43.7315" lon="-110.838202"><ele>2936.0</ele><time>2025-09-22T03:40:52Z</time></rtept><rtept lat="43.731483" lon="-110.838026"><ele>2934.7</ele><time>2025-09-22T03:40:52Z</time></rtept><rtept lat="43.731518" lon="-110.837716"><ele>2932.1</ele><time>2025-09-22T03:40:52Z</time></rtept><rtept lat="43.731544" lon="-110.837665"><ele>2931.7</ele><time>2025-09-22T03:40:52Z</time></rtept><rtept lat="43.73171" lon="-110.83734"><ele>2930.0</ele><time>2025-09-22T03:40:52Z</time></rtept><rtept lat="43.73189" lon="-110.837144"><ele>2928.6</ele><time>2025-09-22T03:40:52Z</time></rtept><rtept lat="43.732047" lon="-110.836952"><ele>2926.5</ele><time>2025-09-22T03:40:52Z</time></rtept><rtept lat="43.732139" lon="-110.836825"><ele>2925.3</ele><time>2025-09-22T03:40:52Z</time></rtept><rtept lat="43.732294" lon="-110.836554"><ele>2922.9</ele><time>2025-09-22T03:40:52Z</time></rtept><rtept lat="43.732396" lon="-110.836318"><ele>2919.4</ele><time>2025-09-22T03:40:52Z</time></rtept><rtept lat="43.732462" lon="-110.835986"><ele>2914.7</ele><time>2025-09-22T03:40:52Z</time></rtept><rtept lat="43.732532" lon="-110.835742"><ele>2912.8</ele><time>2025-09-22T03:40:52Z</time></rtept><rtept lat="43.732725" lon="-110.835479"><ele>2911.2</ele><time>2025-09-22T03:40:52Z</time></rtept><rtept lat="43.732853" lon="-110.835321"><ele>2908.4</ele><time>2025-09-22T03:40:52Z</time></rtept><rtept lat="43.7331" lon="-110.835123"><ele>2898.9</ele><time>2025-09-22T03:40:52Z</time></rtept><rtept lat="43.733322" lon="-110.835083"><ele>2892.5</ele><time>2025-09-22T03:40:52Z</time></rtept><rtept lat="43.733406" lon="-110.835069"><ele>2889.5</ele><time>2025-09-22T03:40:52Z</time></rtept><rtept lat="43.733527" lon="-110.83508"><ele>2886.3</ele><time>2025-09-22T03:40:52Z</time></rtept><rtept lat="43.733601" lon="-110.835129"><ele>2886.3</ele><time>2025-09-22T03:40:52Z</time></rtept><rtept lat="43.733718" lon="-110.835178"><ele>2883.7</ele><time>2025-09-22T03:40:52Z</time></rtept><rtept lat="43.733763" lon="-110.835156"><ele>2880.9</ele><time>2025-09-22T03:40:52Z</time></rtept><rtept lat="43.733691" lon="-110.835056"><ele>2879.6</ele><time>2025-09-22T03:40:52Z</time></rtept><rtept lat="43.733461" lon="-110.834868"><ele>2880.1</ele><time>2025-09-22T03:40:52Z</time></rtept><rtept lat="43.733319" lon="-110.834724"><ele>2880.6</ele><time>2025-09-22T03:40:52Z</time></rtept><rtept lat="43.7333" lon="-110.834661"><ele>2879.7</ele><time>2025-09-22T03:40:52Z</time></rtept><rtept lat="43.733528" lon="-110.834704"><ele>2871.8</ele><time>2025-09-22T03:40:52Z</time></rtept><rtept lat="43.733587" lon="-110.834734"><ele>2870.4</ele><time>2025-09-22T03:40:52Z</time></rtept><rtept lat="43.733643" lon="-110.834753"><ele>2869.5</ele><time>2025-09-22T03:40:52Z</time></rtept><rtept lat="43.733747" lon="-110.834785"><ele>2868.1</ele><time>2025-09-22T03:40:52Z</time></rtept><rtept lat="43.733745" lon="-110.834726"><ele>2866.2</ele><time>2025-09-22T03:40:52Z</time></rtept><rtept lat="43.733608" lon="-110.834551"><ele>2864.2</ele><time>2025-09-22T03:40:52Z</time></rtept><rtept lat="43.733552" lon="-110.834433"><ele>2863.3</ele><time>2025-09-22T03:40:52Z</time></rtept><rtept lat="43.733995" lon="-110.834453"><ele>2854.2</ele><time>2025-09-22T03:40:52Z</time></rtept><rtept lat="43.734168" lon="-110.83449"><ele>2851.3</ele><time>2025-09-22T03:40:52Z</time></rtept><rtept lat="43.734271" lon="-110.834623"><ele>2848.9</ele><time>2025-09-22T03:40:52Z</time></rtept><rtept lat="43.734395" lon="-110.834794"><ele>2846.2</ele><time>2025-09-22T03:40:52Z</time></rtept><rtept lat="43.73453" lon="-110.835184"><ele>2846.1</ele><time>2025-09-22T03:40:52Z</time></rtept><rtept lat="43.734655" lon="-110.835435"><ele>2844.4</ele><time>2025-09-22T03:40:52Z</time></rtept><rtept lat="43.734984" lon="-110.835671"><ele>2835.7</ele><time>2025-09-22T03:40:52Z</time></rtept><rtept lat="43.735116" lon="-110.835827"><ele>2830.3</ele><time>2025-09-22T03:40:52Z</time></rtept><rtept lat="43.735209" lon="-110.836036"><ele>2826.2</ele><time>2025-09-22T03:40:52Z</time></rtept><rtept lat="43.735245" lon="-110.836429"><ele>2824.5</ele><time>2025-09-22T03:40:52Z</time></rtept><rtept lat="43.735363" lon="-110.836554"><ele>2819.9</ele><time>2025-09-22T03:40:52Z</time></rtept><rtept lat="43.735376" lon="-110.836694"><ele>2819.6</ele><time>2025-09-22T03:40:52Z</time></rtept><rtept lat="43.735388" lon="-110.8369"><ele>2820.1</ele><time>2025-09-22T03:40:52Z</time></rtept><rtept lat="43.735421" lon="-110.837104"><ele>2819.1</ele><time>2025-09-22T03:40:52Z</time></rtept><rtept lat="43.735475" lon="-110.837655"><ele>2816.7</ele><time>2025-09-22T03:40:52Z</time></rtept><rtept lat="43.735534" lon="-110.837772"><ele>2815.5</ele><time>2025-09-22T03:40:52Z</time></rtept><rtept lat="43.735582" lon="-110.837827"><ele>2814.7</ele><time>2025-09-22T03:40:52Z</time></rtept><rtept lat="43.735651" lon="-110.837924"><ele>2814.0</ele><time>2025-09-22T03:40:52Z</time></rtept><rtept lat="43.735739" lon="-110.837975"><ele>2812.9</ele><time>2025-09-22T03:40:52Z</time></rtept><rtept lat="43.73585" lon="-110.838035"><ele>2811.5</ele><time>2025-09-22T03:40:52Z</time></rtept><rtept lat="43.735934" lon="-110.838068"><ele>2809.9</ele><time>2025-09-22T03:40:52Z</time></rtept><rtept lat="43.735991" lon="-110.838095"><ele>2808.7</ele><time>2025-09-22T03:40:52Z</time></rtept><rtept lat="43.736363" lon="-110.838444"><ele>2801.0</ele><time>2025-09-22T03:40:52Z</time></rtept><rtept lat="43.736474" lon="-110.838517"><ele>2798.7</ele><time>2025-09-22T03:40:52Z</time></rtept><rtept lat="43.736581" lon="-110.838486"><ele>2796.1</ele><time>2025-09-22T03:40:52Z</time></rtept><rtept lat="43.736772" lon="-110.838292"><ele>2792.0</ele><time>2025-09-22T03:40:52Z</time></rtept><rtept lat="43.736897" lon="-110.838352"><ele>2790.8</ele><time>2025-09-22T03:40:52Z</time></rtept><rtept lat="43.736987" lon="-110.838371"><ele>2790.8</ele><time>2025-09-22T03:40:52Z</time></rtept><rtept lat="43.737083" lon="-110.838399"><ele>2791.9</ele><time>2025-09-22T03:40:52Z</time></rtept><rtept lat="43.737194" lon="-110.838408"><ele>2792.9</ele><time>2025-09-22T03:40:52Z</time></rtept><rtept lat="43.737328" lon="-110.838411"><ele>2794.0</ele><time>2025-09-22T03:40:52Z</time></rtept><rtept lat="43.737522" lon="-110.838415"><ele>2795.5</ele><time>2025-09-22T03:40:52Z</time></rtept><rtept lat="43.737712" lon="-110.838388"><ele>2794.0</ele><time>2025-09-22T03:40:52Z</time></rtept><rtept lat="43.737828" lon="-110.838353"><ele>2792.9</ele><time>2025-09-22T03:40:52Z</time></rtept><rtept lat="43.737969" lon="-110.838336"><ele>2791.7</ele><time>2025-09-22T03:40:52Z</time></rtept><rtept lat="43.73807" lon="-110.83838"><ele>2791.4</ele><time>2025-09-22T03:40:52Z</time></rtept><rtept lat="43.738159" lon="-110.838444"><ele>2791.2</ele><time>2025-09-22T03:40:52Z</time></rtept><rtept lat="43.738238" lon="-110.83849"><ele>2791.1</ele><time>2025-09-22T03:40:52Z</time></rtept><rtept lat="43.73836" lon="-110.838706"><ele>2793.1</ele><time>2025-09-22T03:40:52Z</time></rtept><rtept lat="43.738499" lon="-110.838784"><ele>2793.1</ele><time>2025-09-22T03:40:52Z</time></rtept><rtept lat="43.738588" lon="-110.838706"><ele>2790.9</ele><time>2025-09-22T03:40:52Z</time></rtept><rtept lat="43.738608" lon="-110.838564"><ele>2788.4</ele><time>2025-09-22T03:40:52Z</time></rtept><rtept lat="43.738594" lon="-110.838256"><ele>2784.4</ele><time>2025-09-22T03:40:52Z</time></rtept><rtept lat="43.738679" lon="-110.838095"><ele>2781.5</ele><time>2025-09-22T03:40:52Z</time></rtept><rtept lat="43.738953" lon="-110.838057"><ele>2777.1</ele><time>2025-09-22T03:40:52Z</time></rtept><rtept lat="43.739338" lon="-110.838309"><ele>2774.4</ele><time>2025-09-22T03:40:52Z</time></rtept><rtept lat="43.739352" lon="-110.838586"><ele>2779.8</ele><time>2025-09-22T03:40:52Z</time></rtept><rtept lat="43.739567" lon="-110.838648"><ele>2775.1</ele><time>2025-09-22T03:40:52Z</time></rtept><rtept lat="43.739737" lon="-110.838675"><ele>2770.4</ele><time>2025-09-22T03:40:52Z</time></rtept><rtept lat="43.739824" lon="-110.838715"><ele>2767.0</ele><time>2025-09-22T03:40:52Z</time></rtept><rtept lat="43.7399" lon="-110.838805"><ele>2765.4</ele><time>2025-09-22T03:40:52Z</time></rtept><rtept lat="43.740016" lon="-110.838947"><ele>2762.0</ele><time>2025-09-22T03:40:52Z</time></rtept><rtept lat="43.740095" lon="-110.839071"><ele>2757.6</ele><time>2025-09-22T03:40:52Z</time></rtept><rtept lat="43.740184" lon="-110.839189"><ele>2752.8600569600635</ele><time>2025-09-22T03:40:52Z</time></rtept><rtept lat="43.740248" lon="-110.839289"><ele>2750.3343891199006</ele><time>2025-09-22T03:40:52Z</time></rtept><rtept lat="43.74033" lon="-110.839387"><ele>2749.0612784000123</ele><time>2025-09-22T03:40:52Z</time></rtept><rtept lat="43.740457" lon="-110.839475"><ele>2748.9905119998</ele><time>2025-09-22T03:40:52Z</time></rtept><rtept lat="43.740539" lon="-110.839562"><ele>2750.242090880049</ele><time>2025-09-22T03:40:52Z</time></rtept><rtept lat="43.740692" lon="-110.839658"><ele>2746.7143308798854</ele><time>2025-09-22T03:40:52Z</time></rtept><rtept lat="43.740795" lon="-110.83972"><ele>2743.6137920000606</ele><time>2025-09-22T03:40:52Z</time></rtept><rtept lat="43.740866" lon="-110.839759"><ele>2742.119940480083</ele><time>2025-09-22T03:40:52Z</time></rtept><rtept lat="43.740947" lon="-110.839799"><ele>2741.4294057600123</ele><time>2025-09-22T03:40:52Z</time></rtept><rtept lat="43.741148" lon="-110.839837"><ele>2739.383527040086</ele><time>2025-09-22T03:40:52Z</time></rtept><rtept lat="43.741254" lon="-110.839815"><ele>2739.0145904000365</ele><time>2025-09-22T03:40:52Z</time></rtept><rtept lat="43.741362" lon="-110.839696"><ele>2736.251537920096</ele><time>2025-09-22T03:40:52Z</time></rtept><rtept lat="43.741544" lon="-110.839653"><ele>2735.394753279961</ele><time>2025-09-22T03:40:52Z</time></rtept><rtept lat="43.741683" lon="-110.839481"><ele>2732.0603857601636</ele><time>2025-09-22T03:40:52Z</time></rtept><rtept lat="43.741885" lon="-110.839353"><ele>2733.683648800094</ele><time>2025-09-22T03:40:52Z</time></rtept><rtept lat="43.742154" lon="-110.838768"><ele>2728.948485120021</ele><time>2025-09-22T03:40:52Z</time></rtept><rtept lat="43.742575" lon="-110.838478"><ele>2727.8436319999437</ele><time>2025-09-22T03:40:52Z</time></rtept><rtept lat="43.742775" lon="-110.838197"><ele>2724.041707999909</ele><time>2025-09-22T03:40:52Z</time></rtept><rtept lat="43.743002" lon="-110.838136"><ele>2725.8137651200645</ele><time>2025-09-22T03:40:52Z</time></rtept><rtept lat="43.743323" lon="-110.838092"><ele>2727.7079193600425</ele><time>2025-09-22T03:40:52Z</time></rtept><rtept lat="43.743691" lon="-110.837743"><ele>2722.6135924800274</ele><time>2025-09-22T03:40:52Z</time></rtept><rtept lat="43.744067" lon="-110.837548"><ele>2723.7875999999796</ele><time>2025-09-22T03:40:52Z</time></rtept><rtept lat="43.744115" lon="-110.837464"><ele>2722.923599999966</ele><time>2025-09-22T03:40:52Z</time></rtept><rtept lat="43.744094" lon="-110.837188"><ele>2719.24742911997</ele><time>2025-09-22T03:40:52Z</time></rtept><rtept lat="43.744278" lon="-110.836917"><ele>2721.222001920014</ele><time>2025-09-22T03:40:52Z</time></rtept><rtept lat="43.744382" lon="-110.836662"><ele>2721.7453766400313</ele><time>2025-09-22T03:40:52Z</time></rtept><rtept lat="43.744674" lon="-110.836269"><ele>2720.7514742400185</ele><time>2025-09-22T03:40:52Z</time></rtept><rtept lat="43.745099" lon="-110.835975"><ele>2721.7328000000584</ele><time>2025-09-22T03:40:52Z</time></rtept><rtept lat="43.74541" lon="-110.835673"><ele>2720.7443999999978</ele><time>2025-09-22T03:40:52Z</time></rtept><rtept lat="43.74563" lon="-110.835546"><ele>2719.9152383999435</ele><time>2025-09-22T03:40:52Z</time></rtept><rtept lat="43.745802" lon="-110.835573"><ele>2720.2441161599513</ele><time>2025-09-22T03:40:52Z</time></rtept><rtept lat="43.746091" lon="-110.8356"><ele>2722.495199999991</ele><time>2025-09-22T03:40:52Z</time></rtept><rtept lat="43.746344" lon="-110.835612"><ele>2723.651199999967</ele><time>2025-09-22T03:40:52Z</time></rtept><rtept lat="43.746613" lon="-110.835558"><ele>2723.042299840104</ele><time>2025-09-22T03:40:52Z</time></rtept><rtept lat="43.747013" lon="-110.83534"><ele>2715.817916800026</ele><time>2025-09-22T03:40:52Z</time></rtept><rtept lat="43.747094" lon="-110.835277"><ele>2714.451907520072</ele><time>2025-09-22T03:40:52Z</time></rtept><rtept lat="43.747337" lon="-110.835034"><ele>2711.4177756799168</ele><time>2025-09-22T03:40:52Z</time></rtept><rtept lat="43.747392" lon="-110.834943"><ele>2710.3387635199515</ele><time>2025-09-22T03:40:52Z</time></rtept><rtept lat="43.747277" lon="-110.834726"><ele>2708.6381638400517</ele><time>2025-09-22T03:40:52Z</time></rtept><rtept lat="43.747148" lon="-110.834517"><ele>2706.9740147200305</ele><time>2025-09-22T03:40:52Z</time></rtept><rtept lat="43.747148" lon="-110.834517"><ele>2706.9740147200305</ele><time>2025-09-22T03:40:52Z</time></rtept><rtept lat="43.74715" lon="-110.834515"><ele>2706.9239199999793</ele><time>2025-09-22T03:40:52Z</time></rtept><rtept lat="43.747091" lon="-110.834351"><ele>2704.301607520002</ele><time>2025-09-22T03:40:52Z</time></rtept><rtept lat="43.747091" lon="-110.834351"><ele>2704.301607520002</ele><time>2025-09-22T03:40:52Z</time></rtept><rtept lat="43.747092" lon="-110.834352"><ele>2704.3065164798277</ele><time>2025-09-22T03:40:52Z</time></rtept><rtept lat="43.747143" lon="-110.834306"><ele>2701.653405759903</ele><time>2025-09-22T03:40:52Z</time></rtept><rtept lat="43.747567" lon="-110.83451"><ele>2698.1943999999216</ele><time>2025-09-22T03:40:52Z</time></rtept><rtept lat="43.747804" lon="-110.83461"><ele>2694.912012799896</ele><time>2025-09-22T03:40:52Z</time></rtept><rtept lat="43.74794" lon="-110.834652"><ele>2693.663705600147</ele><time>2025-09-22T03:40:52Z</time></rtept><rtept lat="43.748063" lon="-110.834678"><ele>2691.995466559916</ele><time>2025-09-22T03:40:52Z</time></rtept><rtept lat="43.74821" lon="-110.834657"><ele>2690.609748800137</ele><time>2025-09-22T03:40:52Z</time></rtept><rtept lat="43.748242" lon="-110.834558"><ele>2688.5072134400357</ele><time>2025-09-22T03:40:52Z</time></rtept><rtept lat="43.74833" lon="-110.834496"><ele>2686.9422272000143</ele><time>2025-09-22T03:40:52Z</time></rtept><rtept lat="43.748392" lon="-110.834388"><ele>2684.5536000000316</ele><time>2025-09-22T03:40:52Z</time></rtept><rtept lat="43.748462" lon="-110.834305"><ele>2682.602399999969</ele><time>2025-09-22T03:40:52Z</time></rtept><rtept lat="43.748671" lon="-110.834256"><ele>2679.9321260799434</ele><time>2025-09-22T03:40:52Z</time></rtept><rtept lat="43.749021" lon="-110.834259"><ele>2678.6648000000214</ele><time>2025-09-22T03:40:52Z</time></rtept><rtept lat="43.749201" lon="-110.834182"><ele>2678.247645439985</ele><time>2025-09-22T03:40:52Z</time></rtept><rtept lat="43.74977" lon="-110.833789"><ele>2671.9055999999273</ele><time>2025-09-22T03:40:52Z</time></rtept><rtept lat="43.750138" lon="-110.833504"><ele>2670.673600000102</ele><time>2025-09-22T03:40:52Z</time></rtept><rtept lat="43.7502" lon="-110.833212"><ele>2665.940608000046</ele><time>2025-09-22T03:40:52Z</time></rtept><rtept lat="43.750114" lon="-110.832906"><ele>2661.6195219199576</ele><time>2025-09-22T03:40:52Z</time></rtept><rtept lat="43.750312" lon="-110.832403"><ele>2654.253999999988</ele><time>2025-09-22T03:40:52Z</time></rtept><rtept lat="43.750541" lon="-110.832155"><ele>2650.032000000003</ele><time>2025-09-22T03:40:52Z</time></rtept><rtept lat="43.750555" lon="-110.831664"><ele>2644.97883840002</ele><time>2025-09-22T03:40:52Z</time></rtept><rtept lat="43.750572" lon="-110.831394"><ele>2643.215489280004</ele><time>2025-09-22T03:40:52Z</time></rtept><rtept lat="43.750558" lon="-110.831049"><ele>2641.7851999999684</ele><time>2025-09-22T03:40:52Z</time></rtept><rtept lat="43.750617" lon="-110.830946"><ele>2641.626799999984</ele><time>2025-09-22T03:40:52Z</time></rtept><rtept lat="43.750664" lon="-110.830827"><ele>2641.358698879998</ele><time>2025-09-22T03:40:52Z</time></rtept><rtept lat="43.750759" lon="-110.830672"><ele>2640.7262220800467</ele><time>2025-09-22T03:40:52Z</time></rtept><rtept lat="43.750826" lon="-110.83058"><ele>2640.1736767999846</ele><time>2025-09-22T03:40:52Z</time></rtept><rtept lat="43.750885" lon="-110.830545"><ele>2640.667999999957</ele><time>2025-09-22T03:40:52Z</time></rtept><rtept lat="43.750912" lon="-110.83038"><ele>2639.8688000000316</ele><time>2025-09-22T03:40:52Z</time></rtept><rtept lat="43.750922" lon="-110.830221"><ele>2638.9419110400036</ele><time>2025-09-22T03:40:52Z</time></rtept><rtept lat="43.750992" lon="-110.830043"><ele>2638.474043519998</ele><time>2025-09-22T03:40:52Z</time></rtept><rtept lat="43.751051" lon="-110.829951"><ele>2638.1143459199266</ele><time>2025-09-22T03:40:52Z</time></rtept><rtept lat="43.751145" lon="-110.829796"><ele>2637.2276064000343</ele><time>2025-09-22T03:40:52Z</time></rtept><rtept lat="43.751243" lon="-110.829648"><ele>2636.4959334400965</ele><time>2025-09-22T03:40:52Z</time></rtept><rtept lat="43.75133" lon="-110.829548"><ele>2635.9881664000604</ele><time>2025-09-22T03:40:52Z</time></rtept><rtept lat="43.751453" lon="-110.829483"><ele>2636.4783999999154</ele><time>2025-09-22T03:40:52Z</time></rtept><rtept lat="43.751497" lon="-110.829414"><ele>2636.2706563200068</ele><time>2025-09-22T03:40:52Z</time></rtept><rtept lat="43.751554" lon="-110.829354"><ele>2636.594336639937</ele><time>2025-09-22T03:40:52Z</time></rtept><rtept lat="43.75177" lon="-110.828982"><ele>2637.779788799973</ele><time>2025-09-22T03:40:52Z</time></rtept><rtept lat="43.752022" lon="-110.828588"><ele>2638.3263116799326</ele><time>2025-09-22T03:40:52Z</time></rtept><rtept lat="43.752142" lon="-110.827789"><ele>2637.711199999997</ele><time>2025-09-22T03:40:52Z</time></rtept><rtept lat="43.752098" lon="-110.827502"><ele>2637.003980159991</ele><time>2025-09-22T03:40:52Z</time></rtept><rtept lat="43.752313" lon="-110.826906"><ele>2635.4443417599596</ele><time>2025-09-22T03:40:52Z</time></rtept><rtept lat="43.752478" lon="-110.826745"><ele>2633.0389311999947</ele><time>2025-09-22T03:40:52Z</time></rtept><rtept lat="43.752589" lon="-110.826611"><ele>2631.0303836799953</ele><time>2025-09-22T03:40:52Z</time></rtept><rtept lat="43.752711" lon="-110.826579"><ele>2629.685740479977</ele><time>2025-09-22T03:40:52Z</time></rtept><rtept lat="43.752777" lon="-110.826659"><ele>2629.922954560056</ele><time>2025-09-22T03:40:52Z</time></rtept><rtept lat="43.752775" lon="-110.826852"><ele>2632.021600000028</ele><time>2025-09-22T03:40:52Z</time></rtept><rtept lat="43.752831" lon="-110.826877"><ele>2631.9869590399494</ele><time>2025-09-22T03:40:52Z</time></rtept><rtept lat="43.753249" lon="-110.826687"><ele>2629.9476940800096</ele><time>2025-09-22T03:40:52Z</time></rtept><rtept lat="43.753386" lon="-110.826556"><ele>2630.961599999961</ele><time>2025-09-22T03:40:52Z</time></rtept><rtept lat="43.753514" lon="-110.826508"><ele>2632.459200000067</ele><time>2025-09-22T03:40:52Z</time></rtept><rtept lat="43.753582" lon="-110.826392"><ele>2632.6032000000105</ele><time>2025-09-22T03:40:52Z</time></rtept><rtept lat="43.753661" lon="-110.826317"><ele>2632.909280480061</ele><time>2025-09-22T03:40:52Z</time></rtept><rtept lat="43.753729" lon="-110.826167"><ele>2632.2658107199723</ele><time>2025-09-22T03:40:52Z</time></rtept><rtept lat="43.753794" lon="-110.826007"><ele>2631.0856950400603</ele><time>2025-09-22T03:40:52Z</time></rtept><rtept lat="43.754073" lon="-110.825623"><ele>2628.5279999998447</ele><time>2025-09-22T03:40:52Z</time></rtept><rtept lat="43.754398" lon="-110.825558"><ele>2629.0366713600133</ele><time>2025-09-22T03:40:52Z</time></rtept><rtept lat="43.754545" lon="-110.825454"><ele>2626.458799999948</ele><time>2025-09-22T03:40:52Z</time></rtept><rtept lat="43.754739" lon="-110.825204"><ele>2621.983957759999</ele><time>2025-09-22T03:40:52Z</time></rtept><rtept lat="43.754806" lon="-110.825012"><ele>2621.711429119994</ele><time>2025-09-22T03:40:52Z</time></rtept><rtept lat="43.754846" lon="-110.82491"><ele>2619.7547744000526</ele><time>2025-09-22T03:40:52Z</time></rtept><rtept lat="43.754915" lon="-110.824879"><ele>2618.9947063999243</ele><time>2025-09-22T03:40:52Z</time></rtept><rtept lat="43.754983" lon="-110.82488"><ele>2618.87476159987</ele><time>2025-09-22T03:40:52Z</time></rtept><rtept lat="43.755054" lon="-110.824846"><ele>2618.2279999998873</ele><time>2025-09-22T03:40:52Z</time></rtept><rtept lat="43.755143" lon="-110.82497"><ele>2620.45999999988</ele><time>2025-09-22T03:40:52Z</time></rtept><rtept lat="43.755299" lon="-110.82494"><ele>2619.903497599963</ele><time>2025-09-22T03:40:52Z</time></rtept><rtept lat="43.755498" lon="-110.824827"><ele>2617.392244159975</ele><time>2025-09-22T03:40:52Z</time></rtept><rtept lat="43.755688" lon="-110.824696"><ele>2615.2928000000693</ele><time>2025-09-22T03:40:52Z</time></rtept><rtept lat="43.755892" lon="-110.82454"><ele>2613.2528000000157</ele><time>2025-09-22T03:40:52Z</time></rtept><rtept lat="43.756205" lon="-110.824323"><ele>2612.388747200236</ele><time>2025-09-22T03:40:52Z</time></rtept><rtept lat="43.756312" lon="-110.824238"><ele>2612.725364479871</ele><time>2025-09-22T03:40:52Z</time></rtept><rtept lat="43.756379" lon="-110.824191"><ele>2613.3346371200482</ele><time>2025-09-22T03:40:52Z</time></rtept><rtept lat="43.75654" lon="-110.824061"><ele>2613.350924800037</ele><time>2025-09-22T03:40:52Z</time></rtept><rtept lat="43.756739" lon="-110.823867"><ele>2609.472400000264</ele><time>2025-09-22T03:40:52Z</time></rtept><rtept lat="43.756904" lon="-110.82362"><ele>2601.1744000001877</ele><time>2025-09-22T03:40:52Z</time></rtept><rtept lat="43.757084" lon="-110.823237"><ele>2593.0934323201172</ele><time>2025-09-22T03:40:52Z</time></rtept><rtept lat="43.757096" lon="-110.823157"><ele>2591.537546879891</ele><time>2025-09-22T03:40:52Z</time></rtept><rtept lat="43.757039" lon="-110.823224"><ele>2592.7723814399205</ele><time>2025-09-22T03:40:52Z</time></rtept><rtept lat="43.756898" lon="-110.82329"><ele>2593.3430335999965</ele><time>2025-09-22T03:40:52Z</time></rtept><rtept lat="43.756726" lon="-110.823352"><ele>2592.416138240003</ele><time>2025-09-22T03:40:52Z</time></rtept><rtept lat="43.756573" lon="-110.823411"><ele>2592.261881119806</ele><time>2025-09-22T03:40:52Z</time></rtept><rtept lat="43.756498" lon="-110.823443"><ele>2592.36412255992</ele><time>2025-09-22T03:40:52Z</time></rtept><rtept lat="43.756403" lon="-110.823456"><ele>2591.5967667197374</ele><time>2025-09-22T03:40:52Z</time></rtept><rtept lat="43.756267" lon="-110.823552"><ele>2592.1458233602702</ele><time>2025-09-22T03:40:52Z</time></rtept><rtept lat="43.756097" lon="-110.823586"><ele>2589.7008000001692</ele><time>2025-09-22T03:40:52Z</time></rtept><rtept lat="43.756017" lon="-110.823592"><ele>2588.2104000001946</ele><time>2025-09-22T03:40:52Z</time></rtept><rtept lat="43.756026" lon="-110.823538"><ele>2586.2663999999368</ele><time>2025-09-22T03:40:52Z</time></rtept><rtept lat="43.756172" lon="-110.823428"><ele>2585.208496640254</ele><time>2025-09-22T03:40:52Z</time></rtept><rtept lat="43.756266" lon="-110.823335"><ele>2583.965854399917</ele><time>2025-09-22T03:40:52Z</time></rtept><rtept lat="43.756326" lon="-110.823204"><ele>2580.7592000001805</ele><time>2025-09-22T03:40:52Z</time></rtept><rtept lat="43.756372" lon="-110.82312"><ele>2578.8944000000797</ele><time>2025-09-22T03:40:52Z</time></rtept><rtept lat="43.7564" lon="-110.823032"><ele>2576.558207999919</ele><time>2025-09-22T03:40:52Z</time></rtept><rtept lat="43.756286" lon="-110.823099"><ele>2575.9712000000404</ele><time>2025-09-22T03:40:52Z</time></rtept><rtept lat="43.756186" lon="-110.82313"><ele>2574.567200000212</ele><time>2025-09-22T03:40:52Z</time></rtept><rtept lat="43.756104" lon="-110.823115"><ele>2572.006521600059</ele><time>2025-09-22T03:40:52Z</time></rtept><rtept lat="43.756051" lon="-110.823075"><ele>2569.6028520000914</ele><time>2025-09-22T03:40:52Z</time></rtept><rtept lat="43.756053" lon="-110.82296"><ele>2567.305964799935</ele><time>2025-09-22T03:40:52Z</time></rtept><rtept lat="43.756129" lon="-110.822715"><ele>2564.0984912000595</ele><time>2025-09-22T03:40:52Z</time></rtept><rtept lat="43.756274" lon="-110.822535"><ele>2561.9505728000254</ele><time>2025-09-22T03:40:52Z</time></rtept><rtept lat="43.756378" lon="-110.822338"><ele>2557.3245843200552</ele><time>2025-09-22T03:40:52Z</time></rtept><rtept lat="43.756404" lon="-110.822104"><ele>2551.903247359933</ele><time>2025-09-22T03:40:52Z</time></rtept><rtept lat="43.756391" lon="-110.821972"><ele>2549.4967539200434</ele><time>2025-09-22T03:40:52Z</time></rtept><rtept lat="43.756347" lon="-110.821785"><ele>2548.1759184000484</ele><time>2025-09-22T03:40:52Z</time></rtept><rtept lat="43.756324" lon="-110.821721"><ele>2548.0006156799873</ele><time>2025-09-22T03:40:52Z</time></rtept><rtept lat="43.756428" lon="-110.821547"><ele>2547.168686720014</ele><time>2025-09-22T03:40:52Z</time></rtept><rtept lat="43.756501" lon="-110.821459"><ele>2546.740537279996</ele><time>2025-09-22T03:40:52Z</time></rtept><rtept lat="43.756643" lon="-110.821374"><ele>2545.2111334400524</ele><time>2025-09-22T03:40:52Z</time></rtept><rtept lat="43.756722" lon="-110.821304"><ele>2544.2959999999675</ele><time>2025-09-22T03:40:52Z</time></rtept><rtept lat="43.756805" lon="-110.821075"><ele>2542.939779999989</ele><time>2025-09-22T03:40:52Z</time></rtept><rtept lat="43.756953" lon="-110.82097"><ele>2540.7532463999405</ele><time>2025-09-22T03:40:52Z</time></rtept><rtept lat="43.757076" lon="-110.820952"><ele>2537.336878080089</ele><time>2025-09-22T03:40:52Z</time></rtept><rtept lat="43.757158" lon="-110.821032"><ele>2535.4989542400963</ele><time>2025-09-22T03:40:52Z</time></rtept><rtept lat="43.757357" lon="-110.821026"><ele>2528.5050652800446</ele><time>2025-09-22T03:40:52Z</time></rtept><rtept lat="43.75744" lon="-110.821295"><ele>2526.1809919999205</ele><time>2025-09-22T03:40:52Z</time></rtept><rtept lat="43.757524" lon="-110.821267"><ele>2523.0533753600994</ele><time>2025-09-22T03:40:52Z</time></rtept><rtept lat="43.757651" lon="-110.821186"><ele>2519.757509119915</ele><time>2025-09-22T03:40:52Z</time></rtept><rtept lat="43.757815" lon="-110.821162"><ele>2516.3306976000076</ele><time>2025-09-22T03:40:52Z</time></rtept><rtept lat="43.758011" lon="-110.821087"><ele>2514.074322720033</ele><time>2025-09-22T03:40:52Z</time></rtept><rtept lat="43.758273" lon="-110.820986"><ele>2510.730626880043</ele><time>2025-09-22T03:40:52Z</time></rtept><rtept lat="43.758622" lon="-110.820995"><ele>2508.932814399939</ele><time>2025-09-22T03:40:52Z</time></rtept><rtept lat="43.758802" lon="-110.820654"><ele>2504.2651436800384</ele><time>2025-09-22T03:40:52Z</time></rtept><rtept lat="43.758845" lon="-110.820553"><ele>2503.1793071999646</ele><time>2025-09-22T03:40:52Z</time></rtept><rtept lat="43.758855" lon="-110.820529"><ele>2503.3365264000668</ele><time>2025-09-22T03:40:52Z</time></rtept><rtept lat="43.758942" lon="-110.820536"><ele>2502.922679039986</ele><time>2025-09-22T03:40:52Z</time></rtept><rtept lat="43.759036" lon="-110.820456"><ele>2502.8075827200123</ele><time>2025-09-22T03:40:52Z</time></rtept><rtept lat="43.759373" lon="-110.820158"><ele>2501.910209279989</ele><time>2025-09-22T03:40:52Z</time></rtept><rtept lat="43.759616" lon="-110.820067"><ele>2498.9687302399766</ele><time>2025-09-22T03:40:52Z</time></rtept><rtept lat="43.759736" lon="-110.82"><ele>2496.652800000084</ele><time>2025-09-22T03:40:52Z</time></rtept><rtept lat="43.759736" lon="-110.82"><ele>2496.652800000084</ele><time>2025-09-22T03:40:52Z</time></rtept><rtept lat="43.760081" lon="-110.819968"><ele>2488.5420000000067</ele><time>2025-09-22T03:40:52Z</time></rtept><rtept lat="43.760081" lon="-110.819968"><ele>2488.5420000000067</ele><time>2025-09-22T03:40:52Z</time></rtept><rtept lat="43.76008" lon="-110.819968"><ele>2488.5599999999613</ele><time>2025-09-22T03:40:52Z</time></rtept><rtept lat="43.76008" lon="-110.819968"><ele>2488.5599999999613</ele><time>2025-09-22T03:40:52Z</time></rtept><rtept lat="43.760175" lon="-110.820146"><ele>2487.5700720000355</ele><time>2025-09-22T03:40:52Z</time></rtept><rtept lat="43.760128" lon="-110.820058"><ele>2488.0173849599846</ele><time>2025-09-22T03:40:52Z</time></rtept><rtept lat="43.760267" lon="-110.82013"><ele>2485.6801584000436</ele><time>2025-09-22T03:40:52Z</time></rtept><rtept lat="43.760389" lon="-110.820066"><ele>2484.3416649599653</ele><time>2025-09-22T03:40:52Z</time></rtept><rtept lat="43.760514" lon="-110.820033"><ele>2483.316972479993</ele><time>2025-09-22T03:40:52Z</time></rtept><rtept lat="43.760629" lon="-110.819985"><ele>2482.7213223999966</ele><time>2025-09-22T03:40:52Z</time></rtept><rtept lat="43.760682" lon="-110.819961"><ele>2482.4808899199993</ele><time>2025-09-22T03:40:52Z</time></rtept><rtept lat="43.76076" lon="-110.819959"><ele>2482.155366400002</ele><time>2025-09-22T03:40:52Z</time></rtept><rtept lat="43.760917" lon="-110.819851"><ele>2480.839272640005</ele><time>2025-09-22T03:40:52Z</time></rtept><rtept lat="43.761111" lon="-110.819778"><ele>2478.6034393599975</ele><time>2025-09-22T03:40:52Z</time></rtept><rtept lat="43.761254" lon="-110.819793"><ele>2476.9689382400484</ele><time>2025-09-22T03:40:52Z</time></rtept><rtept lat="43.761355" lon="-110.819771"><ele>2475.323153600026</ele><time>2025-09-22T03:40:52Z</time></rtept><rtept lat="43.761649" lon="-110.819809"><ele>2473.981731360147</ele><time>2025-09-22T03:40:52Z</time></rtept><rtept lat="43.762127" lon="-110.819581"><ele>2469.828640959998</ele><time>2025-09-22T03:40:52Z</time></rtept><rtept lat="43.762319" lon="-110.819444"><ele>2466.9059148800798</ele><time>2025-09-22T03:40:52Z</time></rtept><rtept lat="43.762432" lon="-110.819517"><ele>2465.3217747201143</ele><time>2025-09-22T03:40:52Z</time></rtept><rtept lat="43.762639" lon="-110.819473"><ele>2462.4104000000298</ele><time>2025-09-22T03:40:52Z</time></rtept><rtept lat="43.762798" lon="-110.819558"><ele>2462.6219212800124</ele><time>2025-09-22T03:40:52Z</time></rtept><rtept lat="43.763036" lon="-110.819502"><ele>2461.28442624</ele><time>2025-09-22T03:40:52Z</time></rtept><rtept lat="43.763326" lon="-110.819378"><ele>2459.5510297600067</ele><time>2025-09-22T03:40:52Z</time></rtept><rtept lat="43.763641" lon="-110.819361"><ele>2458.3922308800215</ele><time>2025-09-22T03:40:52Z</time></rtept><rtept lat="43.76386" lon="-110.819349"><ele>2456.4316032000906</ele><time>2025-09-22T03:40:52Z</time></rtept><rtept lat="43.764027" lon="-110.819287"><ele>2454.2624000001047</ele><time>2025-09-22T03:40:52Z</time></rtept><rtept lat="43.764247" lon="-110.819163"><ele>2450.7752000000537</ele><time>2025-09-22T03:40:52Z</time></rtept><rtept lat="43.764382" lon="-110.818964"><ele>2447.218399999825</ele><time>2025-09-22T03:40:52Z</time></rtept><rtept lat="43.764514" lon="-110.818617"><ele>2437.430583040094</ele><time>2025-09-22T03:40:52Z</time></rtept><rtept lat="43.764567" lon="-110.818524"><ele>2433.9547206398565</ele><time>2025-09-22T03:40:52Z</time></rtept><rtept lat="43.76463" lon="-110.818378"><ele>2428.7187711998013</ele><time>2025-09-22T03:40:52Z</time></rtept><rtept lat="43.764682" lon="-110.818293"><ele>2426.1346249599005</ele><time>2025-09-22T03:40:52Z</time></rtept><rtept lat="43.764723" lon="-110.818257"><ele>2425.2535388800893</ele><time>2025-09-22T03:40:52Z</time></rtept><rtept lat="43.764827" lon="-110.818287"><ele>2426.4578339199293</ele><time>2025-09-22T03:40:52Z</time></rtept><rtept lat="43.76489" lon="-110.818312"><ele>2427.3247744001883</ele><time>2025-09-22T03:40:52Z</time></rtept><rtept lat="43.764923" lon="-110.818302"><ele>2427.035063680087</ele><time>2025-09-22T03:40:52Z</time></rtept><rtept lat="43.764888" lon="-110.818212"><ele>2424.1533644800797</ele><time>2025-09-22T03:40:52Z</time></rtept><rtept lat="43.764819" lon="-110.818091"><ele>2419.883888319865</ele><time>2025-09-22T03:40:52Z</time></rtept><rtept lat="43.76472" lon="-110.817958"><ele>2416.225190400054</ele><time>2025-09-22T03:40:52Z</time></rtept><rtept lat="43.764675" lon="-110.817934"><ele>2415.39760799986</ele><time>2025-09-22T03:40:52Z</time></rtept><rtept lat="43.764603" lon="-110.81797"><ele>2415.469406400058</ele><time>2025-09-22T03:40:52Z</time></rtept><rtept lat="43.764417" lon="-110.81809"><ele>2417.2147999999283</ele><time>2025-09-22T03:40:52Z</time></rtept><rtept lat="43.764332" lon="-110.818153"><ele>2419.561999999835</ele><time>2025-09-22T03:40:52Z</time></rtept><rtept lat="43.764183" lon="-110.81809"><ele>2418.0571999999247</ele><time>2025-09-22T03:40:52Z</time></rtept><rtept lat="43.764099" lon="-110.818004"><ele>2417.380424320001</ele><time>2025-09-22T03:40:52Z</time></rtept><rtept lat="43.76426" lon="-110.818009"><ele>2415.7696864000673</ele><time>2025-09-22T03:40:52Z</time></rtept><rtept lat="43.764475" lon="-110.817726"><ele>2409.584399999875</ele><time>2025-09-22T03:40:52Z</time></rtept><rtept lat="43.764507" lon="-110.817613"><ele>2408.302799999939</ele><time>2025-09-22T03:40:52Z</time></rtept><rtept lat="43.764502" lon="-110.817389"><ele>2405.50559712006</ele><time>2025-09-22T03:40:52Z</time></rtept><rtept lat="43.764508" lon="-110.81701"><ele>2402.212396799962</ele><time>2025-09-22T03:40:52Z</time></rtept><rtept lat="43.764513" lon="-110.816912"><ele>2401.3308524800364</ele><time>2025-09-22T03:40:52Z</time></rtept><rtept lat="43.764466" lon="-110.816593"><ele>2396.8575999999593</ele><time>2025-09-22T03:40:52Z</time></rtept><rtept lat="43.764565" lon="-110.816313"><ele>2396.896799999933</ele><time>2025-09-22T03:40:52Z</time></rtept><rtept lat="43.764508" lon="-110.815895"><ele>2393.6539743999792</ele><time>2025-09-22T03:40:52Z</time></rtept><rtept lat="43.764559" lon="-110.815511"><ele>2389.010651039988</ele><time>2025-09-22T03:40:52Z</time></rtept><rtept lat="43.764551" lon="-110.815174"><ele>2387.0199999999727</ele><time>2025-09-22T03:40:52Z</time></rtept><rtept lat="43.764482" lon="-110.81498"><ele>2385.1361344000443</ele><time>2025-09-22T03:40:52Z</time></rtept><rtept lat="43.764539" lon="-110.814532"><ele>2381.733694079992</ele><time>2025-09-22T03:40:52Z</time></rtept><rtept lat="43.7645" lon="-110.814406"><ele>2379.7356800000775</ele><time>2025-09-22T03:40:52Z</time></rtept><rtept lat="43.764509" lon="-110.814262"><ele>2377.3334403199588</ele><time>2025-09-22T03:40:52Z</time></rtept><rtept lat="43.764511" lon="-110.814158"><ele>2375.594000000076</ele><time>2025-09-22T03:40:52Z</time></rtept><rtept lat="43.764548" lon="-110.814049"><ele>2374.4239999999345</ele><time>2025-09-22T03:40:52Z</time></rtept><rtept lat="43.764558" lon="-110.813965"><ele>2373.322399999953</ele><time>2025-09-22T03:40:52Z</time></rtept><rtept lat="43.764507" lon="-110.813836"><ele>2371.1472780799704</ele><time>2025-09-22T03:40:52Z</time></rtept><rtept lat="43.764479" lon="-110.813344"><ele>2366.6940230400305</ele><time>2025-09-22T03:40:52Z</time></rtept><rtept lat="43.764524" lon="-110.813152"><ele>2367.245038080026</ele><time>2025-09-22T03:40:52Z</time></rtept><rtept lat="43.764435" lon="-110.813022"><ele>2366.2825856000077</ele><time>2025-09-22T03:40:52Z</time></rtept><rtept lat="43.764407" lon="-110.812876"><ele>2367.146130560012</ele><time>2025-09-22T03:40:52Z</time></rtept><rtept lat="43.76433" lon="-110.8125"><ele>2370.2359999999885</ele><time>2025-09-22T03:40:52Z</time></rtept><rtept lat="43.764462" lon="-110.811937"><ele>2368.264093760035</ele><time>2025-09-22T03:40:52Z</time></rtept><rtept lat="43.764539" lon="-110.81162"><ele>2367.702838400021</ele><time>2025-09-22T03:40:52Z</time></rtept><rtept lat="43.764589" lon="-110.811191"><ele>2365.1363999999644</ele><time>2025-09-22T03:40:52Z</time></rtept><rtept lat="43.764841" lon="-110.810939"><ele>2366.7361409599766</ele><time>2025-09-22T03:40:52Z</time></rtept><rtept lat="43.765093" lon="-110.810367"><ele>2369.455937760004</ele><time>2025-09-22T03:40:52Z</time></rtept><rtept lat="43.76523" lon="-110.810015"><ele>2369.7100000000437</ele><time>2025-09-22T03:40:52Z</time></rtept><rtept lat="43.765227" lon="-110.809778"><ele>2367.0907062399656</ele><time>2025-09-22T03:40:52Z</time></rtept><rtept lat="43.765216" lon="-110.809383"><ele>2362.717194880012</ele><time>2025-09-22T03:40:52Z</time></rtept><rtept lat="43.7652" lon="-110.809011"><ele>2361.877312000009</ele><time>2025-09-22T03:40:52Z</time></rtept><rtept lat="43.76512" lon="-110.808418"><ele>2362.596326400036</ele><time>2025-09-22T03:40:52Z</time></rtept><rtept lat="43.764899" lon="-110.807822"><ele>2363.06799999998</ele><time>2025-09-22T03:40:52Z</time></rtept><rtept lat="43.764645" lon="-110.806987"><ele>2363.469599999998</ele><time>2025-09-22T03:40:52Z</time></rtept><rtept lat="43.76457" lon="-110.806506"><ele>2361.585599999972</ele><time>2025-09-22T03:40:52Z</time></rtept><rtept lat="43.76454" lon="-110.806161"><ele>2361.202147199936</ele><time>2025-09-22T03:40:52Z</time></rtept><rtept lat="43.764525" lon="-110.805931"><ele>2362.917163999977</ele><time>2025-09-22T03:40:52Z</time></rtept><rtept lat="43.764527" lon="-110.805711"><ele>2364.379739359997</ele><time>2025-09-22T03:40:52Z</time></rtept><rtept lat="43.764473" lon="-110.80549"><ele>2364.764000000022</ele><time>2025-09-22T03:40:52Z</time></rtept><rtept lat="43.764463" lon="-110.805469"><ele>2364.688400000008</ele><time>2025-09-22T03:40:52Z</time></rtept><rtept lat="43.764412" lon="-110.805263"><ele>2363.2501862399617</ele><time>2025-09-22T03:40:52Z</time></rtept><rtept lat="43.764363" lon="-110.80506"><ele>2359.9521312000325</ele><time>2025-09-22T03:40:52Z</time></rtept><rtept lat="43.764361" lon="-110.804823"><ele>2357.0945851200113</ele><time>2025-09-22T03:40:52Z</time></rtept><rtept lat="43.764351" lon="-110.804201"><ele>2352.8923999999893</ele><time>2025-09-22T03:40:52Z</time></rtept><rtept lat="43.764472" lon="-110.803556"><ele>2350.1787187199448</ele><time>2025-09-22T03:40:52Z</time></rtept><rtept lat="43.764482" lon="-110.803113"><ele>2347.1532000000097</ele><time>2025-09-22T03:40:52Z</time></rtept><rtept lat="43.764612" lon="-110.802405"><ele>2350.347999999937</ele><time>2025-09-22T03:40:52Z</time></rtept><rtept lat="43.764608" lon="-110.802014"><ele>2347.8301644801013</ele><time>2025-09-22T03:40:52Z</time></rtept><rtept lat="43.764589" lon="-110.801242"><ele>2340.5720249600226</ele><time>2025-09-22T03:40:52Z</time></rtept><rtept lat="43.764532" lon="-110.800718"><ele>2338.260800000038</ele><time>2025-09-22T03:40:52Z</time></rtept><rtept lat="43.764477" lon="-110.800186"><ele>2338.0335999999998</ele><time>2025-09-22T03:40:52Z</time></rtept><rtept lat="43.764481" lon="-110.799943"><ele>2339.0218043200816</ele><time>2025-09-22T03:40:52Z</time></rtept><rtept lat="43.76445" lon="-110.799497"><ele>2339.9670159998955</ele><time>2025-09-22T03:40:52Z</time></rtept><rtept lat="43.764461" lon="-110.799114"><ele>2340.227599999938</ele><time>2025-09-22T03:40:52Z</time></rtept><rtept lat="43.764368" lon="-110.798996"><ele>2338.1786828799663</ele><time>2025-09-22T03:40:52Z</time></rtept><rtept lat="43.764411" lon="-110.798734"><ele>2337.960800000023</ele><time>2025-09-22T03:40:52Z</time></rtept><rtept lat="43.764432" lon="-110.798491"><ele>2336.5429715199753</ele><time>2025-09-22T03:40:52Z</time></rtept><rtept lat="43.764465" lon="-110.7983"><ele>2335.066239999999</ele><time>2025-09-22T03:40:52Z</time></rtept><rtept lat="43.764472" lon="-110.798117"><ele>2333.104286080022</ele><time>2025-09-22T03:40:52Z</time></rtept><rtept lat="43.764536" lon="-110.797916"><ele>2332.3136</ele><time>2025-09-22T03:40:52Z</time></rtept><rtept lat="43.76464" lon="-110.797462"><ele>2333.3451072000244</ele><time>2025-09-22T03:40:52Z</time></rtept><rtept lat="43.764648" lon="-110.797252"><ele>2334.745443840013</ele><time>2025-09-22T03:40:52Z</time></rtept><rtept lat="43.764659" lon="-110.796823"><ele>2336.5268000000124</ele><time>2025-09-22T03:40:52Z</time></rtept><rtept lat="43.764623" lon="-110.796399"><ele>2335.607599999982</ele><time>2025-09-22T03:40:52Z</time></rtept><rtept lat="43.764564" lon="-110.795864"><ele>2331.5883161599722</ele><time>2025-09-22T03:40:52Z</time></rtept><rtept lat="43.764402" lon="-110.794463"><ele>2329.847199999989</ele><time>2025-09-22T03:40:52Z</time></rtept><rtept lat="43.764319" lon="-110.793733"><ele>2328.843362080009</ele><time>2025-09-22T03:40:52Z</time></rtept><rtept lat="43.764264" lon="-110.792986"><ele>2326.138940159968</ele><time>2025-09-22T03:40:52Z</time></rtept><rtept lat="43.76425" lon="-110.792835"><ele>2326.138199999963</ele><time>2025-09-22T03:40:52Z</time></rtept><rtept lat="43.764227" lon="-110.792632"><ele>2325.4579865599644</ele><time>2025-09-22T03:40:52Z</time></rtept><rtept lat="43.76422" lon="-110.792354"><ele>2324.2115456000547</ele><time>2025-09-22T03:40:52Z</time></rtept><rtept lat="43.764203" lon="-110.792172"><ele>2322.8656000000346</ele><time>2025-09-22T03:40:52Z</time></rtept><rtept lat="43.764181" lon="-110.791973"><ele>2321.515600000015</ele><time>2025-09-22T03:40:52Z</time></rtept><rtept lat="43.764178" lon="-110.791598"><ele>2320.109914240013</ele><time>2025-09-22T03:40:52Z</time></rtept><rtept lat="43.764166" lon="-110.791426"><ele>2319.1308793600165</ele><time>2025-09-22T03:40:52Z</time></rtept><rtept lat="43.764166" lon="-110.791111"><ele>2318.997999040008</ele><time>2025-09-22T03:40:52Z</time></rtept><rtept lat="43.764147" lon="-110.790812"><ele>2319.929762560001</ele><time>2025-09-22T03:40:52Z</time></rtept><rtept lat="43.764154" lon="-110.790577"><ele>2320.78952031998</ele><time>2025-09-22T03:40:52Z</time></rtept><rtept lat="43.7642" lon="-110.789965"><ele>2321.4891200000307</ele><time>2025-09-22T03:40:52Z</time></rtept><rtept lat="43.764257" lon="-110.789796"><ele>2322.130426880001</ele><time>2025-09-22T03:40:52Z</time></rtept><rtept lat="43.76428" lon="-110.789521"><ele>2321.723599999962</ele><time>2025-09-22T03:40:52Z</time></rtept><rtept lat="43.764255" lon="-110.789154"><ele>2320.6812</ele><time>2025-09-22T03:40:52Z</time></rtept><rtept lat="43.764255" lon="-110.789154"><ele>2320.6812</ele><time>2025-09-22T03:40:52Z</time></rtept><rtept lat="43.764231" lon="-110.788831"><ele>2322.6230654400283</ele><time>2025-09-22T03:40:52Z</time></rtept><rtept lat="43.764232" lon="-110.788832"><ele>2322.6337689600014</ele><time>2025-09-22T03:40:52Z</time></rtept><rtept lat="43.764217" lon="-110.788634"><ele>2323.9074691200312</ele><time>2025-09-22T03:40:52Z</time></rtept><rtept lat="43.764163" lon="-110.788483"><ele>2322.9472000000496</ele><time>2025-09-22T03:40:52Z</time></rtept><rtept lat="43.764108" lon="-110.788113"><ele>2321.9876761600003</ele><time>2025-09-22T03:40:52Z</time></rtept><rtept lat="43.76392" lon="-110.787682"><ele>2320.2882175999475</ele><time>2025-09-22T03:40:52Z</time></rtept><rtept lat="43.763853" lon="-110.787338"><ele>2319.7707999999725</ele><time>2025-09-22T03:40:52Z</time></rtept><rtept lat="43.763813" lon="-110.787188"><ele>2318.1748582399878</ele><time>2025-09-22T03:40:52Z</time></rtept><rtept lat="43.763798" lon="-110.786974"><ele>2315.0819859200296</ele><time>2025-09-22T03:40:52Z</time></rtept><rtept lat="43.763821" lon="-110.786359"><ele>2310.86610256002</ele><time>2025-09-22T03:40:52Z</time></rtept><rtept lat="43.763922" lon="-110.785886"><ele>2308.6703987200754</ele><time>2025-09-22T03:40:52Z</time></rtept><rtept lat="43.763931" lon="-110.785568"><ele>2309.471199999991</ele><time>2025-09-22T03:40:52Z</time></rtept><rtept lat="43.763737" lon="-110.785099"><ele>2309.039759039964</ele><time>2025-09-22T03:40:52Z</time></rtept><rtept lat="43.763702" lon="-110.784908"><ele>2309.848431360028</ele><time>2025-09-22T03:40:52Z</time></rtept><rtept lat="43.763666" lon="-110.784608"><ele>2311.81039999997</ele><time>2025-09-22T03:40:52Z</time></rtept><rtept lat="43.763577" lon="-110.784401"><ele>2311.8820118400095</ele><time>2025-09-22T03:40:52Z</time></rtept><rtept lat="43.763558" lon="-110.784034"><ele>2311.6773657599756</ele><time>2025-09-22T03:40:52Z</time></rtept><rtept lat="43.76359" lon="-110.783828"><ele>2312.169222400002</ele><time>2025-09-22T03:40:52Z</time></rtept><rtept lat="43.763576" lon="-110.783617"><ele>2312.6076390399903</ele><time>2025-09-22T03:40:52Z</time></rtept><rtept lat="43.763644" lon="-110.783219"><ele>2313.995933439978</ele><time>2025-09-22T03:40:52Z</time></rtept><rtept lat="43.763579" lon="-110.783002"><ele>2312.2675999999724</ele><time>2025-09-22T03:40:52Z</time></rtept><rtept lat="43.763546" lon="-110.78284"><ele>2310.744799999929</ele><time>2025-09-22T03:40:52Z</time></rtept><rtept lat="43.763599" lon="-110.78254"><ele>2309.9758783999796</ele><time>2025-09-22T03:40:52Z</time></rtept><rtept lat="43.763517" lon="-110.782218"><ele>2309.6181004800073</ele><time>2025-09-22T03:40:52Z</time></rtept><rtept lat="43.763527" lon="-110.781848"><ele>2308.5804000000862</ele><time>2025-09-22T03:40:52Z</time></rtept><rtept lat="43.76354" lon="-110.781596"><ele>2306.9979263999035</ele><time>2025-09-22T03:40:52Z</time></rtept><rtept lat="43.763522" lon="-110.78123"><ele>2303.08459519999</ele><time>2025-09-22T03:40:52Z</time></rtept><rtept lat="43.76342" lon="-110.780816"><ele>2299.6029312000583</ele><time>2025-09-22T03:40:52Z</time></rtept><rtept lat="43.763348" lon="-110.780466"><ele>2299.5506227199944</ele><time>2025-09-22T03:40:52Z</time></rtept><rtept lat="43.763287" lon="-110.780014"><ele>2300.4148134399784</ele><time>2025-09-22T03:40:52Z</time></rtept><rtept lat="43.763278" lon="-110.779711"><ele>2299.06169536007</ele><time>2025-09-22T03:40:52Z</time></rtept><rtept lat="43.763347" lon="-110.779456"><ele>2297.4083065600016</ele><time>2025-09-22T03:40:52Z</time></rtept><rtept lat="43.763368" lon="-110.779228"><ele>2295.383644160033</ele><time>2025-09-22T03:40:52Z</time></rtept><rtept lat="43.763286" lon="-110.779043"><ele>2292.2576000000245</ele><time>2025-09-22T03:40:52Z</time></rtept><rtept lat="43.763228" lon="-110.778851"><ele>2289.6947999999975</ele><time>2025-09-22T03:40:52Z</time></rtept><rtept lat="43.763266" lon="-110.778649"><ele>2288.197200000043</ele><time>2025-09-22T03:40:52Z</time></rtept><rtept lat="43.763343" lon="-110.778308"><ele>2287.21882623995</ele><time>2025-09-22T03:40:52Z</time></rtept><rtept lat="43.763419" lon="-110.778006"><ele>2288.2887999999875</ele><time>2025-09-22T03:40:52Z</time></rtept><rtept lat="43.763436" lon="-110.777751"><ele>2287.885541119951</ele><time>2025-09-22T03:40:52Z</time></rtept><rtept lat="43.763445" lon="-110.777444"><ele>2287.5740863999285</ele><time>2025-09-22T03:40:52Z</time></rtept><rtept lat="43.76339" lon="-110.777368"><ele>2286.4178816000363</ele><time>2025-09-22T03:40:52Z</time></rtept><rtept lat="43.763365" lon="-110.777166"><ele>2285.9581472000127</ele><time>2025-09-22T03:40:52Z</time></rtept><rtept lat="43.763373" lon="-110.776888"><ele>2286.428000000051</ele><time>2025-09-22T03:40:52Z</time></rtept><rtept lat="43.763328" lon="-110.776615"><ele>2285.0551712000083</ele><time>2025-09-22T03:40:52Z</time></rtept><rtept lat="43.76332" lon="-110.776359"><ele>2286.2396704000153</ele><time>2025-09-22T03:40:52Z</time></rtept><rtept lat="43.763258" lon="-110.775899"><ele>2291.393041600062</ele><time>2025-09-22T03:40:52Z</time></rtept><rtept lat="43.763176" lon="-110.77518"><ele>2290.1782272000833</ele><time>2025-09-22T03:40:52Z</time></rtept><rtept lat="43.763217" lon="-110.774548"><ele>2286.0621286399496</ele><time>2025-09-22T03:40:52Z</time></rtept><rtept lat="43.763242" lon="-110.774242"><ele>2287.0847999999633</ele><time>2025-09-22T03:40:52Z</time></rtept><rtept lat="43.763128" lon="-110.773844"><ele>2285.0442547200473</ele><time>2025-09-22T03:40:52Z</time></rtept><rtept lat="43.763138" lon="-110.773621"><ele>2285.0881660799523</ele><time>2025-09-22T03:40:52Z</time></rtept><rtept lat="43.763104" lon="-110.773363"><ele>2283.3275999999732</ele><time>2025-09-22T03:40:52Z</time></rtept><rtept lat="43.763162" lon="-110.773174"><ele>2283.3153964800053</ele><time>2025-09-22T03:40:52Z</time></rtept><rtept lat="43.763129" lon="-110.772838"><ele>2281.7934780799883</ele><time>2025-09-22T03:40:52Z</time></rtept><rtept lat="43.763009" lon="-110.77274"><ele>2280.149987200001</ele><time>2025-09-22T03:40:52Z</time></rtept><rtept lat="43.762981" lon="-110.772571"><ele>2281.619993920001</ele><time>2025-09-22T03:40:52Z</time></rtept><rtept lat="43.76286" lon="-110.772407"><ele>2283.199504000002</ele><time>2025-09-22T03:40:52Z</time></rtept><rtept lat="43.762786" lon="-110.772151"><ele>2283.6387894400214</ele><time>2025-09-22T03:40:52Z</time></rtept><rtept lat="43.762725" lon="-110.77188"><ele>2284.6620000000485</ele><time>2025-09-22T03:40:52Z</time></rtept><rtept lat="43.76262" lon="-110.771524"><ele>2285.101324799988</ele><time>2025-09-22T03:40:52Z</time></rtept><rtept lat="43.76262" lon="-110.771172"><ele>2286.6447999999623</ele><time>2025-09-22T03:40:52Z</time></rtept><rtept lat="43.762594" lon="-110.770916"><ele>2287.152184320001</ele><time>2025-09-22T03:40:52Z</time></rtept><rtept lat="43.76258" lon="-110.770085"><ele>2286.6641279999935</ele><time>2025-09-22T03:40:52Z</time></rtept><rtept lat="43.762743" lon="-110.7695"><ele>2284.4747999999327</ele><time>2025-09-22T03:40:52Z</time></rtept><rtept lat="43.76295" lon="-110.76903"><ele>2283.619999999987</ele><time>2025-09-22T03:40:52Z</time></rtept><rtept lat="43.76331" lon="-110.768637"><ele>2283.254742399997</ele><time>2025-09-22T03:40:52Z</time></rtept><rtept lat="43.763478" lon="-110.7684"><ele>2283.323999999983</ele><time>2025-09-22T03:40:52Z</time></rtept><rtept lat="43.763517" lon="-110.768187"><ele>2281.547120159975</ele><time>2025-09-22T03:40:52Z</time></rtept><rtept lat="43.763497" lon="-110.768009"><ele>2279.298749920054</ele><time>2025-09-22T03:40:52Z</time></rtept><rtept lat="43.76345" lon="-110.767872"><ele>2277.475935999956</ele><time>2025-09-22T03:40:52Z</time></rtept><rtept lat="43.763453" lon="-110.767729"><ele>2277.56670303993</ele><time>2025-09-22T03:40:52Z</time></rtept><rtept lat="43.763378" lon="-110.767362"><ele>2280.8710854399733</ele><time>2025-09-22T03:40:52Z</time></rtept><rtept lat="43.763336" lon="-110.767083"><ele>2282.062411520058</ele><time>2025-09-22T03:40:52Z</time></rtept><rtept lat="43.763322" lon="-110.76689"><ele>2281.9680096000357</ele><time>2025-09-22T03:40:52Z</time></rtept><rtept lat="43.763289" lon="-110.766701"><ele>2281.6587796800113</ele><time>2025-09-22T03:40:52Z</time></rtept><rtept lat="43.763287" lon="-110.766399"><ele>2281.8263284799514</ele><time>2025-09-22T03:40:52Z</time></rtept><rtept lat="43.763422" lon="-110.765959"><ele>2286.2956182399244</ele><time>2025-09-22T03:40:52Z</time></rtept><rtept lat="43.763653" lon="-110.765519"><ele>2283.748773599878</ele><time>2025-09-22T03:40:52Z</time></rtept><rtept lat="43.763683" lon="-110.765372"><ele>2283.4465248000065</ele><time>2025-09-22T03:40:52Z</time></rtept><rtept lat="43.763697" lon="-110.765252"><ele>2282.7186937600272</ele><time>2025-09-22T03:40:52Z</time></rtept><rtept lat="43.763613" lon="-110.765039"><ele>2279.2074452799843</ele><time>2025-09-22T03:40:52Z</time></rtept><rtept lat="43.763552" lon="-110.764841"><ele>2277.303420159951</ele><time>2025-09-22T03:40:52Z</time></rtept><rtept lat="43.763536" lon="-110.76461"><ele>2276.994675200033</ele><time>2025-09-22T03:40:52Z</time></rtept><rtept lat="43.763533" lon="-110.764387"><ele>2276.8829521600574</ele><time>2025-09-22T03:40:52Z</time></rtept><rtept lat="43.763524" lon="-110.764077"><ele>2276.1183999999294</ele><time>2025-09-22T03:40:52Z</time></rtept><rtept lat="43.763552" lon="-110.763695"><ele>2278.1191999999496</ele><time>2025-09-22T03:40:52Z</time></rtept><rtept lat="43.763591" lon="-110.763624"><ele>2279.4728000000096</ele><time>2025-09-22T03:40:52Z</time></rtept><rtept lat="43.763614" lon="-110.763387"><ele>2283.3748092799196</ele><time>2025-09-22T03:40:52Z</time></rtept><rtept lat="43.7635" lon="-110.763182"><ele>2282.5792000000088</ele><time>2025-09-22T03:40:52Z</time></rtept><rtept lat="43.763426" lon="-110.763021"><ele>2282.29269984013</ele><time>2025-09-22T03:40:52Z</time></rtept><rtept lat="43.763354" lon="-110.762496"><ele>2278.8741145599774</ele><time>2025-09-22T03:40:52Z</time></rtept><rtept lat="43.763237" lon="-110.762072"><ele>2275.1002988799564</ele><time>2025-09-22T03:40:52Z</time></rtept><rtept lat="43.763211" lon="-110.761837"><ele>2275.2820532799806</ele><time>2025-09-22T03:40:52Z</time></rtept><rtept lat="43.76318" lon="-110.761531"><ele>2275.7919999999776</ele><time>2025-09-22T03:40:52Z</time></rtept><rtept lat="43.763291" lon="-110.761254"><ele>2275.7440217599433</ele><time>2025-09-22T03:40:52Z</time></rtept><rtept lat="43.763502" lon="-110.760941"><ele>2272.513849280102</ele><time>2025-09-22T03:40:52Z</time></rtept><rtept lat="43.763553" lon="-110.760647"><ele>2269.2222627200767</ele><time>2025-09-22T03:40:52Z</time></rtept><rtept lat="43.763611" lon="-110.760534"><ele>2268.921168959996</ele><time>2025-09-22T03:40:52Z</time></rtept><rtept lat="43.763712" lon="-110.760342"><ele>2273.372659199849</ele><time>2025-09-22T03:40:52Z</time></rtept><rtept lat="43.763763" lon="-110.760142"><ele>2274.3523241598864</ele><time>2025-09-22T03:40:52Z</time></rtept><rtept lat="43.763865" lon="-110.759883"><ele>2276.1517856001165</ele><time>2025-09-22T03:40:52Z</time></rtept><rtept lat="43.763884" lon="-110.75965"><ele>2273.158751999897</ele><time>2025-09-22T03:40:52Z</time></rtept><rtept lat="43.763874" lon="-110.759567"><ele>2272.1691033600555</ele><time>2025-09-22T03:40:52Z</time></rtept><rtept lat="43.763874" lon="-110.759567"><ele>2272.1691033600555</ele><time>2025-09-22T03:40:52Z</time></rtept><rtept lat="43.763872" lon="-110.759568"><ele>2272.158712320008</ele><time>2025-09-22T03:40:52Z</time></rtept><rtept lat="43.763868" lon="-110.759539"><ele>2271.8196038400597</ele><time>2025-09-22T03:40:52Z</time></rtept><rtept lat="43.76392" lon="-110.75938"><ele>2271.336063999941</ele><time>2025-09-22T03:40:52Z</time></rtept><rtept lat="43.764009" lon="-110.759341"><ele>2272.5778969600847</ele><time>2025-09-22T03:40:52Z</time></rtept><rtept lat="43.764057" lon="-110.759226"><ele>2271.9410828799896</ele><time>2025-09-22T03:40:52Z</time></rtept><rtept lat="43.764092" lon="-110.759088"><ele>2271.462399999986</ele><time>2025-09-22T03:40:52Z</time></rtept><rtept lat="43.764198" lon="-110.758966"><ele>2272.8020531200104</ele><time>2025-09-22T03:40:52Z</time></rtept><rtept lat="43.764297" lon="-110.75879"><ele>2273.7691296000335</ele><time>2025-09-22T03:40:52Z</time></rtept><rtept lat="43.764337" lon="-110.75867"><ele>2273.1367967999054</ele><time>2025-09-22T03:40:52Z</time></rtept><rtept lat="43.764406" lon="-110.758457"><ele>2270.6724000001423</ele><time>2025-09-22T03:40:52Z</time></rtept><rtept lat="43.764514" lon="-110.758207"><ele>2268.3189180799536</ele><time>2025-09-22T03:40:52Z</time></rtept><rtept lat="43.764605" lon="-110.758004"><ele>2266.990169600037</ele><time>2025-09-22T03:40:52Z</time></rtept><rtept lat="43.76475" lon="-110.757789"><ele>2266.1252400000276</ele><time>2025-09-22T03:40:52Z</time></rtept><rtept lat="43.764886" lon="-110.757591"><ele>2262.121058880126</ele><time>2025-09-22T03:40:52Z</time></rtept><rtept lat="43.765031" lon="-110.757376"><ele>2255.651999999819</ele><time>2025-09-22T03:40:52Z</time></rtept><rtept lat="43.765154" lon="-110.756999"><ele>2247.287199999874</ele><time>2025-09-22T03:40:52Z</time></rtept><rtept lat="43.765136" lon="-110.756821"><ele>2243.7664435200318</ele><time>2025-09-22T03:40:52Z</time></rtept><rtept lat="43.765425" lon="-110.756272"><ele>2241.006175999983</ele><time>2025-09-22T03:40:52Z</time></rtept><rtept lat="43.765571" lon="-110.755808"><ele>2240.090529280036</ele><time>2025-09-22T03:40:52Z</time></rtept><rtept lat="43.765615" lon="-110.755719"><ele>2240.1587175999407</ele><time>2025-09-22T03:40:52Z</time></rtept><rtept lat="43.765688" lon="-110.755638"><ele>2240.6423142400004</ele><time>2025-09-22T03:40:52Z</time></rtept><rtept lat="43.765826" lon="-110.755512"><ele>2241.4281395199155</ele><time>2025-09-22T03:40:52Z</time></rtept><rtept lat="43.765898" lon="-110.755444"><ele>2241.772215039963</ele><time>2025-09-22T03:40:52Z</time></rtept><rtept lat="43.766219" lon="-110.755354"><ele>2243.8669769599396</ele><time>2025-09-22T03:40:52Z</time></rtept><rtept lat="43.766609" lon="-110.755167"><ele>2239.099990879991</ele><time>2025-09-22T03:40:52Z</time></rtept><rtept lat="43.766829" lon="-110.754939"><ele>2234.8747999999155</ele><time>2025-09-22T03:40:52Z</time></rtept><rtept lat="43.766928" lon="-110.754771"><ele>2233.5248000000756</ele><time>2025-09-22T03:40:52Z</time></rtept><rtept lat="43.766961" lon="-110.754685"><ele>2233.5284136000637</ele><time>2025-09-22T03:40:52Z</time></rtept><rtept lat="43.766961" lon="-110.754685"><ele>2233.5284136000637</ele><time>2025-09-22T03:40:52Z</time></rtept><rtept lat="43.76696" lon="-110.75468"><ele>2233.4954879999145</ele><time>2025-09-22T03:40:52Z</time></rtept><rtept lat="43.767001" lon="-110.754573"><ele>2234.7230260800093</ele><time>2025-09-22T03:40:52Z</time></rtept><rtept lat="43.7671" lon="-110.754411"><ele>2237.345151999997</ele><time>2025-09-22T03:40:52Z</time></rtept><rtept lat="43.76714" lon="-110.754278"><ele>2237.7883263999393</ele><time>2025-09-22T03:40:52Z</time></rtept><rtept lat="43.767055" lon="-110.754158"><ele>2235.3755823999873</ele><time>2025-09-22T03:40:52Z</time></rtept><rtept lat="43.767108" lon="-110.753991"><ele>2236.1604428800056</ele><time>2025-09-22T03:40:52Z</time></rtept><rtept lat="43.767199" lon="-110.753916"><ele>2237.671440639976</ele><time>2025-09-22T03:40:52Z</time></rtept><rtept lat="43.76725" lon="-110.753216"><ele>2229.2905599998826</ele><time>2025-09-22T03:40:52Z</time></rtept><rtept lat="43.767304" lon="-110.752936"><ele>2227.788180480073</ele><time>2025-09-22T03:40:52Z</time></rtept><rtept lat="43.767379" lon="-110.752596"><ele>2227.6931999999815</ele><time>2025-09-22T03:40:52Z</time></rtept><rtept lat="43.767389" lon="-110.752109"><ele>2227.3936000000317</ele><time>2025-09-22T03:40:52Z</time></rtept><rtept lat="43.767448" lon="-110.751893"><ele>2227.0679999999857</ele><time>2025-09-22T03:40:52Z</time></rtept><rtept lat="43.767376" lon="-110.751756"><ele>2225.303999999989</ele><time>2025-09-22T03:40:52Z</time></rtept><rtept lat="43.767326" lon="-110.751576"><ele>2223.7943999999684</ele><time>2025-09-22T03:40:52Z</time></rtept><rtept lat="43.767365" lon="-110.751375"><ele>2223.5905999999936</ele><time>2025-09-22T03:40:52Z</time></rtept><rtept lat="43.767331" lon="-110.751094"><ele>2224.50403232003</ele><time>2025-09-22T03:40:52Z</time></rtept><rtept lat="43.767294" lon="-110.750834"><ele>2226.4778604800217</ele><time>2025-09-22T03:40:52Z</time></rtept><rtept lat="43.767309" lon="-110.750732"><ele>2226.7629094400313</ele><time>2025-09-22T03:40:52Z</time></rtept><rtept lat="43.767371" lon="-110.750465"><ele>2225.3440000001106</ele><time>2025-09-22T03:40:52Z</time></rtept><rtept lat="43.767313" lon="-110.750304"><ele>2224.649199999972</ele><time>2025-09-22T03:40:52Z</time></rtept><rtept lat="43.767257" lon="-110.750051"><ele>2222.822586719975</ele><time>2025-09-22T03:40:52Z</time></rtept><rtept lat="43.767246" lon="-110.749954"><ele>2221.658400000042</ele><time>2025-09-22T03:40:52Z</time></rtept><rtept lat="43.767249" lon="-110.749916"><ele>2220.909599999989</ele><time>2025-09-22T03:40:52Z</time></rtept><rtept lat="43.767249" lon="-110.749916"><ele>2220.909599999989</ele><time>2025-09-22T03:40:52Z</time></rtept><rtept lat="43.767252" lon="-110.74992"><ele>2220.916800000074</ele><time>2025-09-22T03:40:52Z</time></rtept><rtept lat="43.767263" lon="-110.749745"><ele>2217.529200000081</ele><time>2025-09-22T03:40:52Z</time></rtept><rtept lat="43.767233" lon="-110.74948"><ele>2212.602867200156</ele><time>2025-09-22T03:40:52Z</time></rtept><rtept lat="43.767166" lon="-110.749313"><ele>2207.6265270401004</ele><time>2025-09-22T03:40:52Z</time></rtept><rtept lat="43.76718" lon="-110.749296"><ele>2207.6692864001084</ele><time>2025-09-22T03:40:52Z</time></rtept><rtept lat="43.767192" lon="-110.749231"><ele>2206.6612057599245</ele><time>2025-09-22T03:40:52Z</time></rtept><rtept lat="43.767219" lon="-110.749189"><ele>2206.4100020799647</ele><time>2025-09-22T03:40:52Z</time></rtept><rtept lat="43.767284" lon="-110.748997"><ele>2206.0</ele><time>2025-09-22T03:40:52Z</time></rtept><rtept lat="43.767393" lon="-110.748729"><ele>2205.2026788799835</ele><time>2025-09-22T03:40:52Z</time></rtept><rtept lat="43.767397" lon="-110.748625"><ele>2204.697740000029</ele><time>2025-09-22T03:40:52Z</time></rtept><rtept lat="43.767366" lon="-110.748489"><ele>2201.880000000148</ele><time>2025-09-22T03:40:52Z</time></rtept><rtept lat="43.767366" lon="-110.748489"><ele>2201.880000000148</ele><time>2025-09-22T03:40:52Z</time></rtept><rtept lat="43.767345" lon="-110.748437"><ele>2200.6811999999004</ele><time>2025-09-22T03:40:52Z</time></rtept><rtept lat="43.767344" lon="-110.748432"><ele>2200.569599999875</ele><time>2025-09-22T03:40:52Z</time></rtept><rtept lat="43.767321" lon="-110.748373"><ele>2199.2124000000276</ele><time>2025-09-22T03:40:52Z</time></rtept><rtept lat="43.767181" lon="-110.748433"><ele>2198.6688000001495</ele><time>2025-09-22T03:40:52Z</time></rtept><rtept lat="43.767069" lon="-110.748403"><ele>2193.988799999892</ele><time>2025-09-22T03:40:52Z</time></rtept><rtept lat="43.767069" lon="-110.748403"><ele>2193.988799999892</ele><time>2025-09-22T03:40:52Z</time></rtept><rtept lat="43.767068" lon="-110.748408"><ele>2194.060800000017</ele><time>2025-09-22T03:40:52Z</time></rtept><rtept lat="43.767006" lon="-110.74826"><ele>2186.901004800167</ele><time>2025-09-22T03:40:52Z</time></rtept><rtept lat="43.76693" lon="-110.748258"><ele>2183.684707200438</ele><time>2025-09-22T03:40:52Z</time></rtept><rtept lat="43.766856" lon="-110.74835"><ele>2183.2847039998787</ele><time>2025-09-22T03:40:52Z</time></rtept><rtept lat="43.766808" lon="-110.748517"><ele>2184.4327814400194</ele><time>2025-09-22T03:40:52Z</time></rtept><rtept lat="43.76677" lon="-110.748721"><ele>2186.5121104001123</ele><time>2025-09-22T03:40:52Z</time></rtept><rtept lat="43.766796" lon="-110.748888"><ele>2190.5724697598694</ele><time>2025-09-22T03:40:52Z</time></rtept><rtept lat="43.766757" lon="-110.748989"><ele>2190.7131937598347</ele><time>2025-09-22T03:40:52Z</time></rtept><rtept lat="43.76674" lon="-110.749092"><ele>2191.976089600037</ele><time>2025-09-22T03:40:52Z</time></rtept><rtept lat="43.766713" lon="-110.749197"><ele>2192.9197854400268</ele><time>2025-09-22T03:40:52Z</time></rtept><rtept lat="43.766694" lon="-110.749356"><ele>2194.544930560116</ele><time>2025-09-22T03:40:52Z</time></rtept><rtept lat="43.766648" lon="-110.74944"><ele>2194.128524800256</ele><time>2025-09-22T03:40:52Z</time></rtept><rtept lat="43.766629" lon="-110.7494"><ele>2192.711103999992</ele><time>2025-09-22T03:40:52Z</time></rtept><rtept lat="43.766629" lon="-110.7494"><ele>2192.711103999992</ele><time>2025-09-22T03:40:52Z</time></rtept><rtept lat="43.766632" lon="-110.7494"><ele>2192.8424319999754</ele><time>2025-09-22T03:40:52Z</time></rtept><rtept lat="43.76662" lon="-110.749377"><ele>2191.9720096000706</ele><time>2025-09-22T03:40:52Z</time></rtept><rtept lat="43.766599" lon="-110.748975"><ele>2183.861284</ele><time>2025-09-22T03:40:52Z</time></rtept><rtept lat="43.766533" lon="-110.74889"><ele>2179.247675200171</ele><time>2025-09-22T03:40:52Z</time></rtept><rtept lat="43.76647" lon="-110.748889"><ele>2176.506116800027</ele><time>2025-09-22T03:40:52Z</time></rtept><rtept lat="43.766393" lon="-110.74906"><ele>2176.2667168000344</ele><time>2025-09-22T03:40:52Z</time></rtept><rtept lat="43.766316" lon="-110.74912"><ele>2173.530483200252</ele><time>2025-09-22T03:40:52Z</time></rtept><rtept lat="43.766286" lon="-110.749174"><ele>2172.9366214399884</ele><time>2025-09-22T03:40:52Z</time></rtept><rtept lat="43.766249" lon="-110.749275"><ele>2172.7031960000604</ele><time>2025-09-22T03:40:52Z</time></rtept><rtept lat="43.766247" lon="-110.749459"><ele>2175.5476000000167</ele><time>2025-09-22T03:40:52Z</time></rtept><rtept lat="43.766221" lon="-110.749555"><ele>2175.5260000000985</ele><time>2025-09-22T03:40:52Z</time></rtept><rtept lat="43.766132" lon="-110.749658"><ele>2172.203199999893</ele><time>2025-09-22T03:40:52Z</time></rtept><rtept lat="43.76607" lon="-110.749823"><ele>2171.634611200065</ele><time>2025-09-22T03:40:52Z</time></rtept><rtept lat="43.766055" lon="-110.749795"><ele>2170.376152000175</ele><time>2025-09-22T03:40:52Z</time></rtept><rtept lat="43.766034" lon="-110.74962"><ele>2166.6415999997807</ele><time>2025-09-22T03:40:52Z</time></rtept><rtept lat="43.765957" lon="-110.749545"><ele>2161.680799999981</ele><time>2025-09-22T03:40:52Z</time></rtept><rtept lat="43.765887" lon="-110.749438"><ele>2156.6494355199457</ele><time>2025-09-22T03:40:52Z</time></rtept><rtept lat="43.765843" lon="-110.749292"><ele>2153.3514035198236</ele><time>2025-09-22T03:40:52Z</time></rtept><rtept lat="43.765842" lon="-110.749038"><ele>2150.521599999948</ele><time>2025-09-22T03:40:52Z</time></rtept><rtept lat="43.765901" lon="-110.748848"><ele>2150.1513420798874</ele><time>2025-09-22T03:40:52Z</time></rtept><rtept lat="43.765885" lon="-110.748714"><ele>2146.966894400014</ele><time>2025-09-22T03:40:52Z</time></rtept><rtept lat="43.7658" lon="-110.748628"><ele>2142.4567039999074</ele><time>2025-09-22T03:40:52Z</time></rtept><rtept lat="43.765744" lon="-110.748685"><ele>2141.9932543998566</ele><time>2025-09-22T03:40:52Z</time></rtept><rtept lat="43.765718" lon="-110.748796"><ele>2143.1452428799685</ele><time>2025-09-22T03:40:52Z</time></rtept><rtept lat="43.765641" lon="-110.748889"><ele>2142.4618460801175</ele><time>2025-09-22T03:40:52Z</time></rtept><rtept lat="43.765552" lon="-110.748989"><ele>2140.655760639955</ele><time>2025-09-22T03:40:52Z</time></rtept><rtept lat="43.765534" lon="-110.749085"><ele>2140.9372432000127</ele><time>2025-09-22T03:40:52Z</time></rtept><rtept lat="43.765483" lon="-110.749223"><ele>2140.3744000000856</ele><time>2025-09-22T03:40:52Z</time></rtept><rtept lat="43.76548" lon="-110.749403"><ele>2140.946799999918</ele><time>2025-09-22T03:40:52Z</time></rtept><rtept lat="43.765494" lon="-110.749642"><ele>2141.4487999999183</ele><time>2025-09-22T03:40:52Z</time></rtept><rtept lat="43.765498" lon="-110.749807"><ele>2141.970287680047</ele><time>2025-09-22T03:40:52Z</time></rtept><rtept lat="43.765512" lon="-110.750003"><ele>2143.451906560083</ele><time>2025-09-22T03:40:52Z</time></rtept><rtept lat="43.76539" lon="-110.750214"><ele>2140.1216415998615</ele><time>2025-09-22T03:40:52Z</time></rtept><rtept lat="43.765334" lon="-110.750222"><ele>2137.9849580800824</ele><time>2025-09-22T03:40:52Z</time></rtept><rtept lat="43.765279" lon="-110.750241"><ele>2135.915417439993</ele><time>2025-09-22T03:40:52Z</time></rtept><rtept lat="43.765254" lon="-110.750244"><ele>2135.611191039967</ele><time>2025-09-22T03:40:52Z</time></rtept><rtept lat="43.765229" lon="-110.750246"><ele>2135.338711359995</ele><time>2025-09-22T03:40:52Z</time></rtept><rtept lat="43.765216" lon="-110.750249"><ele>2135.2061593600115</ele><time>2025-09-22T03:40:52Z</time></rtept><rtept lat="43.765089" lon="-110.750246"><ele>2133.769053760061</ele><time>2025-09-22T03:40:52Z</time></rtept><rtept lat="43.764998" lon="-110.750273"><ele>2133.002343040078</ele><time>2025-09-22T03:40:52Z</time></rtept><rtept lat="43.764901" lon="-110.750098"><ele>2134.8715724799436</ele><time>2025-09-22T03:40:52Z</time></rtept><rtept lat="43.764857" lon="-110.749951"><ele>2137.62516784011</ele><time>2025-09-22T03:40:52Z</time></rtept><rtept lat="43.764857" lon="-110.749951"><ele>2137.62516784011</ele><time>2025-09-22T03:40:52Z</time></rtept><rtept lat="43.764832" lon="-110.74988"><ele>2139.892979199969</ele><time>2025-09-22T03:40:52Z</time></rtept><rtept lat="43.764832" lon="-110.74988"><ele>2139.892979199969</ele><time>2025-09-22T03:40:52Z</time></rtept><rtept lat="43.764793" lon="-110.749768"><ele>2143.1764268800266</ele><time>2025-09-22T03:40:52Z</time></rtept><rtept lat="43.764704" lon="-110.749585"><ele>2146.8883871999733</ele><time>2025-09-22T03:40:52Z</time></rtept><rtept lat="43.764728" lon="-110.74942"><ele>2146.707660800071</ele><time>2025-09-22T03:40:52Z</time></rtept><rtept lat="43.764744" lon="-110.74936"><ele>2145.9596671999757</ele><time>2025-09-22T03:40:52Z</time></rtept><rtept lat="43.764885" lon="-110.749047"><ele>2141.3120000000126</ele><time>2025-09-22T03:40:52Z</time></rtept><rtept lat="43.764964" lon="-110.749077"><ele>2139.036800000027</ele><time>2025-09-22T03:40:52Z</time></rtept><rtept lat="43.765042" lon="-110.749086"><ele>2137.5903084799866</ele><time>2025-09-22T03:40:52Z</time></rtept><rtept lat="43.76514" lon="-110.749005"><ele>2136.781327999985</ele><time>2025-09-22T03:40:52Z</time></rtept><rtept lat="43.765268" lon="-110.748917"><ele>2135.972762239988</ele><time>2025-09-22T03:40:52Z</time></rtept><rtept lat="43.765353" lon="-110.748715"><ele>2135.4921584000144</ele><time>2025-09-22T03:40:52Z</time></rtept><rtept lat="43.765337" lon="-110.748517"><ele>2133.2655356800947</ele><time>2025-09-22T03:40:52Z</time></rtept><rtept lat="43.765443" lon="-110.748302"><ele>2130.481706559924</ele><time>2025-09-22T03:40:52Z</time></rtept><rtept lat="43.765528" lon="-110.748098"><ele>2126.848042239969</ele><time>2025-09-22T03:40:52Z</time></rtept><rtept lat="43.7657" lon="-110.747879"><ele>2123.9104639999605</ele><time>2025-09-22T03:40:52Z</time></rtept><rtept lat="43.765792" lon="-110.747666"><ele>2119.1541542398845</ele><time>2025-09-22T03:40:52Z</time></rtept><rtept lat="43.765894" lon="-110.747659"><ele>2120.0370364800156</ele><time>2025-09-22T03:40:52Z</time></rtept><rtept lat="43.76597" lon="-110.747533"><ele>2117.4829488001646</ele><time>2025-09-22T03:40:52Z</time></rtept><rtept lat="43.765974" lon="-110.747296"><ele>2112.837799680103</ele><time>2025-09-22T03:40:52Z</time></rtept><rtept lat="43.765974" lon="-110.747296"><ele>2112.837799680103</ele><time>2025-09-22T03:40:52Z</time></rtept><rtept lat="43.765974" lon="-110.747296"><ele>2112.837799680103</ele><time>2025-09-22T03:40:52Z</time></rtept><rtept lat="43.765972" lon="-110.747296"><ele>2112.8267750400914</ele><time>2025-09-22T03:40:52Z</time></rtept><rtept lat="43.766066" lon="-110.747239"><ele>2112.1803820798723</ele><time>2025-09-22T03:40:52Z</time></rtept><rtept lat="43.766134" lon="-110.74714"><ele>2111.5820096000384</ele><time>2025-09-22T03:40:52Z</time></rtept><rtept lat="43.766114" lon="-110.746953"><ele>2109.144720320085</ele><time>2025-09-22T03:40:52Z</time></rtept><rtept lat="43.766124" lon="-110.746738"><ele>2107.0023999998893</ele><time>2025-09-22T03:40:52Z</time></rtept><rtept lat="43.766195" lon="-110.746423"><ele>2105.2257711999728</ele><time>2025-09-22T03:40:52Z</time></rtept><rtept lat="43.76626" lon="-110.746294"><ele>2104.4246976001054</ele><time>2025-09-22T03:40:52Z</time></rtept><rtept lat="43.766337" lon="-110.746207"><ele>2104.3528833599808</ele><time>2025-09-22T03:40:52Z</time></rtept><rtept lat="43.766471" lon="-110.746127"><ele>2104.467200000024</ele><time>2025-09-22T03:40:52Z</time></rtept><rtept lat="43.766531" lon="-110.746069"><ele>2103.7536000001032</ele><time>2025-09-22T03:40:52Z</time></rtept><rtept lat="43.766567" lon="-110.745929"><ele>2101.363200000076</ele><time>2025-09-22T03:40:52Z</time></rtept><rtept lat="43.766573" lon="-110.745763"><ele>2098.732441919961</ele><time>2025-09-22T03:40:52Z</time></rtept><rtept lat="43.766574" lon="-110.745614"><ele>2096.7707788800303</ele><time>2025-09-22T03:40:52Z</time></rtept><rtept lat="43.766575" lon="-110.745516"><ele>2095.7721920000013</ele><time>2025-09-22T03:40:52Z</time></rtept><rtept lat="43.766561" lon="-110.745406"><ele>2094.9868073600414</ele><time>2025-09-22T03:40:52Z</time></rtept><rtept lat="43.766503" lon="-110.745285"><ele>2093.8582807999783</ele><time>2025-09-22T03:40:52Z</time></rtept><rtept lat="43.766488" lon="-110.745262"><ele>2093.6730675200088</ele><time>2025-09-22T03:40:52Z</time></rtept><rtept lat="43.766488" lon="-110.745262"><ele>2093.6730675200088</ele><time>2025-09-22T03:40:52Z</time></rtept><rtept lat="43.766488" lon="-110.745264"><ele>2093.6782054400323</ele><time>2025-09-22T03:40:52Z</time></rtept><rtept lat="43.766445" lon="-110.745199"><ele>2093.289425599986</ele><time>2025-09-22T03:40:52Z</time></rtept><rtept lat="43.766411" lon="-110.745105"><ele>2093.0601775999917</ele><time>2025-09-22T03:40:52Z</time></rtept><rtept lat="43.766466" lon="-110.745015"><ele>2093.029980799991</ele><time>2025-09-22T03:40:52Z</time></rtept><rtept lat="43.766521" lon="-110.744922"><ele>2092.171303040032</ele><time>2025-09-22T03:40:52Z</time></rtept><rtept lat="43.766572" lon="-110.744798"><ele>2090.5868595200536</ele><time>2025-09-22T03:40:52Z</time></rtept><rtept lat="43.766756" lon="-110.744384"><ele>2083.990819839947</ele><time>2025-09-22T03:40:52Z</time></rtept><rtept lat="43.766866" lon="-110.744345"><ele>2081.7986991999373</ele><time>2025-09-22T03:40:52Z</time></rtept></rte></gpx>